,CG11208,sna,Btk29A,Antp,brk,noc,CG43394,apt,MESR3,nub
,Doc2,tkv,danr,lok,disco,Cyp310a1,dan,Kr,kni,Ance
,Ilp4,bmm,oc,CG8147,tll,Mes2,htl,aay,rho,Dfd
,cnc,NetA,Ama,twi,edl,prd,tsh,CG10479,fkh,Doc3
1,920,882,884,883,921,65,223,161,754,679
2,857,859,1392,1431,1468,822,784,1049,823,1390
3,1021,1059,1024,1058,1022,1061,1062,1368,1402,1329
4,84,124,122,85,87,118,119,83,162,121
5,1406,1401,1481,1405,1444,1368,1363,1440,1059,1325
6,1058,1364,1026,1329,1327,1363,1059,1326,1366,1021
7,221,264,300,187,299,189,304,262,223,226
8,73,76,112,114,74,37,109,71,150,38
9,1180,1218,1256,1183,1181,1219,1220,1217,1255,1369
10,264,304,266,298,223,303,2935,265,340,262
11,1023,1021,1022,1058,983,987,1026,985,1059,1096
12,1124,1160,1122,1090,1123,1127,2977,1089,1088,1085
13,1118,1112,1156,1115,3007,1111,1152,1116,1188,1113
14,2678,2761,2676,2639,2762,2719,2798,2721,2720,2759
15,187,226,304,264,189,300,262,227,265,266
16,2953,2867,2815,2854,2907,2857,2855,2775,3036,2925
17,1253,1330,2943,3038,1212,1216,1177,1254,1215,1292
18,1255,1371,1181,1408,1369,1183,1370,1560,3039,1294
19,1094,3025,1058,1054,1399,1095,1017,1096,1319,1059
20,156,193,229,191,194,192,155,79,230,154
21,1145,1106,1107,1182,1259,1298,1146,1144,1335,1109
22,984,1326,1363,985,1022,1021,1288,1706,1289,3038
23,1558,1634,1672,1709,1633,1671,2087,2128,2125,2166
24,1330,1253,1212,1368,1173,1177,1291,2943,949,645
25,37,74,73,114,38,112,107,109,32,72
26,447,485,484,523,486,524,446,409,483,443
27,209,211,210,277,246,173,172,245,171,248
28,1060,1363,1023,1059,1021,1366,1024,985,1404,1365
29,2678,2639,2641,2637,2759,2761,2720,2760,2721,2681
30,1111,1188,1151,3007,1109,1150,1228,1149,1225,1115
31,2446,2447,2484,2295,2524,2406,2522,2412,2954,2407
32,2792,2755,2751,2752,2753,2707,2749,2750,2711,2714
33,1094,1058,3025,1057,981,1020,945,1095,1019,906
34,1146,1145,1111,1184,1298,1112,3007,1106,1185,1109
35,418,494,532,454,456,414,415,453,493,530
36,386,387,350,317,347,351,384,385,349,319
37,418,494,454,456,532,455,417,453,530,490
38,1405,1330,1403,1365,1406,1367,1292,1214,1178,1326
39,722,683,719,984,987,645,1060,681,988,1253
40,2549,2509,2550,2547,2511,2433,2548,2512,2589,2510
41,793,794,832,831,755,795,644,682,642,756
42,279,200,270,173,243,281,278,245,213,191
43,3038,987,1253,946,2943,1404,984,1291,1212,947
44,837,876,799,877,800,838,840,914,878,839
45,1145,1222,1183,1184,1221,1107,1259,1182,1185,1262
46,1094,1062,1058,1059,986,1021,1365,3025,1024,1054
47,1054,1090,1166,1091,1128,1085,1049,1093,1127,1167
48,1125,1054,1128,1087,1123,1090,1124,824,1088,1127
49,2264,2265,2303,1655,1736,2266,2340,2342,1617,1695
50,1151,1227,1150,1188,1226,1149,1155,1189,2992,1152
51,2806,2804,2842,2844,2811,2848,2843,2807,2805,2847
52,74,37,114,266,73,112,107,38,72,109
53,844,1156,1081,806,809,808,1155,662,807,1075
54,278,207,281,171,279,173,280,200,243,245
55,1972,3027,2011,1935,2124,2088,2087,2086,1974,3030
56,2402,2553,2716,2326,2287,2515,2364,2638,2365,2288
57,1189,1156,1152,1227,1151,1113,1188,1190,1150,1415
58,2466,2470,2086,2428,2355,2127,2125,2165,2390,2956
59,1070,1031,1567,1491,1145,1146,1071,1528,1644,1029
60,172,212,211,173,209,280,208,171,207,279
61,793,755,758,722,794,795,832,720,796,683
62,877,837,840,878,838,875,876,801,799,839
63,139,140,218,177,141,256,178,252,179,217
64,2183,1533,1572,1576,2256,1649,1648,1609,2258,2182
65,392,426,314,352,428,388,354,315,463,427
66,2969,2882,2843,2765,2881,2764,2845,2848,2807,2847
67,2255,2179,2177,2215,2256,2254,2216,2972,2333,2141
68,2590,2635,2627,2552,2551,2663,2591,2662,2625,2665
69,1062,1026,988,986,1251,1330,1024,1252,1102,1368
70,3002,2689,2575,2726,2574,2614,2613,2652,2724,2691
71,418,304,683,2935,413,416,379,722,378,454
72,1481,1443,1479,1406,1363,1405,1059,1021,1476,1402
73,277,173,210,133,211,172,252,175,214,212
74,1085,1054,1090,1166,1092,1357,1091,1123,1017,1047
75,950,949,948,1672,1671,911,797,1558,1481,1634
76,2557,2641,2518,2596,2559,2939,2477,2556,2597,2595
77,644,642,3016,682,607,870,832,873,569,2938
78,1107,1109,1103,1147,1104,1067,1065,1105,1180,1069
79,1633,2052,2008,2996,1708,1672,2956,2088,1667,2127
80,2881,2838,2676,2878,2882,2845,2875,2836,2674,2876
81,1151,1453,1155,1421,1454,1188,1152,1117,1113,1156
82,2488,2418,2523,2530,2492,2493,2528,2527,2407,2522
83,885,922,886,998,924,997,1112,959,923,883
84,195,156,193,269,270,230,154,233,153,309
85,1025,1026,3038,1405,1402,1292,1406,1330,988,1024
86,1151,1227,1184,2977,1149,1225,1188,1156,1186,1150
87,2333,2332,2372,2255,2366,2409,2254,2027,2331,2180
88,1255,1523,1561,1105,1560,1029,1371,1295,1526,1145
89,212,244,172,207,173,175,208,279,176,171
90,1061,1023,1289,1022,1062,1026,1329,1024,1328,986
91,87,46,88,89,85,86,128,83,124,91
92,226,190,189,187,304,264,224,151,3013,266
93,1179,1255,1219,1141,1295,1369,1217,1180,1105,1447
94,1558,950,1634,1672,2087,948,1671,2124,912,2125
95,2124,2087,1634,1671,1672,1558,1633,2086,1631,1744
96,2446,2676,2559,2637,2530,2568,2678,2759,2522,2560
97,1558,1633,1709,1671,1672,1634,2956,2166,1974,1481
98,2939,2599,2639,2641,2597,2601,2557,2636,2678,2596
99,2255,2369,2972,2293,2176,2292,2179,2409,2253,2215
100,1481,1633,1405,1634,1406,2956,1480,1330,1671,1443
101,2423,2537,2500,2498,2461,2424,2536,2463,2538,2383
102,950,3038,988,911,949,1026,948,873,684,871
103,1330,1024,988,1292,1026,1025,1253,1367,1064,1102
104,2086,2124,2048,2950,2010,1668,2087,2088,1633,2049
105,149,304,264,2957,224,112,266,150,303,226
106,1184,1145,1183,1147,1146,1109,1151,1186,1222,1156
107,137,95,136,63,97,96,128,132,93,98
108,1672,2088,1633,1558,2956,1898,1634,1671,1709,1708
109,1179,1105,1103,1255,1141,1144,1065,1104,1142,1293
110,1633,1634,1822,1672,2956,1709,1671,1520,2394,2393
111,1152,1151,1114,1113,1112,1189,1077,1228,1150,1190
112,952,913,914,875,990,954,951,915,877,1218
113,1216,1178,1175,1177,1330,1140,3014,1214,1405,1212
114,277,210,173,211,175,214,252,172,212,213
115,2304,2081,2305,2266,2422,1737,2298,2221,2423,2038
116,1134,1096,1019,1058,1095,1057,1059,2963,1133,1172
117,1094,1059,1057,1058,2977,1118,1095,1132,1096,1097
118,2557,2637,2556,2590,2939,2595,2596,2678,2597,2632
119,1156,1122,1157,1118,1160,2977,1120,1158,1117,1124
120,1028,1066,1067,1029,1030,1065,1027,989,1105,1104
121,1125,1124,1160,1085,1123,1166,1127,1159,1091,1049
122,832,760,722,759,682,797,1480,798,2125,2087
123,1298,3007,1118,2975,1376,1490,1338,1156,1358,1362
124,1255,1141,1217,1218,1369,1180,1219,1257,1179,1447
125,1156,1158,1160,1116,1118,1159,1121,1120,1117,1122
126,84,124,122,198,125,85,93,136,126,196
127,1634,1558,1633,1672,1709,1671,2956,2996,1670,1748
128,683,645,684,646,722,719,643,2938,682,3016
129,1179,1182,1298,1185,1183,1149,1335,1260,1145,1109
130,1156,1115,1152,1116,1157,1158,1112,1155,1114,1194
131,1113,2949,1341,1151,1112,1150,1226,1188,1111,3007
132,114,76,37,112,73,74,2933,110,190,71
133,1085,1124,1125,1123,1391,1087,1126,1086,1127,2949
134,873,912,908,946,871,874,2692,2654,2655,2617
135,263,266,303,304,225,264,265,342,302,418
136,1062,1024,1292,1330,3038,1061,986,1060,1367,1026
137,2166,2128,2432,1672,2086,2202,2470,2127,2239,2241
138,2433,2549,2547,2548,2550,2588,2513,2551,2509,2471
139,684,722,683,646,719,2938,645,643,682,2088
140,2492,2530,2409,2458,2408,2382,2421,2369,2368,2493
141,1558,1633,1634,2956,1672,1557,1708,2280,1709,1671
142,1116,1119,1120,1125,1160,1158,1159,1122,1121,1085
143,769,700,808,735,810,771,809,848,807,806
144,1245,2977,1090,2967,1205,1357,1053,1319,1242,1128
145,1634,2280,1822,1633,1672,1709,2166,1824,2163,2241
146,3016,644,646,607,642,684,608,645,569,682
147,1453,1118,1152,1379,1151,1156,1114,1117,1416,1150
148,2761,2678,2798,2762,2639,2763,2797,2676,2759,2723
149,2422,2081,2498,2384,2568,2488,2526,2528,2530,2423
150,1330,1368,1292,1140,1102,1139,1291,1406,1367,1405
151,114,73,76,75,37,74,112,38,150,113
152,1633,1444,1480,2087,1709,1519,1824,1747,3001,1481
153,682,2938,680,719,644,645,643,793,832,683
154,769,848,807,809,847,771,845,888,885,883
155,1049,1127,1162,1161,1160,1199,1159,1392,1088,1086
156,1672,1558,1633,1668,1709,2163,1634,2355,2950,2956
157,1102,1368,1330,1292,1140,1139,1406,1024,1178,1405
158,683,684,644,722,645,2938,646,607,3016,608
159,1062,1330,1026,1367,1024,1292,1365,1251,1405,3038
160,883,924,886,809,810,846,847,923,887,922
161,1633,987,1479,1672,985,1668,2956,988,1631,1404
162,2949,1341,1301,1303,3007,1116,1343,1149,1150,1300
163,984,1059,1022,1289,1325,1363,985,1058,1212,1021
164,3038,1292,1212,1213,1329,1251,1250,1064,1025,1026
165,1633,1558,1671,1672,2956,2996,1634,1708,1709,1710
166,208,170,134,133,175,239,177,173,207,244
167,646,644,3016,682,303,684,643,607,569,683
168,1067,1105,1028,1066,1029,1065,991,1104,1447,1068
169,497,423,458,459,457,498,499,3024,989,3011
170,947,984,948,987,988,832,985,1022,946,793
171,2755,2792,2759,2760,2836,2796,2797,2680,2720,2758
172,532,529,568,494,530,528,490,493,531,451
173,1156,1118,1122,1158,1120,1119,1159,1117,1116,1083
174,2732,2969,2768,2984,2692,2730,2734,2767,2696,2806
175,179,211,209,259,177,217,255,216,257,214
176,1953,2255,2331,1954,2333,1685,2256,2028,1990,1913
177,2291,2495,2366,2176,2328,2287,2375,2494,2979,2292
178,2695,3002,2772,2733,2651,2698,2984,2689,2735,2615
179,911,873,950,1292,949,948,3038,988,1330,910
180,113,76,75,114,190,112,73,151,224,152
181,74,113,112,37,150,152,114,75,149,111
182,1522,1485,1447,1521,1484,1559,1560,1446,1483,1445
183,1156,886,883,888,1114,887,921,1021,1059,1363
184,646,645,682,644,3016,722,608,683,684,643
185,985,984,946,1022,948,988,1023,947,1289,950
186,2977,1090,1127,1089,1128,1125,1126,1053,1088,1092
187,1492,1118,1530,1605,1529,2179,1567,1691,1453,1607
188,2415,2420,2417,2416,2454,2455,2492,2457,2421,2382
189,1029,1067,1066,1028,1105,1027,1104,1065,1030,1031
190,1054,1092,1130,1055,2977,1091,1093,1017,1127,1053
191,1406,1368,1330,1405,1444,1402,1633,1442,1292,3038
192,569,570,3016,608,606,644,722,683,532,682
193,1059,1062,1061,1024,1060,1021,1023,986,1025,1064
194,1335,1145,1376,1414,1149,1110,1109,1338,1185,1221
195,1144,1103,1105,1182,1146,1180,1184,1143,1145,1179
196,1184,1145,1151,1185,3021,1147,1415,1146,1228,1188
197,1085,1391,1125,1160,1124,1049,1126,1123,1159,1427
198,445,482,588,520,624,481,3033,626,662,443
199,2632,2635,2593,2591,2631,2630,2633,2590,2668,2672
200,2561,2562,1954,2522,2523,2446,2525,2484,1992,1955
201,1118,1156,3007,1117,2949,1111,1158,1195,1152,1301
202,1067,1029,991,1104,1066,1031,1028,1068,1065,1105
203,2838,2882,2881,2918,2878,2845,2888,2841,2875,2839
204,1368,1329,1330,988,1253,1292,3038,1140,1291,1102
205,1125,1124,1085,1127,1087,1092,1123,1119,1055,1090
206,877,952,800,839,838,875,647,685,914,724
207,1151,1156,1189,1115,1118,1111,1112,1113,1153,1152
208,418,304,303,263,2935,378,342,456,454,416
209,1440,1403,1481,1365,1442,1405,1140,1441,1135,1139
210,2840,2881,2839,2882,2765,2843,2797,2835,2969,2800
211,2635,2593,2678,2639,2637,2592,2674,2677,2595,2632
212,300,304,225,2935,303,301,227,264,299,263
213,158,197,232,270,194,157,195,196,578,193
214,304,303,264,3016,2935,265,300,266,340,569
215,1127,1085,1086,1123,1124,1088,1087,1125,1122,2977
216,2498,2609,2646,2565,2604,2459,2687,2497,2461,2566
217,524,485,486,3037,522,456,494,447,520,453
218,1026,988,1365,1330,1251,3038,1023,1061,1022,1326
219,1090,1120,1124,1125,1085,1121,1118,1116,1088,1049
220,179,178,139,177,103,217,175,140,210,211
221,1060,1059,1024,1368,1062,1021,1023,1330,3038,1365
222,684,683,645,3016,646,641,643,300,607,642
223,1058,1094,985,1057,1060,1024,1019,981,986,1020
224,946,910,870,907,908,947,874,873,872,869
225,2293,2027,2179,2215,2100,2366,2329,2292,2216,2291
226,2798,2719,2762,2716,2761,2679,2638,2800,2801,2802
227,2949,1303,1085,1123,1124,1083,1086,1125,1356,1265
228,870,874,1251,912,950,948,910,911,418,646
229,1058,1366,1021,988,1019,1059,1173,1026,1139,1368
230,641,679,1026,793,1059,1058,717,755,986,987
231,1146,1151,3007,1073,1113,1071,1077,1109,1224,1108
232,74,109,112,72,38,37,32,34,68,114
233,68,86,2981,50,66,15,10,49,2928,8
234,2179,2176,2409,2141,2369,2216,2215,2221,1608,2256
235,2972,2328,2215,2176,2254,2216,2292,2290,2330,2293
236,877,837,875,838,952,876,914,878,840,799
237,1559,1601,1523,1521,1560,1447,1562,1029,1526,1068
238,1179,1028,1066,1447,1029,1446,1105,1255,1332,1295
239,1558,1709,1672,1634,1671,1633,1668,1708,1746,2956
240,228,189,3013,151,227,265,188,264,190,224
241,915,914,952,953,877,2986,990,876,913,954
242,249,246,281,314,433,392,209,282,2958,283
243,408,333,371,407,370,444,405,443,3017,483
244,1213,1212,3038,1288,2943,1292,1290,1330,1289,1253
245,754,753,677,640,907,564,525,3037,906,908
246,2663,2625,2585,2662,2623,2627,2664,2587,2628,2624
247,1558,1633,1634,1709,1671,1594,1672,2996,1519,1710
248,1024,986,1062,1060,1021,1059,1061,988,1025,1026
249,907,908,986,949,945,872,950,869,1287,1062
250,1407,1180,1217,1447,1218,1522,1369,1484,1446,1256
251,3007,1149,1225,1264,1109,1335,1185,1260,1111,1263
252,1215,2088,1216,1254,1291,2013,2943,1292,1330,874
253,1026,1365,1062,1292,1251,1024,1367,1025,1102,1061
254,1277,1350,1391,1428,1274,1351,1275,1314,1276,1273
255,1495,1118,1646,1492,1534,1156,1529,2949,3020,1649
256,1026,1023,985,1024,1328,1251,1330,1253,988,2943
257,2500,2538,2461,2498,2536,2499,2459,2423,2576,2496
258,2423,2410,2498,2366,2461,2488,2448,2500,2421,2492
259,418,379,378,417,416,380,454,377,415,338
260,1363,1058,1059,1403,1440,1021,1060,1401,1026,1023
261,907,869,944,906,946,945,982,870,905,874
262,2261,2300,2186,2262,1691,2187,1650,2221,2146,2301
263,3034,1523,1522,1483,2133,2058,2169,1559,1561,1521
264,1140,1330,1368,1173,1364,1329,1252,1251,1253,3038
265,1110,1111,1073,1112,3007,1146,1150,2936,1108,1118
266,524,520,521,522,560,657,694,658,656,693
267,304,300,3016,264,644,646,303,2935,607,261
268,76,264,189,227,113,75,114,151,228,190
269,2686,2726,2609,2964,2685,2603,2442,2648,2642,2646
270,1067,1029,1105,1066,1028,1068,1104,991,1027,1065
271,266,189,264,227,265,225,683,301,2938,2957
272,1672,2355,2394,2432,2280,2166,2127,2242,2088,2241
273,3020,2183,2221,1915,2220,2258,1655,1651,1650,1954
274,529,569,494,568,487,3016,532,566,604,486
275,2169,2131,1522,2054,1560,1447,2207,2206,3034,1523
276,1522,1560,1447,1484,1559,1485,1561,1521,1523,1218
277,2617,2848,2655,2809,2969,2692,2694,2844,2771,2616
278,636,684,640,600,599,597,675,637,714,678
279,2606,2527,2528,2523,2522,2525,2526,2487,2488,2419
280,1083,1120,3007,1125,1116,1049,1158,1121,1087,1124
281,988,1212,1368,949,1291,1330,1021,1325,1026,1253
282,1558,1634,1672,2956,1596,2996,1671,1633,1670,3030
283,209,245,246,211,171,279,210,248,282,280
284,973,1048,1009,1120,1085,972,1074,1119,971,1049
285,950,607,948,949,947,644,680,642,682,684
286,1071,1033,3007,1035,1301,1111,1072,1109,1069,1336
287,1114,1156,1152,1151,1189,1077,1228,1150,1112,1191
288,1102,1026,1405,1140,1330,1064,1292,1178,1025,1367
289,269,346,230,229,307,268,270,345,306,231
290,1522,1447,1484,2207,1560,2054,2053,2169,1636,2131
291,1655,1612,1650,1726,1691,3020,2221,1646,1653,1911
292,1117,1152,1151,1114,2977,1113,1156,1118,1150,1160
293,2446,2448,2972,2410,2488,2371,2530,2407,2409,2369
294,1447,1407,1369,1180,1255,1065,989,1217,1409,1028
295,1633,2956,1634,1026,947,1405,1367,986,1025,987
296,1151,1113,1116,3007,1112,1228,1188,1156,1189,1192
297,1217,1141,1180,1255,1219,1105,1293,1218,1179,1256
298,1481,1709,1405,2956,1406,1558,1330,1822,1633,1634
299,1049,1090,1088,1156,1158,1117,1195,1087,1118,1086
300,950,949,1405,3038,722,912,1672,1329,911,683
301,2215,2138,2256,2255,2180,2176,2216,2333,2139,2217
302,2176,2138,2217,2215,2256,2139,2369,2254,2179,2175
303,1140,1102,988,1178,1026,1139,1101,1064,1137,1291
304,569,570,3016,608,304,644,532,494,418,646
305,1672,2355,1708,1633,2394,2996,2956,2432,2318,3030
306,1049,1085,1087,1048,1427,1124,1090,1392,1125,1123
307,3007,1111,882,1265,1073,2949,1151,1301,1110,1338
308,304,569,570,455,418,378,342,494,608,532
309,1368,1406,1330,1212,1405,3038,1291,1140,1329,1364
310,3007,1109,1147,1146,1192,2936,1115,1418,1149,1153
311,1522,2054,1447,2207,1484,1560,2131,2206,1485,2016
312,304,342,418,303,378,2935,263,264,225,379
313,1156,2977,1114,1117,1227,1150,1151,1093,1132,1183
314,1443,1405,1021,1024,1059,1023,1026,985,1672,1025
315,646,684,644,645,607,303,263,719,3016,304
316,2977,1125,1160,1159,1089,1116,1127,1202,1128,1157
317,1067,1104,1180,1066,1105,1065,1103,1142,991,1029
318,1160,1159,1158,1156,1125,1120,1121,1116,1083,1118
319,2220,2488,2335,2296,2258,2259,2257,2525,2215,2294
320,1368,1291,1330,1406,3038,1292,1253,1025,1367,1405
321,1146,1109,3007,1225,1184,1224,1145,1151,1185,1147
322,156,154,229,270,231,158,153,191,232,230
323,2590,2589,2587,2628,2552,2551,2593,2548,2509,2549
324,607,646,3016,644,684,608,642,569,304,682
325,1116,1115,1156,3007,1118,1191,1188,1153,1155,1192
326,2246,2990,2169,2247,2323,2362,2285,1371,2364,2170
327,1601,1638,1523,1561,1640,1105,1600,1524,1525,1029
328,1179,1180,1142,1105,1065,1066,1218,1103,1217,1141
329,1151,1228,1418,1189,1188,1147,1191,1415,1417,1150
330,413,416,303,415,379,453,378,454,304,2935
331,1291,1329,1368,3038,1215,1026,1406,1366,1212,1326
332,74,38,37,32,72,73,68,107,109,35
333,2977,1125,1127,1202,1166,1160,1164,1124,1116,1049
334,714,639,677,676,791,829,675,2304,2458,2423
335,2488,2560,2179,2523,2522,2261,2216,2521,2301,2185
336,1113,1152,1112,1111,1114,3007,1150,888,886,1075
337,1558,1634,1633,2996,1671,949,1709,1596,1672,950
338,2215,2176,2292,2181,2293,1492,2332,2291,1453,2258
339,642,684,646,3016,680,644,607,645,603,643
340,797,950,949,948,645,759,683,911,722,1633
341,1028,1066,1027,1065,991,952,1179,1180,989,990
342,1481,1178,1406,984,1140,1368,3014,1330,1329,1405
343,2176,2215,2181,2216,2180,2972,2175,2139,2254,2214
344,984,988,1026,948,987,947,1480,1022,1251,950
345,2265,2145,2185,2303,3000,2340,2226,2418,2302,2342
346,948,683,988,911,912,947,873,1672,950,874
347,1124,1085,1049,1123,1125,1090,1088,1087,1160,1391
348,2355,2470,2429,2432,2466,2508,2394,2930,2467,2430
349,298,336,304,266,296,338,335,263,374,376
350,1150,1190,1118,1151,1188,1228,1184,1073,1152,1189
351,214,252,179,175,217,212,216,213,139,254
352,1156,1116,1120,1122,1117,1157,1118,1081,1114,1119
353,1085,1127,1049,1125,1086,1390,1124,1356,1087,1392
354,981,3025,1019,1018,980,866,829,865,791,789
355,714,677,639,791,675,676,829,828,674,637
356,1061,1022,1062,1024,1059,1023,1026,1102,1364,986
357,1329,1330,3038,1368,1291,1253,1139,1292,1026,1212
358,408,583,483,409,443,3017,445,446,371,482
359,886,883,882,1301,887,852,1265,850,1302,811
360,1145,1184,1222,1183,1147,1146,1109,1180,1182,1186
361,84,123,161,194,122,196,121,128,126,125
362,642,607,3016,644,684,569,682,608,646,2938
363,304,454,413,418,416,263,303,266,378,494
364,304,303,300,264,301,225,265,2935,340,266
365,2929,2429,2579,2578,2581,2619,2240,2503,2425,2544
366,1061,1363,1022,1366,1058,1140,1401,1023,1134,1026
367,2179,2215,2216,2254,2027,2294,2214,2182,2177,2141
368,1156,3020,1081,1120,1689,1613,1159,1690,1650,1115
369,2938,793,680,684,719,683,682,720,644,642
370,1330,1292,3038,1368,988,1253,1252,1406,1291,1214
371,418,532,494,493,530,453,456,455,454,531
372,1447,1255,1369,1180,1219,1483,1027,1105,1256,1066
373,1122,1156,1117,1120,1081,2977,1160,1083,1155,1114
374,636,584,597,700,599,3033,547,771,198,769
375,2182,2258,2142,2446,2100,2027,2063,2143,2291,2292
376,646,3016,684,682,643,644,645,607,642,608
377,418,454,494,414,456,379,416,415,455,453
378,161,196,236,198,3031,3010,160,204,200,238
379,1156,1116,1120,1118,1153,1191,1114,1115,1119,1117
380,1116,3007,1301,1120,1158,1125,2949,1090,1117,1121
381,1124,2977,1090,1089,1128,1125,1160,1127,1126,1123
382,114,76,73,75,112,74,37,38,111,149
383,1058,1057,1019,1096,981,3025,1095,1020,1073,1039
384,1330,1329,1368,3038,1252,1292,988,1026,1251,1291
385,769,699,730,3033,732,768,729,2955,584,806
386,752,3029,816,748,824,714,747,2941,788,712
387,684,646,683,2938,682,722,3016,644,645,642
388,1145,1183,1184,1146,1180,1182,1222,1147,1107,1179
389,304,265,227,189,264,303,266,226,300,187
390,2407,2408,2446,2409,2492,2372,2485,2954,2488,2527
391,1558,1672,1708,1671,2956,1633,1634,2088,1670,1709
392,674,675,711,714,712,3029,1049,637,1090,1088
393,1057,1094,1399,3025,1095,2963,1400,1362,1360,1096
394,646,3016,684,682,642,643,644,683,2938,645
395,1558,3030,1634,2088,1672,1974,912,1898,2956,1671
396,949,950,1251,1519,872,3038,1406,1558,988,1368
397,38,68,74,32,37,72,35,69,33,34
398,1026,1023,986,1024,1062,1021,1060,988,1022,1059
399,766,767,771,770,729,733,768,700,701,703
400,1026,1024,1025,1062,1060,1061,1023,988,1064,1365
401,2419,2568,2498,2940,2457,2536,2530,2458,2529,2423
402,1558,1633,1634,1557,1672,2956,1406,1709,950,3030
403,716,677,754,682,717,679,769,809,883,737
404,2875,2845,2879,2834,2838,2878,2877,2881,2791,2910
405,1691,1726,1650,1463,1727,1956,1732,1692,1765,1694
406,1028,876,837,724,877,838,800,989,875,763
407,607,950,870,722,644,2938,683,682,646,873
408,179,99,87,102,63,137,95,140,98,65
409,198,84,121,159,160,161,122,123,87,196
410,2304,2385,2418,2258,2081,2422,2423,2458,2380,2424
411,2369,2409,2446,2407,2523,2406,2368,2488,2371,2485
412,3016,608,569,570,644,646,567,604,684,607
413,1303,2949,3007,1116,1265,1301,1152,1113,1149,1117
414,1406,1178,1444,1633,1405,1671,1709,1330,1672,1480
415,2882,2881,2839,2843,2841,2838,2845,2878,2888,2885
416,196,232,194,156,154,197,158,118,270,191
417,1706,984,1744,1633,1822,1481,947,2086,1708,1479
418,2446,2406,2409,2407,2183,2411,2371,2143,2369,2145
419,74,37,38,34,110,35,72,68,32,112
420,1156,1157,1119,1311,1115,1122,1158,1159,1194,1120
421,1059,1022,1062,1061,986,1139,1024,1102,1026,947
422,520,522,482,445,521,480,483,553,558,559
423,264,304,189,227,265,342,113,114,303,300
424,760,722,646,3038,418,988,1330,682,1251,1252
425,270,269,229,268,230,307,346,309,308,231
426,771,809,769,807,847,850,846,773,812,844
427,1066,1065,1067,1104,1029,1028,837,1103,1027,991
428,1655,1694,1735,1617,1693,2301,1656,2303,1732,1959
429,1558,1672,1671,1709,1633,1634,1708,2087,1710,1596
430,524,447,485,486,487,520,448,449,418,521
431,912,950,874,873,870,948,947,911,909,908
432,1375,1376,1335,3007,1337,1225,1298,1301,1149,1260
433,1672,1633,1709,1481,2956,1634,1822,1671,1405,1786
434,1655,1694,1617,1692,1656,1660,1658,1697,1654,1696
435,1391,1392,1356,1390,1358,1427,1049,1393,1085,1125
436,1265,1151,1152,1113,1303,3007,1150,1186,1416,1149
437,1116,1156,1158,1159,1149,1120,1157,1236,1119,3007
438,1151,1189,1228,1188,1152,1227,1150,1190,1114,1113
439,1251,1252,3038,950,1330,1213,1254,1289,1292,1367
440,569,608,265,3016,683,227,264,304,570,684
441,2207,1447,1484,1522,2131,2169,2246,2206,990,991
442,1694,1692,1655,2221,2301,1691,1693,1653,1732,1617
443,1407,1446,1408,1445,1180,1447,1559,1484,1256,1217
444,949,1406,1481,1139,1368,950,1140,1405,1482,1633
445,1529,1335,1376,1338,3007,1111,1301,1490,1149,1263
446,2446,2369,2406,2409,2371,2448,2368,2407,2329,2538
447,494,413,415,532,418,451,454,455,493,492
448,1330,1368,3038,1292,988,1252,1251,1178,1254,1253
449,1156,3007,1190,1263,1149,1225,1188,1380,1228,1226
450,1106,1105,1103,1069,1107,1068,1146,1104,1109,1145
451,1105,1180,1144,1145,1142,1103,1256,1104,1141,1143
452,1365,1062,1330,1367,1405,1026,1292,1024,1023,1251
453,1216,1328,1289,3038,1213,1366,1404,1251,1253,1367
454,2291,2216,2179,2972,2293,2330,2215,2289,2292,2176
455,209,211,246,248,279,171,210,207,172,212
456,832,682,794,681,760,643,759,722,2938,720
457,524,522,521,520,485,562,560,523,559,561
458,1255,1522,1218,1447,1484,1256,1105,1485,1066,1369
459,1058,1399,1325,1059,1287,1362,1368,1291,1057,1400
460,1090,1052,1088,1391,1049,1123,1085,1430,1124,1352
461,714,675,3029,752,674,711,712,854,637,2304
462,86,138,124,128,87,89,46,88,126,65
463,1490,2975,1528,1565,1414,2215,1641,1816,2424,2423
464,2635,2632,2557,2593,2672,2595,2678,2674,2636,2592
465,264,65,223,304,146,298,111,113,187,266
466,915,953,952,990,799,1103,2986,1141,917,877
467,722,3038,683,873,950,2938,910,607,911,684
468,1066,1027,1065,1028,1255,991,1218,1522,1447,1483
469,154,117,195,153,115,193,156,196,191,230
470,1447,1521,1066,3034,1027,1560,1559,1484,1483,1522
471,1415,1453,1456,1454,1492,1189,1686,2992,1457,1726
472,2179,2293,2292,2369,2141,2258,2329,2027,2062,2368
473,1156,1122,1160,1157,2977,1124,1116,1120,1117,1125
474,1059,1021,1364,1026,1060,1098,1363,1100,1024,1023
475,2371,2410,2409,2333,2407,2446,2332,2372,2448,2488
476,2292,2328,2972,2293,2291,2215,2254,2216,2294,2332
477,887,921,1453,922,923,883,1492,2952,1686,1816
478,1156,1122,1081,1083,1120,1118,1116,1117,1119,1158
479,2498,2459,2461,2568,2423,2496,2457,2536,2419,2494
480,842,843,801,803,804,879,765,2987,808,617
481,1123,2949,3029,1124,821,1088,824,1085,1160,1090
482,1558,1634,1633,1672,1709,1671,950,2128,2087,1710
483,645,684,643,683,646,722,682,644,607,719
484,1118,1120,1116,1117,1152,2949,1121,1119,1159,1150
485,1633,1558,1709,1634,1671,1672,2956,1481,1330,1405
486,1124,1122,1085,1123,1160,1086,1083,1351,1084,1088
487,3038,1252,1251,1253,1292,1330,1214,1213,1212,2943
488,1152,1156,1151,1189,1114,1150,1113,1118,1190,1116
489,1558,1634,1633,1594,2996,1519,1709,1520,1671,1557
490,497,536,459,614,457,495,499,498,537,535
491,2806,2804,2843,2844,2848,2882,2809,2807,2805,2847
492,304,303,265,266,225,264,340,300,301,378
493,677,716,639,676,678,564,754,715,640,258
494,1255,1179,1105,1256,1371,1143,1144,1142,1180,1293
495,994,1452,1105,1110,1109,1103,1065,993,1067,1029
496,525,642,3016,564,646,604,602,684,563,644
497,1104,1067,1065,1029,1105,1066,1106,1180,1108,1027
498,2838,2875,2881,2882,2878,2839,2845,2918,2791,2888
499,1186,3007,1146,1185,1148,1224,1110,1187,1111,1109
500,1124,1085,1125,1123,1087,1127,1086,1049,1391,1160
501,1152,1116,1054,1117,1093,1151,1158,1119,2977,1127
502,149,112,75,74,114,150,107,113,32,109
503,212,141,173,172,214,244,175,177,252,171
504,1139,1481,949,1140,1102,950,1062,988,986,1329
505,2991,2458,2384,2305,2423,2343,2380,2342,2304,2422
506,1059,1026,1062,1023,1364,1402,1024,1061,1060,1021
507,1415,1298,1145,1156,1453,1379,1183,1146,1222,1338
508,1341,1263,1111,1075,1302,2949,1491,1380,1378,1340
509,2328,2985,2291,2459,2448,2990,2329,2446,2972,2285
510,1124,1085,1122,1088,1087,1123,1160,1086,1125,1127
511,1049,1048,1085,1120,1124,1123,1391,1617,1125,1090
512,807,809,769,808,844,846,847,812,810,848
513,761,837,800,876,838,799,763,877,724,875
514,1125,1160,1159,1085,1123,1391,1049,1127,1202,1124
515,2478,2477,2246,2476,2322,2400,2284,2475,2399,2439
516,161,196,198,160,3031,197,135,169,121,165
517,1049,1088,1090,1085,1124,1123,1052,817,1125,822
518,646,682,644,645,722,3016,684,683,608,643
519,418,494,304,456,569,379,263,342,3016,303
520,270,614,537,536,194,229,499,268,612,575
521,3025,1019,1058,1057,1094,981,1054,1093,1055,1090
522,760,722,984,418,721,1289,759,1061,3038,532
523,123,122,84,157,162,121,125,124,128,119
524,1255,1103,1257,1066,1293,1217,1105,1065,1219,1369
525,948,988,949,947,797,911,912,2943,950,873
526,1127,1049,1090,1117,1124,1125,1088,2977,1152,1087
527,2294,2372,2410,2179,2291,2329,2409,1911,2256,2366
528,304,300,264,265,266,261,223,226,187,227
529,1118,1160,1124,1156,1125,1085,1049,1120,1090,1468
530,369,444,407,406,253,3017,483,445,409,293
531,3007,1149,1190,1111,1188,1109,1264,1115,2949,1380
532,3007,1156,1225,1149,1155,1188,1151,1186,1379,1148
533,204,582,547,475,272,198,160,546,199,545
534,2217,2256,2294,1228,1111,1151,1112,1146,1147,1150
535,1368,1058,1021,1059,1329,1291,1406,1173,3038,1253
536,277,139,133,173,210,175,177,214,252,172
537,1090,1124,1125,1128,1088,2977,1127,1049,1123,1089
538,837,876,838,877,800,799,875,914,761,724
539,1113,1112,1151,1111,1189,2949,1341,1378,1150,3007
540,1058,1019,1324,3025,981,1057,1362,1059,1323,1095
541,3034,1559,1522,1447,1561,1521,1597,1483,1598,1636
542,1447,1522,1521,3034,1483,1484,1218,1559,1180,1560
543,2737,2816,2953,2776,2814,2699,2782,2854,2775,2778
544,1179,1218,1180,1217,1183,1141,1219,1255,1142,1296
545,300,114,112,264,304,266,113,147,149,109
546,2279,2088,2318,2280,2011,2013,2356,2049,2956,2394
547,214,252,175,213,173,277,178,177,212,236
548,987,984,1558,2956,1251,1026,1672,948,1289,947
549,2982,2708,2706,2711,2594,2595,2679,2632,2746,2664
550,678,641,639,677,602,640,564,525,298,603
551,1151,1189,1188,1150,1113,1228,1156,1112,1227,1194
552,1633,1706,1634,1481,1709,1520,1482,1667,1824,1668
553,677,753,715,754,714,639,791,716,792,829
554,2394,2355,2356,2240,2088,1973,2280,2313,2274,2393
555,1156,1152,1118,1189,1114,1151,1113,1190,1415,1116
556,1058,1019,1020,906,907,981,982,945,1057,1324
557,1391,1124,1127,1126,1125,1428,2977,1087,1392,1085
558,1227,1189,1184,1188,1151,1228,1191,1150,1226,1190
559,1335,1297,1376,1336,1260,1375,1298,1374,1337,1338
560,304,187,151,300,226,227,224,111,189,264
561,2839,2918,2875,2838,2878,2881,2845,2835,2841,2840
562,2293,2179,2215,1494,2141,2258,2256,2216,2292,2217
563,2420,2417,2416,2458,2415,2530,2419,2492,2421,2457
564,2954,2641,2486,2488,2484,2523,2445,2601,2487,2565
565,37,73,74,111,107,109,71,72,147,38
566,684,646,607,300,3016,189,683,226,682,643
567,1026,1366,1365,1062,1023,1327,986,1060,987,1024
568,2881,2845,2878,2838,2918,2888,2839,2841,2840,2875
569,1179,1218,1180,1217,1219,1256,1255,1181,1369,1447
570,2163,2950,2166,1822,2125,2429,3001,1672,2127,2087
571,74,37,34,68,35,38,32,109,72,33
572,944,525,905,943,602,980,373,982,564,678
573,547,550,445,589,482,584,583,588,549,514
574,1111,1300,1110,1148,1145,1109,1149,1338,3007,1146
575,2526,2954,2448,2369,2492,2412,2940,2451,2411,2409
576,2935,304,300,301,683,261,684,303,644,3016
577,887,922,921,923,883,924,760,717,792,532
578,682,3016,644,722,643,642,646,683,684,2938
579,837,840,799,876,875,838,877,800,952,914
580,1118,1112,1111,1113,1071,1116,1108,1073,1150,1188
581,1492,2975,1490,1453,1528,1529,1530,1118,1454,1455
582,2303,1617,2304,1694,1542,1699,1657,1543,1736,1737
583,2635,2636,2674,2982,2677,2634,2672,2676,2675,2595
584,209,3032,246,313,349,210,248,275,314,348
585,179,175,239,214,244,242,170,212,178,241
586,118,156,154,116,88,65,68,86,80,38
587,2761,2762,2763,2765,2803,2844,2805,2764,2806,2760
588,1054,1091,1093,1017,1092,1055,1053,1128,1166,1052
589,2751,2749,2700,2857,2707,3018,2662,2891,2663,2706
590,1633,1557,3030,2996,1672,1708,2956,1634,1710,1556
591,2176,2138,2179,2139,2101,2409,2446,2215,2369,2258
592,877,914,952,837,875,876,913,1028,915,838
593,2536,2423,2461,2574,2498,2385,2500,2462,2499,2575
594,679,719,223,721,683,2938,684,680,298,641
595,1301,1341,2949,1111,1263,1338,3007,1340,1300,1375
596,1180,1143,1179,1141,1142,1219,1181,1218,1182,1144
597,678,677,639,525,564,640,753,602,600,754
598,2256,2180,1646,2103,2215,2221,2179,2258,2216,2220
599,792,754,830,755,791,677,753,641,716,717
600,2419,2491,2526,2530,2492,2455,2384,2457,977,1016
601,1633,1668,1672,1634,1671,1709,1558,1710,1706,1708
602,1184,1146,1147,1145,1109,1224,1185,1262,1151,1186
603,1049,1086,787,1427,826,1047,1391,825,859,821
604,1263,1265,1338,1302,3007,1301,1453,1378,2975,1417
605,1184,1145,1146,1182,1226,1183,1108,1186,1105,1144
606,112,150,149,75,224,151,113,76,152,73
607,991,1028,877,875,952,1027,1066,989,913,990
608,2593,2591,2594,2629,2630,2631,2592,2635,2632,2553
609,837,877,876,838,875,723,800,799,761,989
610,520,445,482,522,521,559,558,560,523,93
611,1330,1177,645,1368,1216,1178,1212,1291,1292,1175
612,639,676,524,677,678,623,661,716,563,525
613,114,37,74,71,2933,110,190,38,2819,2861
614,1949,2331,1911,2408,2368,2487,1913,2366,2372,921
615,415,418,494,453,379,492,454,455,490,378
616,2977,1326,1128,1125,1127,1168,1397,1321,1054,1055
617,1206,2932,1166,3004,1195,1202,1169,1358,1127,1125
618,1139,1140,1440,1135,1403,1442,1478,1481,1102,1365
619,683,721,722,189,950,949,304,2938,1024,760
620,1053,1090,1358,1434,1396,1087,1015,976,1319,1320
621,2410,2327,2530,2488,2372,2492,2419,2291,2491,2528
622,2950,1672,2164,2956,2355,1668,1634,1670,2390,2127
623,1453,1415,1151,1147,1189,1109,1227,3007,1112,1298
624,949,645,1177,988,1173,1214,1178,947,1101,1216
625,637,636,675,674,714,600,639,599,598,597
626,1160,2977,1116,1159,1156,1151,1155,1125,1113,1198
627,683,1292,684,988,1102,607,1330,1025,1026,1140
628,1330,1329,988,1368,3038,949,1406,950,1292,1212
629,1291,1026,1059,1406,1140,1102,1292,1405,1367,1368
630,1330,1212,988,1177,1292,3038,1178,1481,1326,949
631,1633,3038,1402,1481,950,1558,1672,1330,1405,1251
632,1125,1049,2977,1089,1087,1090,1127,1088,1124,1053
633,1179,1180,1103,1217,1141,1065,1105,1142,1218,1369
634,714,674,675,977,866,3029,637,712,715,979
635,3010,198,159,125,84,123,122,156,204,121
636,79,116,156,118,77,158,155,115,80,195
637,644,569,493,3016,608,606,722,532,683,642
638,444,405,408,3017,443,478,442,547,406,407
639,1059,1060,1363,1402,1058,1364,1023,983,1021,1022
640,415,454,494,644,569,3016,607,455,568,453
641,1026,986,1405,1365,1062,1364,988,1021,1367,1064
642,1406,1405,1330,1368,1292,988,1025,1367,1139,1026
643,3007,1117,1149,1156,1109,2936,1119,1158,1335,1120
644,2423,2424,2348,2387,2174,2287,1870,2173,2176,2215
645,950,948,947,912,456,453,870,418,832,836
646,2176,2139,2181,2179,2215,1608,2258,2220,1725,1726
647,1406,1405,1178,1329,1444,1139,1140,1368,1330,1481
648,1059,1364,1402,1363,1021,1026,1366,1404,1327,1022
649,2394,2356,1672,2430,1633,1596,1671,2355,2012,2088
650,1156,1116,1191,1188,1115,1153,1159,1228,1114,1150
651,3038,1292,1330,1213,1253,1252,1212,1251,2943,1250
652,500,499,461,501,423,576,425,536,422,537
653,2956,1633,1672,1708,1634,1669,2996,1710,2088,2280
654,179,298,217,218,261,256,259,334,295,220
655,1183,1179,1145,1105,1182,1144,1103,1184,1143,1146
656,678,715,639,600,561,524,640,562,560,637
657,1558,1634,1633,1709,1406,1672,2956,1671,1444,1405
658,2459,2562,2525,2458,2461,2412,2954,2606,2524,2604
659,46,87,89,91,98,65,88,99,95,179
660,2522,2297,2299,2488,2530,2559,2294,2339,2521,2215
661,1125,2977,1089,1090,1128,1127,1053,1091,1166,1049
662,1120,1121,1119,1117,1158,1122,1125,1088,1087,1083
663,1026,1365,1060,1024,1021,1062,1025,1061,1023,1363
664,193,229,230,156,191,194,269,192,154,155
665,1152,1156,1151,1114,1113,1228,1077,1189,1190,1118
666,1140,1139,1178,1102,1329,3014,1101,1405,1368,1406
667,886,887,883,885,882,847,1114,922,888,815
668,948,912,874,911,797,947,873,950,988,949
669,1062,1024,1060,1061,1059,1365,1025,986,1026,1367
670,1049,1123,1085,1160,1124,1127,1159,1198,1161,1088
671,2429,2466,2087,2125,2317,2426,2390,2166,2124,2350
672,1405,1404,1367,1403,1059,1366,1406,1098,987,1026
673,2990,2247,2285,2246,2323,2169,2284,2208,2362,1105
674,177,217,174,179,216,135,178,252,214,139
675,684,642,3016,646,644,607,682,608,645,643
676,1633,1672,1558,1671,1709,1710,1634,2989,1786,1708
677,1640,1601,1522,1561,1638,1600,1639,1599,3039,1183
678,642,2938,644,680,948,683,682,3016,684,873
679,3038,1330,949,950,1292,1213,872,1212,1368,873
680,2128,1974,1558,1672,1634,2127,2125,2394,2355,2280
681,1216,1140,1330,1175,988,1174,1026,1102,1101,1178
682,1263,1302,1379,1381,3007,1225,1340,1341,1262,2949
683,1263,3007,1338,1302,1111,1109,1115,1188,1149,1300
684,1018,1017,977,942,1016,980,979,3025,1056,981
685,3012,125,87,126,136,85,95,127,122,166
686,886,848,850,847,887,885,851,810,809,882
687,1092,1125,1054,1055,1127,1091,1124,1128,1085,1094
688,1362,1324,1058,1325,1287,1057,1400,1019,981,1323
689,418,415,379,494,453,454,455,378,490,380
690,1557,1558,3030,2956,2280,1634,2088,2201,2989,2355
691,1062,1026,1059,1405,1102,986,1365,1061,1024,1060
692,950,948,988,1330,1178,947,682,1405,1062,949
693,198,123,161,95,84,160,124,121,170,87
694,484,483,408,446,409,485,447,443,523,522
695,2366,2291,2446,2972,2371,2292,2327,2176,2410,2181
696,37,74,266,75,38,114,264,304,73,76
697,3007,1643,1263,1685,1110,1111,1109,1071,1106,1603
698,981,3025,1020,1058,982,1110,1376,3007,1149,1185
699,170,198,169,132,95,131,161,139,239,133
700,714,715,677,675,676,752,753,674,639,637
701,2179,2216,2141,2952,2256,2103,1643,2470,2355,2429
702,1444,1406,1633,1330,1443,1405,1292,1140,1101,1442
703,1558,2280,1974,2088,1634,2356,2241,2052,2166,2089
704,1158,977,3004,1117,1088,1156,1116,1017,1358,1195
705,2256,2221,2179,2216,2217,1494,2215,2258,2220,1644
706,817,788,3029,816,786,854,715,750,714,749
707,2523,2446,2485,2333,2484,2525,2487,2527,2371,2409
708,524,639,520,521,561,560,522,562,675,715
709,1058,1057,3025,1361,1093,1019,1095,1094,1055,1133
710,1601,1146,1184,1105,2210,1145,2133,2212,2169,1144
711,869,870,907,946,874,912,947,873,831,836
712,1481,1558,1634,1822,1520,1633,1482,1746,1519,1444
713,304,266,263,303,378,342,2935,418,379,264
714,68,32,38,33,35,74,16,72,2937,66
715,38,32,74,266,68,35,14,264,37,22
716,642,644,3016,684,607,646,569,604,608,645
717,1218,1522,1180,991,1447,1181,1184,1183,1561,1485
718,989,837,877,875,876,840,914,951,913,571
719,636,598,599,674,597,637,675,561,635,714
720,647,648,686,685,688,649,3023,724,687,3026
721,114,37,74,38,190,2933,110,76,75,112
722,2304,2038,2001,2081,2040,2226,2032,2266,1994,2076
723,204,161,200,199,169,196,135,167,198,134
724,2475,2362,2990,2512,2513,2511,2474,2547,2400,2549
725,1368,1330,1292,3038,1329,1253,1291,1212,1252,1213
726,1156,1120,1158,1118,1117,1081,1116,1115,1122,1119
727,1522,1560,1523,1485,1561,1447,1484,3034,1598,1521
728,1558,1634,2956,912,1672,1557,1708,1671,2989,2280
729,118,2966,116,79,157,158,80,120,156,119
730,2256,2217,2221,2255,2299,2294,2254,2458,2216,2339
731,379,415,418,494,454,644,417,950,722,493
732,1633,950,1558,873,1634,949,1709,1710,1671,1672
733,1111,3007,1112,1151,1073,1152,1301,1378,1383,2936
734,722,758,682,683,721,2938,720,760,757,1026
735,1054,1127,1091,1128,1166,1093,1125,2977,1017,1161
736,2882,2759,2843,2800,2802,2803,2806,2719,2844,2805
737,2098,2138,2215,2176,2216,2058,2369,2214,2254,2065
738,792,679,830,754,791,677,981,828,755,2500
739,497,536,535,457,498,459,495,574,610,989
740,2568,2529,2498,2536,2461,2457,2383,2500,2419,2530
741,86,48,46,8,49,45,2928,2976,90,82
742,2446,2406,2407,2367,2371,2405,2522,2445,2370,2481
743,304,266,303,264,2935,225,265,340,263,342
744,1156,1118,2977,1122,1120,1157,1160,1116,1081,1159
745,156,116,158,118,157,79,117,195,154,115
746,87,85,84,2966,124,46,122,125,83,123
747,2369,2446,2406,2409,2448,2407,2366,2364,2371,2329
748,1118,1120,1156,1090,1121,1117,1149,1085,1158,1159
749,948,947,984,988,832,985,1633,1022,987,949
750,1557,1633,1558,3030,1634,2956,1672,1708,2996,1671
751,2500,2498,2458,2461,2423,2421,2419,2499,2538,2418
752,1151,1113,1152,1150,1189,1077,1114,1184,1112,1116
753,2119,2271,2120,2422,2081,2234,1739,2082,2385,1740
754,685,724,838,800,799,647,687,723,876,914
755,1156,1151,1155,1117,1265,1111,3007,2949,1149,1152
756,2638,2678,2641,2524,2716,2679,2639,2521,2442,2559
757,949,683,988,948,873,947,1633,984,1672,2938
758,949,1289,1022,950,948,874,912,987,988,1366
759,945,949,907,1059,1481,1287,1021,1022,1212,1366
760,2088,2049,2126,1934,2127,1974,2011,2087,2052,2010
761,1481,1443,1480,1405,1444,1173,1330,1519,1178,1292
762,298,754,261,792,338,301,679,259,374,339
763,2387,2348,2424,2272,2425,2271,2310,2311,2386,2234
764,1140,1137,985,1216,1102,1292,1060,1101,1330,2943
765,1672,1668,1558,2956,2355,1634,2432,2127,1671,1708
766,1228,1194,1111,3007,1151,1185,1188,1109,1266,1193
767,1058,1403,1060,1365,1094,1057,1363,1059,1021,1020
768,2538,2463,2495,2500,2539,2501,2536,2461,2459,2494
769,2062,2100,2027,2175,2098,2136,2063,2061,2065,2099
770,1105,1561,1521,1559,1067,1522,1103,1104,1447,1066
771,1404,1216,1326,1289,1366,1287,1251,1367,1328,1292
772,1587,1589,1474,1551,1588,2962,1509,1495,1740,1550
773,1330,1368,1292,988,1291,1026,1216,1253,3038,2943
774,158,118,116,156,652,196,80,79,154,153
775,1672,1633,2394,1671,2989,1558,950,1709,2355,2166
776,122,84,195,157,196,124,125,128,119,121
777,1672,1668,2950,2355,1633,2956,1558,1708,1634,2086
778,989,837,875,877,724,876,1028,914,952,913
779,1560,1485,1523,1562,1522,1524,1484,1445,1486,1525
780,1292,1062,3038,1251,1252,1367,1405,1368,1061,1214
781,2446,2369,2406,2409,2407,2448,2368,2371,2329,2328
782,1152,1117,1116,1118,1150,1151,1113,1111,1188,1110
783,2760,2800,2798,2797,2801,2836,2799,2723,2759,2803
784,1180,1182,1181,1142,1143,1296,1144,1258,1141,1219
785,303,225,263,304,264,300,266,3013,302,224
786,2369,2446,2406,2409,2448,2368,2371,2407,2329,2367
787,1183,1184,1189,1190,1150,1227,1191,1415,2992,1151
788,1024,1060,1062,1061,1365,1059,1026,986,1330,1292
789,189,266,264,113,190,304,265,227,187,75
790,1111,1492,1151,1530,1188,1150,1455,1264,1112,1075
791,2938,950,683,682,988,722,947,1021,1062,832
792,266,189,225,2957,264,2935,184,304,224,227
793,1407,1522,1447,1559,1066,1483,1521,1484,1445,3034
794,2536,2499,2461,2498,2537,2573,2500,2496,2458,2574
795,1125,1124,1164,1089,2977,1090,1127,1126,1049,1166
796,677,639,716,754,676,678,158,196,118,232
797,1668,1672,2950,1633,2086,2124,1630,1631,1479,1554
798,948,911,949,988,873,985,871,909,950,912
799,2169,1941,1903,2133,2131,1940,2016,2206,1978,1979
800,1140,1139,1367,1366,1173,1151,1111,1300,1338,1264
801,1156,1152,1189,1118,1114,1151,1190,1117,1150,1188
802,1024,1059,1021,1061,1026,1292,1251,1330,986,1062
803,3029,750,787,713,788,712,748,785,824,1054
804,1480,1633,1444,832,1443,1519,1482,1668,1710,1634
805,1156,1158,1120,1117,1115,1119,1116,1157,1118,1122
806,677,639,641,754,602,678,640,716,603,753
807,1054,1128,1127,1091,2977,1166,1125,1092,1093,1053
808,793,794,755,832,717,831,795,758,756,2938
809,1558,1634,1481,1672,1709,2087,2125,1480,1443,1633
810,1145,1146,1491,1109,1186,3021,1338,1528,1184,1415
811,1633,1406,1444,1178,1330,1177,1405,2956,1216,2996
812,280,279,135,174,278,244,241,242,206,169
813,2138,2409,2215,2446,2369,2366,2371,2254,2407,2256
814,2169,2363,2442,2132,2133,2135,1908,2096,1106,1335
815,1109,1110,1146,1071,1148,3007,1145,1149,1111,1147
816,2953,2791,2784,2815,2747,2818,2830,2783,2867,3036
817,1184,1145,1146,1147,1109,1222,1148,1186,1185,1183
818,1468,1429,1433,1736,1700,1660,1701,1659,1430,1431
819,2488,2410,2448,2371,2449,2408,2409,2486,2527,2526
820,1156,1188,1115,1112,1116,1190,924,1152,1150,1111
821,2039,2078,2040,2304,2226,2302,2948,2036,2265,1999
822,266,264,189,304,303,226,265,227,187,224
823,1633,2956,2996,1710,1672,1668,1669,1634,1558,1708
824,2243,2281,2282,2319,2283,2357,2358,2959,2053,2320
825,873,912,949,950,874,910,872,911,835,836
826,1109,1148,1149,1150,1151,1147,1186,3007,1184,1115
827,1447,1180,1492,1105,1184,1522,1412,1407,1183,1147
828,2950,2127,2280,2165,2164,2392,2125,2163,2128,2089
829,940,1245,1004,1052,1430,1623,1393,1281,976,1244
830,1181,1105,1103,1180,1104,1179,1218,1142,1143,1065
831,2127,2163,1817,1746,2125,1781,2164,1821,1783,2202
832,1122,853,1120,815,1121,854,3029,777,1118,892
833,2216,2217,2215,2254,2256,2179,2157,2385,1817,1816
834,684,646,3016,682,642,644,683,2938,607,645
835,1180,1218,1181,1256,1217,1219,1447,1255,1179,1257
836,1522,1447,1559,1483,1218,3034,1484,1521,1407,914
837,818,824,821,856,3029,787,859,817,855,823
838,526,639,525,524,606,528,488,568,489,487
839,677,639,524,525,715,678,754,676,485,447
840,1592,1630,947,907,946,1173,985,1479,1554,3038
841,2875,2838,2791,2793,2878,2792,2839,2845,2835,2881
842,677,676,639,714,716,791,754,792,755,717
843,1251,1026,1062,987,1327,988,948,1252,3038,984
844,677,715,714,788,750,3029,753,751,791,713
845,2169,2133,2171,2132,2170,1601,2055,2931,2054,2016
846,886,883,887,920,888,921,882,845,885,848
847,1326,3038,1213,1061,1026,1289,1251,1288,1405,1328
848,914,877,1028,915,952,876,913,837,875,1522
849,1200,1197,1163,1164,1162,1161,1165,1202,1159,1199
850,1016,1054,1127,865,979,1091,827,1130,3029,1166
851,136,98,1130,2977,1124,1125,1054,519,1127,1055
852,1058,981,792,754,906,945,830,1020,1019,1057
853,2779,2741,2778,2707,2783,2740,2708,2665,2704,2666
854,443,482,3033,520,445,483,583,481,3017,522
855,1522,2207,1447,2169,2131,2206,2054,1521,1559,1484
856,1633,1481,1479,1444,1368,1406,2956,2996,1515,1667
857,1062,1026,986,1059,1365,1367,1251,987,1405,1364
858,947,984,948,987,832,833,797,870,1022,946
859,1058,1059,1021,1019,1368,1325,1406,1057,1287,1324
860,1633,2996,1557,987,2956,1479,1556,1672,1708,3030
861,2522,2523,2333,2409,2372,2485,2255,2371,2527,2408
862,1522,1447,3034,1521,1218,1179,1483,1446,1484,1407
863,498,423,461,499,459,422,460,500,497,425
864,1368,1140,1102,1329,1291,1212,1139,1330,1406,1178
865,497,459,423,3011,498,536,458,381,3024,2475
866,832,870,947,948,2125,2163,2201,1672,2950,2087
867,1672,1633,1481,2956,1671,2996,1708,2989,1710,1822
868,1179,1143,1183,1145,1184,1256,1105,1142,1182,1180
869,173,237,172,175,210,208,275,135,134,243
870,2089,2128,2166,2163,2086,2239,2127,2241,2088,2203
871,1060,1061,1025,1024,1363,1021,1059,1023,985,1026
872,3016,644,642,646,607,682,608,684,569,645
873,2256,2221,2260,2217,2255,2259,3020,1608,1646,2220
874,1021,1330,3038,1292,1059,1253,1251,1060,988,1062
875,1216,1368,1215,1330,3038,2943,1406,1405,1253,1326
876,2969,2810,2806,2804,2774,2765,2809,2844,2805,2811
877,532,494,451,568,493,491,530,531,490,453
878,1180,1143,1144,1182,1146,1184,1183,1218,1105,1142
879,522,445,485,521,483,520,523,482,524,484
880,68,35,66,34,72,69,32,107,33,29
881,886,883,887,923,922,885,882,847,850,843
882,1672,3030,1708,1633,1595,1557,1596,1746,1671,1556
883,218,178,256,179,140,103,177,217,181,139
884,525,524,487,677,526,639,485,486,523,678
885,1368,3038,1406,1330,1291,1292,1405,1253,1367,1025
886,2125,2201,2087,2163,2166,1634,2124,1672,2950,2128
887,982,1019,677,487,980,1020,943,753,981,946
888,1188,1231,1270,1418,1111,1191,1379,1228,1302,1263
889,447,485,487,486,524,483,413,418,484,522
890,2088,2280,2394,2052,1974,1558,2279,2956,2166,1938
891,1330,1363,1021,1403,1251,1364,1026,1367,1365,1326
892,722,760,794,832,682,2938,683,684,644,795
893,1601,1600,1526,1638,1562,1563,1640,1561,1564,1603
894,114,76,75,38,73,304,303,112,225,266
895,494,418,490,453,454,451,413,532,456,415
896,2394,1672,1633,2355,1596,1671,2430,2432,2930,2470
897,304,189,151,187,113,227,264,224,300,111
898,887,921,922,807,3029,885,889,844,826,809
899,2552,2585,2551,2590,2549,2433,2548,2587,2589,2547
900,1058,1020,1057,3025,1019,1323,1362,981,1260,3007
901,84,122,123,124,125,121,157,120,128,127
902,854,970,1083,1160,785,1085,1124,1123,1049,1087
903,1691,1694,1122,1116,1081,1653,1732,1118,1120,1656
904,154,194,156,196,118,158,232,155,193,157
905,907,3038,1253,2943,908,1249,946,1287,987,873
906,3038,1251,1292,1252,1367,1214,1405,1330,1406,1062
907,1021,984,985,1022,1023,946,1289,1058,1059,1061
908,2385,2119,2157,2464,2387,2160,2348,1817,2082,2121
909,2881,2839,2882,2845,2850,2969,2843,2886,2838,2907
910,2163,2200,2950,2166,1672,2239,2127,1668,1783,2466
911,3007,1109,1111,2936,1149,1152,1264,1225,1301,1151
912,942,941,980,867,1019,979,905,981,903,3025
913,173,277,133,175,210,214,139,172,212,252
914,524,522,485,445,482,520,447,483,484,486
915,2179,2256,2216,1494,2258,2217,2141,2221,2215,1644
916,1522,1447,1561,1183,1638,3034,1415,1180,1565,3039
917,644,642,607,646,3016,645,682,684,643,722
918,684,642,646,3016,645,603,607,641,565,644
919,497,499,459,498,536,461,537,423,535,989
920,418,379,456,417,494,415,453,413,378,454
921,1111,1188,1156,1190,1115,1112,1110,1116,1150,1149
922,270,232,231,233,196,195,197,229,158,230
923,2409,2446,2407,2369,2294,2368,2406,2371,2333,2367
924,2881,2882,2845,2918,2841,2839,2843,2838,2878,2887
925,1060,1024,1062,1061,1059,1365,1021,986,1364,1023
926,604,644,529,722,569,567,606,642,3016,607
927,1310,1383,1156,1384,1308,1271,1269,1118,1346,1075
928,1315,1277,1390,1278,1125,1089,1051,1316,1279,1428
929,1062,1026,1059,986,1405,1367,1060,1365,1021,1024
930,75,264,37,74,266,113,150,152,76,189
931,984,947,793,796,759,3007,1116,1452,1157,1110
932,2183,1879,1650,1691,1656,2221,1613,1577,1692,2220
933,246,212,249,209,250,175,281,172,282,316
934,1492,1646,1455,1686,1605,1453,2952,2216,1643,2217
935,1634,1672,1822,1633,1671,1709,2125,1481,1558,2956
936,37,114,74,38,2933,73,110,71,76,35
937,1058,1057,1059,1094,1096,1095,1019,1156,1118,1151
938,1657,1699,1776,1737,1694,1465,1702,1504,1427,1467
939,984,1404,1177,1327,1403,1366,1175,1405,1060,1212
940,1120,1125,1121,1116,1090,1088,1158,1159,1118,1117
941,233,198,270,234,195,196,159,277,194,3031
942,1708,2989,1974,1938,1746,1558,1782,1975,2128,1669
943,1024,1062,986,1061,1060,1330,988,1023,1026,1292
944,2366,2367,2406,2407,2446,2993,2410,2327,2364,2402
945,1151,1189,1227,1184,2992,1150,1228,1147,1183,1191
946,1178,1330,1292,1444,1177,1140,1368,1214,1406,1212
947,1251,1250,3038,1292,1252,1026,985,1021,1367,1330
948,1059,1061,1022,1062,949,1021,1024,1102,1140,1173
949,2258,2385,2221,2220,2183,2256,2182,2145,2179,2422
950,1151,1189,1156,1188,1184,1113,1150,1228,1194,1227
951,1029,991,1028,1066,1027,1523,1484,1447,1561,1522
952,1124,1125,1085,1127,1088,1123,1087,1086,1128,1160
953,950,988,985,1024,3038,947,1330,948,949,1292
954,1112,1113,3007,1152,1116,1151,1118,1119,1150,1156
955,2719,2755,2839,2708,2838,2706,2792,2878,2679,2875
956,1085,1391,1088,1086,1392,1124,1123,1090,1428,1393
957,677,676,639,716,985,715,714,946,455,947
958,1139,1178,1481,1140,1405,1444,1406,949,1482,1175
959,952,913,1103,1105,1180,990,1104,1142,1066,1218
960,1483,3034,1559,1447,1521,1522,1560,1484,1598,2131
961,873,949,911,910,3038,950,1292,872,1250,1213
962,2495,2529,2447,2568,2954,2524,2608,2532,2494,2408
963,1026,1025,985,1098,1326,1102,1024,1023,1063,986
964,1094,1057,1058,1120,3025,1095,1158,1118,1119,1121
965,1668,2950,1672,2163,2086,2239,2125,1783,2166,2127
966,677,645,716,494,414,680,754,418,682,376
967,2593,2635,2591,2674,2632,2637,2595,2594,2672,2636
968,1156,1146,1157,1155,1228,1151,1195,3007,2949,1194
969,1180,1218,1256,1143,1181,1105,1219,1141,1065,1183
970,877,876,839,801,842,840,914,2986,837,838
971,1368,1330,1292,3038,1406,1253,1024,1329,1102,1291
972,644,604,607,642,3016,569,608,645,798,872
973,2956,1672,1633,1634,1823,1860,1786,1822,1900,1671
974,801,805,699,803,730,769,734,766,737,806
975,1633,1708,2956,1672,1671,1558,1481,1634,1822,1746
976,1481,1443,1405,1480,1633,1406,2956,1402,1709,1444
977,2956,1672,1633,1634,2430,1708,2201,1709,1558,2355
978,950,1251,988,1213,1330,1252,3038,911,873,1292
979,1672,1633,1634,1746,1708,1898,2996,1671,1595,1784
980,2424,2458,2423,2498,2461,2383,2384,2500,2462,2463
981,1603,1601,1564,1602,1565,1646,1907,1604,1640,2215
982,569,570,644,607,608,3016,684,646,567,645
983,2215,2179,2221,2258,2220,2216,2293,1608,3020,2176
984,2446,2406,2407,2484,2522,2371,2444,2333,2524,2523
985,1335,1297,1375,1374,1260,1225,1372,1109,1298,1147
986,455,494,493,492,418,453,454,528,379,490
987,837,346,876,877,989,913,345,875,2978,306
988,204,198,208,161,135,199,173,238,134,3010
989,886,843,885,882,883,842,922,880,847,879
990,217,408,372,371,295,178,257,677,370,179
991,947,948,950,832,836,493,494,984,833,532
992,1019,981,1058,1020,906,3025,1209,1057,1323,905
993,86,83,46,124,89,47,85,88,87,84
994,2355,1633,2394,1634,2393,2956,2508,2356,1708,2432
995,2568,2529,2954,2447,2530,2492,2608,2940,980,677
996,1180,1183,1218,1447,1256,3039,1181,1448,1369,1408
997,1561,1524,1522,1599,1560,1486,1523,1484,1485,1600
998,2170,2138,2133,2058,2256,2135,2254,2095,2215,2169
999,1726,1724,1727,1645,1911,1725,1650,1646,1689,1688
1000,2355,1672,2394,1708,2430,1633,2356,2432,1634,2930
1001,989,837,1028,877,876,913,875,951,1066,1027
1002,304,266,303,225,342,264,263,265,227,378
1003,991,1028,1029,1066,989,1027,1067,1065,1483,1522
1004,1522,1560,3034,1521,1523,1561,1447,1638,1559,1598
1005,832,1480,604,644,759,797,529,532,2087,2124
1006,277,311,276,278,316,348,317,237,282,312
1007,831,645,684,906,988,982,836,680,907,949
1008,2446,2367,2406,2325,2364,2362,2365,2407,2990,2323
1009,1644,2179,1645,1605,3020,2141,1608,1606,1643,1494
1010,724,800,837,875,685,763,762,876,799,838
1011,114,76,73,75,38,74,37,112,32,2933
1012,1686,2261,2255,2256,1655,2035,1156,1114,2294,3020
1013,1112,3007,1151,1113,1188,1494,1146,1155,1608,1226
1014,2485,2523,2522,2487,2333,2525,2255,2446,2527,2484
1015,759,2938,796,722,832,760,683,984,2429,1706
1016,423,381,422,459,387,420,3011,385,460,425
1017,1054,1088,1087,1048,1055,1053,1092,1090,709,1017
1018,1492,1415,1151,2992,1412,3039,1183,1184,1189,1228
1019,1522,2054,3034,1447,2131,2206,1521,1560,2016,2169
1020,2124,1668,1744,2086,1672,2087,2430,1705,1631,1743
1021,314,387,351,315,316,317,349,350,276,348
1022,1633,1444,1671,1634,1709,1672,1406,1710,1482,2956
1023,2975,1642,1603,1490,2058,1335,2096,1414,1604,1376
1024,2369,2458,2409,2448,2423,2459,2385,2216,2183,2215
1025,1116,1120,1119,1158,1387,3007,1273,1125,1090,1121
1026,684,646,645,683,607,719,912,722,798,644
1027,1480,1444,1443,1406,984,1178,1405,1519,1442,1634
1028,1127,1086,1049,2977,1088,1087,1125,1126,1091,1166
1029,980,945,981,949,3004,907,1058,942,3025,1324
1030,304,303,418,378,263,266,2935,301,264,379
1031,536,422,499,460,498,497,423,535,426,572
1032,303,646,644,3016,263,2935,608,265,340,342
1033,532,493,494,530,455,531,453,491,606,490
1034,2882,2881,2845,2839,2838,2878,2843,2885,2841,2847
1035,2429,2466,2950,2125,2087,2163,2508,2124,2086,644
1036,494,530,532,493,568,491,531,490,528,453
1037,2371,2406,2369,2954,2446,2407,2488,2370,2485,2449
1038,949,1060,1063,1099,946,1059,986,872,1479,1025
1039,414,717,641,187,223,377,224,716,488,680
1040,792,830,754,755,791,677,641,753,981,639
1041,1403,1365,1060,1327,1023,1061,1059,1139,1366,1138
1042,988,950,949,1139,1102,1140,1024,1026,1064,948
1043,3020,1608,1651,2179,1652,2292,2294,2258,1647,2215
1044,1558,3030,2956,1634,1672,1633,1671,1596,1254,1251
1045,3025,981,1019,1058,1057,1323,1018,1362,1020,1361
1046,921,883,887,922,843,920,844,886,882,885
1047,2651,2726,2689,2613,2688,2724,2691,2687,3002,2686
1048,1291,988,949,1330,1406,3038,1026,1405,1368,1215
1049,2176,2258,2215,2220,2182,2366,2139,2259,2371,2181
1050,791,677,792,639,716,753,981,830,676,678
1051,387,426,349,351,315,3009,408,369,330,331
1052,1103,1183,1109,991,1185,1147,1065,1107,1181,1027
1053,912,946,874,948,1288,1289,870,1558,909,907
1054,1708,1709,1672,1744,2087,1671,1633,1668,1706,2956
1055,3025,981,1324,1476,1058,1323,1437,3004,1018,1399
1056,530,494,532,568,493,531,455,490,488,528
1057,1447,1066,1255,1407,1028,1065,1522,1369,1293,1484
1058,2498,2423,2421,2461,2536,2459,2460,2458,2499,2535
1059,114,304,113,2935,76,265,112,73,225,151
1060,1059,1060,1021,1024,1062,1363,1061,1365,1023,1097
1061,640,603,525,678,565,564,684,645,641,3016
1062,304,105,266,264,2935,218,183,181,106,3037
1063,1694,1655,1617,1692,1696,1660,1697,1734,1657,1736
1064,2244,2520,2476,2481,1522,2056,2168,2442,2482,2554
1065,1166,1128,1127,1125,1049,1054,1392,1091,1088,1090
1066,912,836,644,873,872,950,835,949,645,911
1067,953,990,952,951,915,2986,954,917,992,913
1068,1391,1090,1123,1088,1085,1124,1125,1390,1430,1049
1069,1685,1953,1684,1913,1722,1682,1686,2220,1728,1691
1070,1406,1368,949,1444,1405,1330,1633,1292,1025,988
1071,2027,2100,2138,2062,2065,2099,2063,2061,2139,2101
1072,1151,1155,1150,1159,1117,1113,1188,1227,1228,2977
1073,414,494,377,454,415,492,418,413,453,224
1074,2604,2606,2527,2684,2644,2646,2648,2564,2525,2565
1075,1094,1058,1095,1057,1096,1059,1019,1134,1097,3025
1076,74,37,38,35,114,110,2933,34,32,76
1077,1059,1330,1214,1292,1061,988,1405,1062,1178,1060
1078,304,266,300,264,303,301,265,225,226,299
1079,1405,1480,1443,1406,1442,1444,1062,1481,1367,986
1080,2792,2755,2791,2793,2796,2790,2839,2757,2797,2875
1081,684,569,607,644,646,608,3016,645,682,570
1082,677,791,754,3025,981,1474,1094,1019,1437,753
1083,2446,2369,2409,2407,2371,2368,2329,2367,2406,2294
1084,3025,981,1019,1058,1057,1020,1018,982,1209,1335
1085,837,989,1255,1293,877,1105,876,1103,1029,1104
1086,1251,1253,2943,1288,1215,1254,1216,1330,1213,1250
1087,2256,2179,1911,2221,1726,2216,1691,2218,2214,2300
1088,886,1114,885,788,815,851,887,1077,1152,1117
1089,1144,1105,1180,1143,1103,1332,1142,1141,1182,1256
1090,114,37,74,75,76,38,73,110,150,112
1091,3007,1109,1702,1777,1739,1396,3008,1358,3004,1093
1092,2882,2881,2843,2845,2839,2678,2675,2713,2880,2755
1093,1218,1105,952,954,1180,1255,1103,1560,1447,1179
1094,684,607,642,646,644,645,3016,565,603,683
1095,1481,1406,1480,1444,1442,1405,1402,1443,1633,1330
1096,1329,1330,1291,3038,988,950,1213,1215,1139,1292
1097,2256,2293,2258,2215,2179,2221,2409,2220,2141,2372
1098,1402,1405,1481,1061,1443,1442,1026,1406,1059,1365
1099,114,37,74,76,75,38,73,112,110,2933
1100,1049,1125,1086,1048,1087,1083,1089,1053,1123,2977
1101,1028,953,989,1027,1029,990,991,1067,1065,1066
1102,3007,1109,1151,1189,1147,1187,1153,1185,1298,1112
1103,1633,1672,1671,1558,1595,1634,1708,1596,2944,1743
1104,1021,1363,1061,1325,1059,1058,1022,1023,1324,1026
1105,1149,3007,1414,1376,1260,1298,1225,1262,1264,1224
1106,1156,3007,1158,1117,1118,1116,1155,1195,1153,1149
1107,2663,2662,2702,2700,2661,3018,2665,2703,2623,2706
1108,2355,2393,2930,2432,2468,2464,2388,2387,2390,2469
1109,3007,1116,1151,1156,1112,1155,1157,1115,1113,1150
1110,1633,1672,1671,1443,1481,1178,1480,1444,1479,1710
1111,1702,1664,1740,1739,1777,1665,1741,1815,1816,3007
1112,2258,2446,2291,2182,2371,2292,2329,2142,2293,2220
1113,877,724,875,1028,837,800,878,839,647,1066
1114,877,800,685,724,839,762,647,878,763,840
1115,2972,2293,2292,2291,2328,2448,2458,2409,2217,2332
1116,1156,2977,1157,1195,1125,1160,1158,1116,1049,1127
1117,277,278,237,238,173,175,170,214,239,213
1118,950,984,454,949,948,873,910,874,946,985
1119,950,912,1558,948,874,1634,910,1672,2429,2469
1120,2692,2984,2655,2732,2735,2696,2691,2581,644,607
1121,2304,2305,2458,2081,2038,2380,2422,2418,2077,2303
1122,1522,1447,1484,1521,1559,1485,1560,1636,1486,1218
1123,1291,1368,1026,1406,1367,1216,1330,1253,1215,1405
1124,1672,1406,1747,1444,1405,1709,2204,1443,1824,1710
1125,304,303,266,227,418,264,342,225,265,2935
1126,1633,1710,1672,2996,1708,1668,1594,1709,1669,1671
1127,2406,2446,2410,2333,2293,2332,2215,2254,2367,2409
1128,795,947,796,832,948,833,720,1481,2166,2127
1129,1184,1145,1147,1109,1146,1226,1185,1188,1149,1151
1130,444,405,208,406,675,712,408,170,367,251
1131,86,124,128,49,89,119,158,157,46,129
1132,1183,1184,1147,1189,1151,1227,1156,1109,1179,1188
1133,1151,1150,1188,1189,1147,1152,1113,1116,1227,1112
1134,2519,2367,2480,2474,2444,2478,2559,2512,2473,2596
1135,677,676,639,641,678,880,841,2990,881,842
1136,280,135,279,174,240,169,167,205,241,204
1137,304,266,264,303,2935,265,376,378,342,225
1138,2575,2574,2271,2687,2568,2650,2537,2536,2612,2964
1139,3004,1049,1127,1166,1160,1054,1164,1393,1204,1167
1140,2839,2719,2882,2881,2679,2755,2802,2840,2759,2798
1141,646,684,682,3016,642,644,607,643,645,2938
1142,209,252,211,173,171,210,212,207,172,214
1143,1111,3007,2949,1376,1188,1265,1225,1149,1226,1301
1144,1725,1726,3020,1689,1650,1651,1608,1570,1688,1727
1145,1160,1159,1122,1163,1125,2977,1156,1198,1054,1202
1146,3038,1402,1330,1368,1212,1406,1025,1253,1292,2943
1147,987,1026,1060,1059,986,1022,1024,1404,1025,985
1148,2256,1494,1685,1646,1495,2217,2221,3021,1564,1641
1149,646,644,3016,569,682,684,642,604,645,798
1150,1120,1119,1158,1117,1121,1083,1122,1116,1155,1156
1151,3038,1292,1213,1330,1251,1252,1253,1250,1288,988
1152,722,682,683,646,2938,418,644,607,684,642
1153,1061,1024,1026,1023,1062,1021,1060,986,1059,1292
1154,1292,1024,1025,988,1330,1026,1102,3038,1061,1060
1155,1026,987,986,948,988,1022,1023,1366,1327,985
1156,877,876,837,875,838,571,914,1028,533,799
1157,1311,1158,1119,1120,1309,2949,1351,1083,1350,1121
1158,304,264,303,266,265,225,227,342,263,418
1159,1558,2087,2125,2166,1634,1668,2128,2956,2086,1480
1160,1777,1727,1726,1776,2947,1702,2304,1739,1701,1778
1161,1522,1521,3034,1559,1447,1484,1561,1483,1597,1485
1162,1025,1024,1292,988,1026,1102,1330,3038,1064,1252
1163,1216,1328,1213,3038,1251,1404,1289,1366,1367,2943
1164,1151,1113,1116,1343,1073,1301,2949,1117,1119,1150
1165,1444,1406,1633,1480,1405,1443,1139,949,1101,1330
1166,607,644,646,569,684,608,3016,682,642,570
1167,675,714,637,639,676,3029,674,712,828,789
1168,676,675,639,674,637,714,524,562,715,600
1169,1023,1060,1026,1024,1022,1061,1366,985,988,1330
1170,135,280,241,174,279,240,169,167,179,242
1171,204,200,199,244,212,208,171,243,172,169
1172,3007,1338,1300,1149,1148,1265,1111,1378,1109,1416
1173,2446,2362,2365,2369,2364,2990,2323,2993,2363,2247
1174,1184,1183,1145,1222,1146,1182,1221,1185,1109,1147
1175,2124,2086,2087,2166,2162,2125,1672,2202,2466,1745
1176,1633,1634,1708,1672,1558,1406,1444,1709,2956,1595
1177,1481,1443,1480,1442,1633,1444,1405,1478,1406,1709
1178,1173,1178,1140,1216,1175,1177,1330,988,1174,1368
1179,760,722,721,759,832,681,719,682,683,644
1180,2409,2446,2371,2370,2407,2954,2369,2488,2448,2408
1181,304,342,303,378,2935,263,264,265,418,266
1182,74,37,38,32,72,35,110,68,73,33
1183,214,3032,210,175,311,275,276,237,277,209
1184,1216,988,2943,1330,3038,1288,1254,1251,1253,1026
1185,1228,1151,1112,3007,1231,1155,1379,1380,1192,1193
1186,130,93,63,129,198,95,136,92,98,170
1187,984,796,947,948,1326,683,1022,760,912,988
1188,906,869,945,949,988,907,1020,983,836,874
1189,3038,1253,1212,1329,1330,1291,1368,1213,2943,1292
1190,379,644,418,683,417,722,607,645,456,415
1191,1672,2124,948,2086,1671,1668,2355,2432,2087,1708
1192,1180,1217,1218,1141,1255,1369,1179,1256,1219,1181
1193,1109,1111,1110,1112,1114,1071,1188,1194,1151,1113
1194,304,303,264,225,342,300,266,2935,265,301
1195,1348,1121,1122,2977,1083,1158,1120,1388,1281,1311
1196,793,796,832,984,947,795,794,720,948,760
1197,952,914,1066,1028,913,877,990,1027,991,875
1198,1777,1815,1689,1701,1739,1501,1813,1727,2947,2304
1199,1326,1327,1288,1289,1364,1250,1363,3038,984,1213
1200,2552,2551,2593,2590,2635,2589,2592,2632,2588,2549
1201,2433,2549,2547,2548,2551,2588,2550,2552,2471,2589
1202,1184,1183,1145,1185,1146,1222,1109,1182,1224,1147
1203,1121,1158,2977,1125,1387,1396,1120,1159,1090,2967
1204,1124,1125,1090,2977,1127,1160,1088,1123,1089,1085
1205,721,717,719,754,791,716,683,679,760,718
1206,2728,2844,2692,2774,2809,2767,2810,2806,2764,2771
1207,1118,1149,1109,3007,1301,1263,1225,1375,1116,1152
1208,2418,2256,2342,2179,2303,2300,3000,2304,2340,1492
1209,1440,1442,1402,1441,1478,1481,2179,1570,2470,2466
1210,2502,2160,2387,2348,2462,2200,2461,2385,2197,2934
1211,2423,2255,2293,2221,2220,2462,2259,2258,2458,2260
1212,1558,2956,1633,1634,1481,1672,1708,1668,1709,1744
1213,3016,644,607,646,645,2935,642,304,300,684
1214,947,988,985,948,2938,1026,874,909,1633,987
1215,304,418,378,3016,2935,303,569,342,644,379
1216,1090,2977,1198,1128,1202,1052,1159,1116,1127,1126
1217,501,392,426,500,499,465,502,463,433,464
1218,304,266,264,645,300,3016,223,684,303,189
1219,948,870,984,947,909,796,832,912,874,946
1220,1122,1120,1118,1121,1117,1094,1083,1116,1158,1081
1221,1059,1363,1021,1060,1365,1364,1061,1368,1403,1330
1222,1156,1122,1152,1151,1114,1117,1118,2977,1157,1116
1223,2524,2487,2638,2954,2602,2486,2641,2442,2449,2642
1224,883,886,848,888,809,845,847,921,849,846
1225,1391,1049,1048,1428,1427,1051,1161,1392,1053,1047
1226,1183,1180,1145,1179,1296,1217,1218,1219,1255,1222
1227,1118,1117,1156,1158,1116,1652,1155,1160,1121,2949
1228,2355,1672,2470,2432,2950,2430,2466,2508,2390,2428
1229,156,118,154,116,158,157,120,155,117,115
1230,1066,1028,1027,1065,1029,989,991,1067,1447,1522
1231,494,530,532,568,488,493,418,451,490,529
1232,683,304,266,303,264,265,2938,684,189,227
1233,1048,1049,1127,1086,1087,1202,1238,1166,890,1125
1234,1447,1255,1484,1369,1257,1407,1446,1409,1445,1408
1235,1156,1157,1159,2977,1125,1191,1158,1160,1115,1116
1236,196,160,3031,233,234,135,141,198,157,270
1237,266,304,264,303,300,265,2935,225,227,301
1238,644,645,722,494,414,607,683,719,718,418
1239,1633,1705,1667,2996,1710,1668,1743,1708,1672,1671
1240,948,947,912,874,988,987,984,950,832,1026
1241,2643,2523,2487,2642,2604,2527,2525,2485,2565,2566
1242,179,408,217,295,334,372,135,178,177,369
1243,1447,991,1028,1484,1522,990,952,1066,2207,1027
1244,2446,2409,2371,2407,2369,2488,2482,2444,2954,2370
1245,214,252,173,212,314,277,177,139,175,213
1246,646,3016,644,645,682,608,418,379,569,722
1247,304,264,300,266,2935,303,418,265,225,301
1248,497,536,535,457,459,989,498,495,574,610
1249,656,624,657,658,654,621,694,692,623,653
1250,832,796,947,984,795,722,948,793,833,720
1251,1026,1060,1366,1481,1098,986,1102,796,1327,948
1252,1057,1096,1058,1095,1019,1400,1399,1134,1060,1287
1253,1151,1189,1188,1184,1156,1150,1228,1227,1194,1113
1254,118,116,156,120,154,122,2966,157,79,84
1255,1151,1150,1146,3007,1189,1113,1228,1109,1152,1190
1256,381,989,837,420,382,876,343,800,571,951
1257,2578,2503,2577,2467,2579,2464,2542,2934,2539,2580
1258,952,914,913,915,954,1180,875,1105,990,1103
1259,1180,1218,1181,1183,1219,1105,1256,1217,1143,1027
1260,1128,1125,2977,1395,1127,2967,1396,1090,1166,1089
1261,1608,3020,1724,1570,2183,1726,1646,1992,2179,1650
1262,945,907,1324,1362,869,944,986,906,1287,871
1263,1558,1634,1481,1672,1709,1671,1405,1480,2989,1633
1264,1558,1746,2989,1672,1634,2127,2956,1595,3030,1630
1265,722,683,646,644,607,682,681,643,645,721
1266,2525,2527,2488,2528,2487,2410,2529,2523,2415,2606
1267,2519,2475,2362,2512,2169,2474,2513,2511,2400,2477
1268,2163,2166,2950,2466,2125,2127,2470,2086,2239,1672
1269,2975,1490,1528,1565,1145,1109,1110,1529,1146,1414
1270,2482,2520,2522,2559,2964,2483,2442,2521,2564,2523
1271,1330,1253,1251,985,2943,1023,1288,1216,1215,1254
1272,521,445,522,482,520,485,483,484,523,481
1273,720,1026,758,722,757,681,988,756,643,683
1274,522,524,485,520,494,445,482,521,532,561
1275,2488,2526,2528,2530,2492,2527,2449,2954,2450,2489
1276,2255,2256,2217,2294,2258,2221,2220,2259,2296,2257
1277,224,189,2957,187,151,228,188,264,227,113
1278,1368,1330,1140,1365,1405,1406,3038,1292,1367,1364
1279,1145,1107,1338,1300,1146,1111,1184,1263,1335,1108
1280,1184,1186,1415,1224,1148,1150,1189,1227,1222,1191
1281,2304,2220,2258,2183,2215,2221,2298,2303,2418,2302
1282,2215,2216,2176,2179,2254,2217,2293,2972,2256,2175
1283,722,683,719,645,681,643,684,832,646,682
1284,2385,2258,2422,2423,2384,2412,2458,2259,2300,2488
1285,1326,1403,1367,1365,1026,1405,1215,1251,1289,1366
1286,722,2938,682,683,646,644,418,684,832,645
1287,2088,1708,1781,2956,2052,1633,2127,1672,1898,1899
1288,1054,1124,1127,1086,1091,1122,1128,1085,1092,1123
1289,1291,1368,2949,1380,1266,1385,1384,1190,1118,1379
1290,1494,1459,1417,1496,1460,1151,1379,1453,1418,3021
1291,2261,2521,2215,2262,2560,2035,2302,1691,2301,2300
1292,2839,2639,2882,2843,2757,2678,2792,2841,2880,2881
1293,823,3029,826,858,825,824,827,894,859,897
1294,189,266,376,224,72,2935,225,227,187,302
1295,1557,1558,1633,3030,2956,1634,1672,1708,2088,2996
1296,136,137,63,99,98,138,95,96,57,59
1297,1672,2127,2241,2204,2239,2164,2432,2202,2280,2277
