,brk,tsh,Ilp4,run,Antp,oc,CG8147,knrl,ftz,h
,rho,CG14427,srp,apt,ImpL2,Blimp-1,nub,Kr,Btk29A,CG11208
,prd,tkv,zfh1,Cyp310a1,pxb,CG43394,fj,htl,lok,sna
,trn,MESR3,toc,gt,Mdr49,dan,bowl,D,noc,CG10479
,disco,Ama,Traf4,fkh,danr,odd,aay,dpn,ImpE2,Doc2
,eve,bun,Mes2,kni,Ance,twi,cnc,edl,rau,hb
1,173,135,212,174,168,132,252,134,3012,163
2,2941,782,781,784,821,749,785,819,745,783
3,2124,1743,1025,1402,1097,1061,1744,2163,2950,1059
4,49,91,90,87,55,53,59,89,57,88
5,1438,1401,1441,1405,1442,1368,1156,1364,1026,1744
6,889,2689,2690,2729,755,2543,2544,792,2767,2728
7,259,184,226,301,187,304,220,183,303,221
8,114,35,34,68,74,38,37,152,2937,112
9,1106,1146,1255,2019,956,993,1104,1103,1142,1107
10,14,3019,38,223,15,13,2974,10,16,34
11,524,1115,796,1254,836,832,1040,1474,1026,1132
12,1201,1199,1205,1128,1160,1202,1203,1238,1204,972
13,1153,1115,1077,1155,1150,1151,1194,1119,1156,1420
14,2233,2532,2269,1245,2270,2496,2534,2754,2798,1282
15,189,187,226,301,569,222,227,300,224,2935
16,2911,2889,2892,2854,2908,2890,2921,2920,2845,2894
17,874,1213,873,912,1254,2943,1215,1249,1176,2944
18,1190,1152,1113,1191,3007,1150,1452,1111,1460,1149
19,2408,1114,2331,1153,1112,1075,2291,2936,1157,1154
20,459,457,495,576,575,537,538,153,192,156
21,1112,1071,1077,1073,1116,1114,1072,1110,1113,2936
22,1026,1746,1744,1706,1668,1671,1669,1745,1784,1366
23,1442,2048,1744,1026,1746,1709,758,1708,1706,1671
24,2498,2535,2612,2650,2536,2533,2499,2459,715,677
25,34,32,74,66,30,37,38,35,68,107
26,138,60,253,49,101,63,214,88,130,251
27,174,201,214,252,133,213,331,205,204,139
28,1059,1097,1099,1098,832,1367,1138,1062,1063,1021
29,2673,2719,2717,2590,2685,2722,2723,2678,2683,2718
30,1194,1191,1155,1230,1190,1153,1690,1195,1193,1115
31,3007,1113,1111,2949,1115,1195,1073,968,1156,958
32,2910,2890,2915,2815,2875,2835,2953,2912,2872,2791
33,976,2187,2983,1245,901,938,2229,2308,634,1207
34,2219,1112,1113,1685,1147,1154,1148,1382,919,1152
35,454,417,414,494,456,455,418,493,416,415
36,500,463,3017,464,474,503,461,502,425,465
37,532,530,494,414,493,454,455,490,379,456
38,1177,1216,3014,1026,1140,1139,836,835,874,1102
39,1402,874,909,1026,1746,1744,912,873,1364,1782
40,2396,2551,2592,2635,2591,2593,2400,2634,2167,2586
41,2691,679,719,645,683,2692,682,684,2693,756
42,843,1115,1156,1119,1194,1155,1091,1153,1195,1690
43,1626,944,1248,1593,1286,946,1627,869,1020,1628
44,840,801,841,763,765,842,803,1378,1341,838
45,1153,1106,2936,1421,1075,1649,1648,1112,1077,1150
46,1155,1077,1330,3008,1400,1438,1026,2947,1292,1323
47,1054,1017,1053,1093,977,1055,1056,1016,1092,1321
48,2941,1125,1129,749,783,748,747,785,784,711
49,1695,1735,2380,781,1810,1996,2342,1772,2071,1734
50,1128,1121,1160,1154,1119,1129,1158,2977,1089,1126
51,2804,2842,2844,2807,2771,109,2999,2809,2850,20
52,34,38,37,74,35,68,114,32,107,36
53,825,3029,824,1157,887,1158,892,843,788,1156
54,197,130,437,157,165,163,3012,475,158,511
55,603,644,607,608,646,3016,605,565,640,642
56,54,60,10,3019,52,6,13,9,15,108
57,1156,1119,1081,1083,1077,1194,1118,1128,1120,1196
58,1251,1140,1025,1102,1405,1252,988,1062,2011,2048
59,1916,1644,1987,1807,1885,1844,1884,1923,1648,2150
60,247,438,362,324,286,479,403,361,476,399
61,2735,2428,2698,2984,2654,2694,3006,2466,2429,2390
62,692,691,696,690,693,694,768,698,2955,731
63,173,174,238,213,212,201,172,237,280,133
64,1657,1615,1656,1885,1619,1289,1696,2150,1618,1886
65,469,465,508,503,463,467,464,468,502,436
66,2968,2885,2888,2881,74,2922,2886,2884,2926,34
67,2218,1954,2215,2219,1683,2254,1691,1690,1115,2255
68,2939,2636,2597,2591,2557,2627,2594,2592,2551,2630
69,1292,1330,1291,988,1329,1253,1328,1025,1102,1368
70,2724,791,2689,2762,2729,2768,2728,2687,2767,2679
71,301,340,341,376,339,265,263,302,380,264
72,1744,1402,1441,1784,1442,1745,1405,1743,1155,1062
73,210,440,246,172,237,168,438,207,400,362
74,1245,1055,1283,1315,1205,1282,1083,1168,1054,1155
75,1671,1668,2011,2048,1634,1670,2052,1632,1708,1251
76,2556,2593,2594,2557,2555,2635,2478,2516,2592,2600
77,2693,2696,2691,2698,2733,2654,2695,684,2734,2692
78,2936,1075,1112,1109,1037,1150,3007,1110,1111,1113
79,1020,1323,1667,1324,1325,982,1629,1364,2996,1285
80,2872,2867,2910,2870,2864,2876,2921,2904,2924,2873
81,1155,1077,1150,1190,1153,1739,2219,1078,1156,1119
82,1156,1155,731,1158,661,655,1119,1128,770,1118
83,1114,1115,1043,1078,1080,1050,1013,1152,741,1112
84,540,230,194,610,270,234,880,192,153,878
85,1368,1329,1330,1402,1292,1291,1401,1253,1025,1405
86,1077,1079,1017,1110,1083,1078,1080,1043,1081,1663
87,2928,92,55,91,94,46,90,49,87,118
88,881,1147,1689,1148,880,1690,1726,2030,1686,1764
89,239,240,241,242,478,516,238,469,201,199
90,1250,1251,1254,874,1215,1102,1252,909,946,1253
91,49,88,46,58,53,55,89,59,57,56
92,224,148,2957,265,263,304,185,187,189,301
93,1218,989,992,1181,993,2625,996,2792,1228,997
94,2318,2315,1975,2316,1821,2276,2277,2278,2279,2356
95,722,1706,1024,2052,2011,1710,2048,684,1708,760
96,749,712,748,788,747,675,2599,2382,711,2560
97,1671,1668,1743,2124,1670,1634,1632,1744,1746,2163
98,2939,2636,2597,2594,2557,2678,2593,2634,2638,2595
99,961,2330,2029,998,1989,2292,2333,2372,2293,1266
100,1634,2956,1668,1671,1672,2996,1670,1632,1709,1708
101,2648,2647,2649,2607,2605,2646,2609,2566,2525,2684
102,1330,1291,1327,1213,1252,1253,1289,1328,1368,3014
103,1330,1253,1368,1329,1292,1363,1291,1102,1099,1364
104,494,414,529,455,418,417,493,568,1783,416
105,184,225,304,302,264,266,222,300,340,227
106,1185,1152,1190,1113,1150,1189,1228,1149,1183,1194
107,94,164,128,59,57,129,95,132,3012,98
108,3016,3030,2088,1634,379,567,608,644,1632,1520
109,1150,1147,1148,1109,2949,1073,1116,1110,1452,1142
110,1634,1668,1291,1672,2013,2956,1671,950,988,2996
111,1155,1115,1116,1077,1118,1150,1113,1190,1075,1112
112,953,1181,878,1903,952,2206,951,1218,2167,1141
113,874,1252,1634,912,1214,873,1632,1290,1251,1520
114,172,210,237,207,280,245,238,168,133,171
115,1055,1054,1016,2307,2308,1017,1053,2005,2269,1967
116,1112,3007,1111,1113,1151,1380,1114,1422,1115,1383
117,1043,1118,1114,1079,1049,1013,1115,1081,1045,1047
118,2594,2557,2556,2593,2939,2597,2595,2592,2600,2636
119,1156,1157,1086,1163,2977,1164,1081,1124,1116,1088
120,2281,1030,2359,1028,2283,2320,2244,2959,956,993
121,1196,1155,1160,1199,1115,1167,1201,1124,1083,1086
122,1405,417,1783,494,1744,1746,1367,1708,1402,1140
123,1433,1113,3007,1111,1417,1152,2420,2421,2460,1434
124,1142,1181,1028,1103,1106,1105,1220,1218,1143,1141
125,1083,1160,1586,1659,1698,1661,1663,1205,1701,1700
126,94,125,92,130,166,132,95,164,163,369
127,644,608,605,2989,874,569,567,3030,1252,1630
128,684,645,682,683,607,719,988,646,756,2938
129,1377,1376,1120,1357,1110,1358,1359,1121,1375,1348
130,1114,1077,1043,1080,1115,1156,1076,1118,1112,1152
131,1040,2334,1155,1005,958,2335,962,2454,2373,2417
132,34,32,74,38,35,68,75,107,114,144
133,1353,1050,1391,1351,1313,1013,1082,1049,1319,1358
134,2658,2657,2616,2659,2697,2696,2660,2735,2617,2619
135,340,304,263,378,301,341,379,2935,303,225
136,1251,1253,1252,1290,1254,3038,1289,1250,1328,1214
137,341,1402,1520,1558,1783,494,417,1744,1026,1746
138,2990,2511,2510,2512,2245,2247,2513,2547,2209,2553
139,2658,2315,912,873,3006,2316,2697,2696,1824,2660
140,1739,1435,1815,1433,2072,2073,1996,2112,2343,2071
141,682,643,684,603,2431,607,950,988,2393,646
142,1162,1236,1166,1160,1204,1202,1165,1203,1238,1163
143,808,769,806,707,445,741,446,514,771,634
144,900,975,898,669,976,938,784,937,901,940
145,798,1862,1861,1823,1140,1899,1824,1558,1520,3014
146,569,3016,607,570,529,605,642,603,640,567
147,1129,1128,1091,1130,1435,2977,1163,1167,1470,1472
148,2678,2759,2717,2683,2597,2939,2641,2718,2756,2557
149,1052,2941,1663,1128,2382,1091,2420,745,1738,1055
150,1330,1292,1291,988,1329,1367,1328,1253,1252,1025
151,114,74,37,68,35,36,76,112,2933,71
152,757,2430,758,796,720,760,1025,1442,1102,1405
153,756,988,645,719,2431,683,2543,794,760,2544
154,807,2939,2597,709,773,769,635,674,673,708
155,1205,1201,1202,1238,1204,1203,1199,1167,1240,1242
156,1406,1748,1785,1405,1786,988,1783,341,1634,1709
157,1292,988,1329,1367,682,949,684,1291,1025,950
158,798,605,1558,644,608,2943,1594,1253,1252,3030
159,1251,1252,1290,1214,1254,874,1215,3038,1213,909
160,709,676,2941,711,739,778,637,746,673,707
161,1593,1630,1706,1671,1668,2989,1669,1596,986,985
162,1055,1321,1053,1015,977,1052,1017,1050,1013,1283
163,1706,1746,1744,1710,1708,1671,1668,1745,1743,1786
164,1252,1251,1214,1291,1253,1213,1215,874,873,912
165,1558,1634,2996,1520,1671,1672,1668,2956,1633,3030
166,159,121,123,161,164,3012,163,165,131,160
167,1704,604,1402,1666,569,608,644,567,1742,488
168,2474,802,1106,761,799,2402,2359,2436,765,2567
169,500,614,577,463,576,575,503,538,541,462
170,874,1252,3030,912,1634,873,1632,1290,1976,1972
171,2790,2791,2677,2674,2793,2873,2915,2917,2835,2875
172,529,570,493,606,494,417,644,608,567,454
173,1205,1195,598,1003,1034,1155,1234,927,1232,1233
174,2806,2772,2731,2809,2804,2771,2768,2729,2730,2767
175,362,364,365,328,434,361,327,403,286,324
176,2485,2522,2605,2598,2478,2516,2520,2601,2561,2525
177,2612,2535,2536,2650,2498,2499,2573,1321,2410,2534
178,2733,2689,2731,2651,2652,2691,2644,2729,2770,2734
179,1139,1102,1101,988,1063,1329,1292,1098,1330,1140
180,147,184,150,108,111,144,109,225,228,146
181,37,36,114,28,74,38,35,34,68,107
182,1903,2054,989,1029,1673,1712,1447,1939,2169,1978
183,1663,1458,1683,1696,1659,1697,1815,1738,1690,1661
184,3030,1252,2970,644,608,567,1520,1558,1972,1935
185,985,987,986,984,988,1024,682,722,949,983
186,1049,1050,1013,1052,1053,1090,1083,1051,1045,1047
187,1130,1661,1055,1394,1052,1049,1391,1013,1015,1435
188,2335,1120,2376,2567,2606,1348,2607,475,777,2261
189,1030,1029,1028,1068,1031,1066,1293,1295,1027,991
190,1055,1054,1436,1282,1208,1130,1015,1435,1056,1283
191,1480,1667,1291,1704,2996,1634,1364,1021,1709,1444
192,341,494,454,455,532,456,379,416,415,493
193,1025,1102,988,1062,1024,1026,1063,1367,1292,1291
194,1282,1055,1663,1283,1245,1206,1052,2994,1086,1358
195,1144,1103,1105,1106,1077,1143,1108,1155,1146,1069
196,1113,1152,1229,1230,1116,1266,1151,1111,1191,1150
197,1120,1083,1122,1086,1051,1160,1159,1125,1085,1084
198,556,482,481,661,588,592,554,553,445,629
199,2633,2592,2630,2631,2593,2668,2591,2635,2672,2632
200,2485,2561,2524,2523,2598,2600,2560,2601,2566,2525
201,1625,1052,1013,3004,1020,1358,1015,1323,1054,1320
202,991,2407,2281,2362,1028,2358,2319,1261,2409,2366
203,2968,2922,2885,2924,2888,2886,2902,2884,2895,2926
204,1253,1330,1292,1291,988,3038,1368,1252,1329,1140
205,1055,1155,1049,1077,1091,1053,1051,1125,1115,1315
206,651,688,649,686,690,656,653,647,661,3023
207,2678,2683,2759,2755,2797,2679,2753,2757,1093,2681
208,417,414,418,454,494,341,415,416,456,379
209,1230,1229,1232,1193,1458,1459,1504,1191,1812,1190
210,2826,2855,2911,2902,2864,2791,2790,2895,2854,2892
211,2677,2637,2641,2678,2599,2794,2673,2709,2639,2719
212,414,377,455,418,454,300,227,225,415,416
213,478,403,475,541,479,579,818,513,542,509
214,304,263,265,301,415,414,341,416,300,340
215,1243,2994,1282,1245,1277,1278,1280,970,1009,1052
216,2605,2565,2687,2682,2684,2645,2647,2648,2724,2566
217,619,654,481,658,589,2961,594,632,590,656
218,1252,1214,1251,1215,1213,1253,3014,1254,1290,1291
219,1053,1015,1052,1055,1054,1661,1017,1013,1049,1050
220,172,178,217,216,139,215,177,210,403,207
221,1099,1062,1059,1061,1329,1097,1063,1402,1098,1367
222,602,678,605,603,640,564,608,567,644,646
223,1160,1123,1155,2112,2073,2072,1084,1085,1159,1424
224,2659,2697,2660,1972,1976,1937,1935,2615,874,2658
225,1880,1840,1838,2102,1845,2144,1882,2061,2104,2182
226,2791,2790,2829,2915,2939,3028,2678,2833,2749,2820
227,970,900,930,929,1040,927,966,1005,1167,596
228,988,2619,341,2620,2659,2660,2616,874,2735,1102
229,1399,1420,1131,1093,1130,1438,1096,1057,791,2461
230,1102,1062,1059,756,1097,1063,1024,1026,1330,1367
231,1167,1386,1232,1129,1388,1201,1079,1191,1150,1110
232,38,14,3019,2974,34,17,16,33,2,2937
233,60,18,17,21,16,23,33,51,11,20
234,1916,2221,1112,2141,1109,2220,1567,2949,2298,1073
235,2291,2408,1016,2612,865,2412,2983,2410,2331,2233
236,805,809,803,769,773,801,839,840,804,810
237,989,2960,1446,993,992,1028,1030,1939,1217,1255
238,1901,1902,1108,1106,989,1029,1371,1636,1863,1864
239,1558,1444,1743,1786,1785,1748,1406,1824,1520,1482
240,340,300,227,2957,224,148,263,265,304,342
241,1412,2169,2208,1409,1408,2209,1369,1410,1867,1677
242,2752,427,2792,429,1344,1037,2713,425,466,424
243,407,446,483,409,543,582,549,370,507,445
244,1329,1292,1367,1330,1098,1140,1291,1406,950,1101
245,2081,2156,2424,2462,2198,2425,713,2160,2426,2383
246,2626,2627,2551,2625,2547,2549,2587,2635,2553,2851
247,1634,2996,2013,2956,1672,1671,3038,1631,1709,1368
248,494,455,1405,1327,1368,493,3014,1289,1214,528
249,1133,1460,2216,1435,1455,1165,1168,1187,2215,1191
250,1142,1256,1294,1028,1255,1141,1977,2015,991,1105
251,1739,2947,1077,1650,1777,1654,1663,1946,2004,1435
252,1215,874,1252,1213,912,873,1214,1291,1251,1254
253,1291,1330,1292,1328,988,1329,1025,1368,1102,1289
254,1244,1006,1010,1278,1277,1276,1207,1053,1355,973
255,1739,1504,2081,1816,1417,1744,1815,1691,1663,1930
256,640,603,1291,1252,1253,608,564,644,1214,604
257,2567,2606,2607,2648,2569,2525,2485,1076,2608,2524
258,1049,1391,2222,1112,974,1051,1123,1018,701,1392
259,1291,1328,1253,950,986,988,873,2048,2657,912
260,1690,1613,1997,1612,1732,1694,1651,1427,1842,1962
261,1037,1683,1685,2256,2255,804,1954,1150,1110,1108
262,1075,2936,2000,1963,1961,1959,1997,1998,1654,1921
263,1190,1229,2936,1075,1854,1150,1149,1189,1777,1146
264,1100,1291,1368,114,1081,1330,1292,2933,71,112
265,2150,2113,2110,768,2114,2111,2115,2188,2149,2189
266,658,596,559,595,520,624,561,810,522,558
267,565,603,644,567,569,608,607,3016,646,604
268,36,152,114,76,37,38,147,75,110,2933
269,2646,2687,2647,2684,2724,2566,3029,2722,2685,2524
270,992,1028,1030,1939,993,956,1980,1142,917,953
271,2729,2730,2728,2769,2733,2806,2689,2804,2695,2768
272,2048,2013,2050,2431,2389,2427,2930,2393,2052,2011
273,1923,2004,1922,1885,1963,2998,1924,1965,1962,1884
274,682,678,487,563,524,1057,2934,486,2542,529
275,2169,1903,1980,2131,1905,2960,1982,2020,2129,1943
276,954,2131,1978,2170,1939,952,2168,2054,953,1903
277,2882,3016,222,2354,184,949,2673,2802,183,912
278,675,712,709,673,749,637,595,636,711,669
279,883,824,1988,847,748,747,823,922,924,919
280,1040,768,1083,1006,1003,731,975,1309,699,901
281,1291,722,1097,1214,1099,1368,1064,719,1102,1057
282,2989,874,1593,3030,1630,608,644,1634,2996,2048
283,201,364,133,174,204,205,237,200,208,172
284,1053,1055,1125,1244,1132,1052,976,2994,1207,517
285,988,683,719,645,680,2696,2938,2654,2694,684
286,1282,1245,1243,2994,2962,1283,1586,1003,1206,1280
287,1077,1118,1081,1080,1043,1115,1156,1116,1114,1079
288,1025,1214,1062,1329,1063,1215,1292,1140,1139,1291
289,457,540,231,495,271,576,575,478,234,538
290,2960,1903,3039,1940,1411,2169,1677,1980,2986,1905
291,1155,1692,1734,1733,1160,1462,1458,1695,1464,1150
292,1155,1386,1086,1159,1160,1129,1115,1123,1388,1116
293,1035,1074,1036,999,2371,2366,2451,2409,2369,1001
294,951,989,953,991,1031,913,992,1028,1029,687
295,2619,2620,2660,2273,2659,906,2616,2388,2431,2389
296,1613,1077,1533,2936,1112,1075,1229,1081,2949,1043
297,1397,1141,1222,1183,1197,1142,1395,1107,1145,1185
298,1672,2956,1668,1671,1634,1670,1444,1709,1708,1520
299,1013,1052,1358,1015,1663,1661,1054,1394,1391,1050
300,1291,2507,2431,1406,1822,1442,2389,2048,2506,2468
301,1155,1150,1075,1190,2936,2149,2030,1685,997,1153
302,1113,1151,2257,3007,1111,2219,1112,1152,2299,2338
303,1140,1174,3014,1139,1213,1176,1178,1216,1212,1175
304,455,454,494,341,415,416,3016,493,377,379
305,912,873,2619,874,2694,2659,2697,2660,2620,988
306,1205,1315,1125,1163,1167,1201,970,1009,1013,1049
307,1201,1125,972,1205,1088,1167,1013,781,1050,1364
308,341,379,377,494,417,380,378,455,418,456
309,1252,1253,1214,1291,1251,1368,1289,1328,1330,1292
310,2936,1075,1150,1311,1115,1270,1232,1234,1384,1081
311,1978,2169,1939,1903,1980,2960,2130,2206,1447,2167
312,379,341,417,454,380,494,414,377,456,455
313,1043,1045,1047,1052,1083,1050,1082,1114,1054,1080
314,1442,1102,2198,1026,1063,1134,1480,1402,1098,1136
315,646,643,684,682,683,680,607,645,719,988
316,1205,1196,1155,1236,929,704,1160,1159,1199,1197
317,2291,2408,2369,2406,2409,2366,2371,2410,765,764
318,1078,1048,1009,1083,1003,1015,1662,1047,1045,1245
319,1923,1963,1965,1922,1885,1924,1966,2004,1962,2002
320,1291,1253,1064,1102,1368,988,1097,1026,1024,1063
321,1814,1815,1459,1193,1232,1147,1461,1150,1268,1460
322,193,158,156,117,155,153,192,116,154,191
323,2551,2592,2630,2593,2631,2633,2557,2672,2591,2594
324,646,684,683,607,682,2693,722,2696,2692,603
325,1230,1194,1156,1155,1190,1229,1119,1077,1150,1188
326,2441,2284,2209,2245,2990,2021,2397,2435,2399,2438
327,2952,1687,1724,1685,1686,1683,1645,1188,1190,1150
328,1179,1029,1141,1222,1065,1028,1142,1107,799,1103
329,1077,1080,1116,1653,1118,1114,1079,1112,1345,1384
330,454,418,456,379,377,341,414,417,416,415
331,874,1215,1328,1252,1253,1213,912,873,1214,1290
332,34,32,74,38,68,35,16,107,72,71
333,1082,1013,1120,1124,1083,1122,1086,1045,1350,1047
334,2307,713,2385,1739,2156,2347,2423,2305,2345,2346
335,2075,1995,2076,2338,1691,1683,2218,2301,1954,1155
336,589,667,970,1083,1086,733,585,929,1045,1047
337,1253,1291,988,874,646,1368,986,1709,1630,1328
338,2260,2218,2254,1691,2256,2179,2214,1954,2220,2215
339,603,642,607,646,643,684,682,641,683,608
340,1140,341,1861,1520,1558,1899,1178,1102,950,1406
341,1028,991,1031,992,989,1030,1027,993,915,1066
342,1668,2956,1672,1786,1748,1785,1670,1634,1644,1702
343,1077,1658,1690,1965,2220,1043,1644,1608,1873,1074
344,1405,1367,1708,1402,1744,1746,1783,1784,1786,1406
345,699,630,698,481,2955,667,697,522,517,596
346,874,341,379,912,873,988,1022,1291,1709,492
347,1245,1049,1083,1282,1055,1205,1119,1128,1391,1013
348,1102,1405,1783,1062,1744,1026,1063,1440,2163,1746
349,413,417,378,418,337,377,456,379,341,414
350,1150,1153,1155,1075,2936,1190,1232,1193,1115,1151
351,291,941,353,97,174,978,424,426,173,362
352,1130,1156,1194,1077,1434,1160,1195,1472,1396,1116
353,900,970,938,974,930,929,1125,940,1163,670
354,1053,1048,937,1015,1017,1016,1054,977,1078,1315
355,1054,709,1055,1016,1321,1017,1053,637,979,1093
356,1099,1102,1062,1402,1367,1100,1098,1063,1097,1061
357,1252,1253,1251,1330,1292,1291,1328,1250,988,1368
358,588,517,2961,446,514,551,590,555,483,516
359,2941,1663,1625,749,675,1623,741,748,747,1054
360,1078,1043,1119,1153,1150,1114,1075,1152,1112,2936
361,481,518,517,480,483,409,407,482,3017,519
362,2733,2734,2770,2696,2695,2693,2698,646,2546,2689
363,454,493,494,341,417,456,455,418,530,414
364,379,340,2935,303,263,301,376,341,417,380
365,2727,2689,2729,2502,2730,2725,2938,2545,2544,760
366,1289,1327,1026,27,1326,143,104,16,1364,1366
367,1916,2099,1873,1961,1959,1998,1921,1380,1955,2946
368,1119,1156,1194,1196,1155,1190,1772,1771,2948,1734
369,2543,2544,2618,2584,1140,756,2545,755,760,683
370,1139,1140,1178,1215,1213,1250,1252,3014,1173,1175
371,414,494,418,455,454,417,341,415,416,493
372,1181,1141,1065,1142,1104,1218,1029,1028,1185,1180
373,1388,1466,1155,1389,1086,1386,1385,1083,1424,1462
374,633,670,669,706,705,672,634,637,701,699
375,2064,925,2102,883,1994,2068,2030,2062,2023,2027
376,644,608,640,605,569,567,607,3016,604,603
377,454,494,417,414,456,418,455,493,415,416
378,3012,157,165,163,164,168,437,130,158,134
379,1120,1159,1079,1114,1081,1080,1121,1157,1198,1161
380,826,824,786,788,2603,784,3029,2941,2640,2642
381,1083,1045,1047,1050,1009,1082,1049,1122,1086,1051
382,36,114,37,38,74,75,35,68,112,2933
383,1078,2936,1075,1115,1110,1043,1389,1050,1118,1049
384,1213,1250,1252,3014,1214,1251,1139,1140,1292,1291
385,766,769,729,736,2941,772,565,774,768,675
386,782,2941,709,745,777,783,707,784,671,741
387,684,988,646,2938,682,643,683,607,645,1140
388,1155,1077,1118,1194,1156,1147,1153,1148,880,1154
389,224,226,187,189,227,188,300,2957,148,303
390,1153,1190,1155,1150,2252,1183,1077,1194,1156,1193
391,2124,2088,1668,2956,1671,1672,2013,2084,2049,2930
392,786,787,824,2941,788,783,782,826,825,823
393,1225,1230,1229,1190,1168,1167,1193,1224,1222,1223
394,605,608,644,3016,603,642,607,567,569,646
395,3030,1937,1972,1935,1976,3027,1213,1252,1973,1557
396,1253,1250,2694,1292,2697,1291,683,2580,2658,645
397,38,23,16,33,20,11,28,32,14,18
398,1102,1026,1063,1025,1064,1101,1062,988,1024,1097
399,667,709,770,636,777,707,631,590,555,741
400,1025,1102,1062,1329,1063,1026,1098,1292,1367,1402
401,1283,1245,1054,1169,1243,1587,2994,2308,938,2532
402,1861,1140,1899,1558,874,1938,912,2240,1900,873
403,769,766,729,809,734,699,768,633,807,736
404,2790,2791,2781,2830,2826,2829,2904,2815,2873,2918
405,1691,1158,1810,1155,1733,1731,1734,1811,1683,1199
406,913,2986,915,875,761,916,879,876,837,840
407,1102,988,1062,1063,1026,1024,2163,722,1367,718
408,214,252,55,91,89,403,88,94,215,138
409,523,589,560,555,590,521,624,481,520,556
410,1167,2194,1738,1815,1205,2193,2116,1776,2114,2115
411,1038,2228,1568,2227,2219,1037,1683,1533,2329,1887
412,568,570,531,529,608,644,569,493,494,528
413,1040,970,900,930,929,832,966,833,962,1115
414,1634,1672,1671,2013,1668,2956,1291,1632,1670,2996
415,2885,2968,2886,2884,2779,2845,2888,2918,2841,2879
416,157,158,615,616,196,197,154,156,120,153
417,836,1516,568,494,1175,1212,1897,796,832,529
418,2150,2149,2187,768,2109,2147,2186,1840,1838,2227
419,38,52,23,34,16,14,3019,32,54,15
420,1112,1113,1382,1152,1122,1151,3007,1111,1124,1072
421,1063,1140,1098,1367,1025,1442,1178,1064,1101,1102
422,556,588,517,558,445,555,590,587,551,446
423,341,379,417,414,340,377,303,2935,304,378
424,1558,760,3038,1405,988,341,417,2733,1026,1746
425,192,153,155,158,193,154,156,231,191,194
426,812,777,805,775,808,710,801,778,807,780
427,991,2243,1028,1217,1065,1067,1031,1294,1293,764
428,1205,1167,1235,1201,2967,2994,1204,1203,1274,1237
429,2956,2013,1668,1671,1672,2996,1634,1670,2052,2048
430,481,2961,589,590,555,556,520,482,624,664
431,2619,2660,2659,2620,912,873,2694,2697,836,2616
432,1167,1206,1169,1055,1130,828,864,2963,904,1094
433,1785,1406,1748,1405,1786,1783,1444,1744,1746,1747
434,1911,1811,1883,1433,1810,1434,1848,3029,1731,1472
435,1240,1242,1201,1204,1238,1202,1203,1125,972,1205
436,286,324,285,325,362,249,1009,434,247,348
437,1205,1155,1196,1234,1232,1159,1459,1199,1197,1115
438,1153,1154,1115,1076,1151,1150,1155,1113,1230,1229
439,986,912,873,987,910,874,909,950,2619,984
440,263,378,301,340,303,380,304,342,339,299
441,951,2244,2207,2205,1939,2208,2209,1369,989,2246
442,1083,1045,1047,1013,1082,1049,1120,1086,1122,1081
443,1029,1445,1255,1370,1522,1104,1448,1601,1449,1332
444,1291,1214,988,1292,1252,950,646,341,1634,379
445,1738,1055,1155,1168,2382,2156,1245,1663,1130,1815
446,2369,2409,2371,2366,2407,2448,2493,2408,2490,2291
447,341,417,454,418,492,453,456,377,379,416
448,1253,1291,1368,1252,1328,1214,1330,1292,1251,1254
449,1115,3007,1111,1003,1071,2936,1075,1001,1040,1078
450,1030,992,1028,1068,1031,1108,993,991,1029,1033
451,1304,1065,1070,1031,1268,1072,1307,1146,1106,1104
452,1213,1102,3014,1214,1026,1063,1329,1098,1139,1140
453,1328,1251,1254,1290,1061,1327,1025,1253,1252,1250
454,999,2329,2370,2408,804,1000,1035,1343,2179,2292
455,364,365,362,327,403,442,363,366,326,405
456,567,529,798,606,569,608,644,570,525,604
457,518,517,480,481,482,561,596,559,555,590
458,1029,989,1146,1106,1446,1559,2055,1104,2131,1069
459,1054,1052,1358,1361,3008,1130,1663,1114,1118,1020
460,709,2941,777,707,671,780,778,710,673,745
461,1013,1391,1049,1050,1082,782,1353,1122,1086,1083
462,92,94,47,61,81,46,93,49,19,55
463,1413,1661,1663,844,1567,1733,1734,2260,1052,1155
464,2633,2630,2672,2632,2592,2589,2631,2629,2593,2668
465,177,139,184,223,228,178,213,222,216,217
466,690,686,954,685,3026,728,687,704,384,652
467,2694,874,2943,1252,1253,2619,2617,1214,873,912
468,1028,1030,1255,1068,1031,1294,2015,1977,954,991
469,496,498,191,457,497,533,347,571,534,612
470,1220,1028,1218,1217,1068,2960,1331,1294,1066,1598
471,1153,1194,1150,1155,1190,1232,1115,1683,1156,1119
472,2145,2222,2221,2266,1001,1040,975,2187,2153,2104
473,1196,1153,1160,1079,1115,1119,1156,1155,1150,1385
474,1364,1363,1365,1059,1021,1026,1254,1402,1100,1362
475,2332,1076,1151,1077,811,1113,1112,2291,1071,807
476,2333,2372,960,999,998,2295,2329,2373,1266,2370
477,1011,1049,1083,2945,1697,1663,1317,1354,1738,1392
478,1838,929,1119,1885,1805,1803,1887,1845,1160,1166
479,2605,2607,2648,2609,2565,2687,2606,2608,2567,2684
480,843,603,718,693,694,880,1435,889,842,525
481,826,788,2941,1160,891,1130,1093,1163,1125,1129
482,1668,1670,1634,1632,1251,1671,1706,2956,1672,3038
483,417,454,379,456,377,608,569,567,644,645
484,1013,1054,1663,1394,1092,1391,1050,1082,1093,1353
485,1671,1668,1670,1744,1746,1708,1706,2956,1672,1669
486,898,975,928,783,1010,937,970,897,973,974
487,874,909,946,912,873,1254,1251,1249,910,1215
488,1194,1113,1191,1190,1230,1152,1188,1226,1154,1195
489,1520,1824,1558,1633,1557,1556,3030,2124,2970,1709
490,537,535,574,536,611,614,495,459,497,612
491,1062,1024,1025,1023,1064,1061,1063,32,1101,1102
492,379,340,303,2935,225,228,265,266,378,304
493,2480,778,807,801,769,773,838,810,2481,805
494,1335,1144,1110,1183,1142,1145,1103,1105,1146,1566
495,1452,1682,1683,1724,1685,1686,1720,1722,1725,1684
496,525,562,526,524,564,561,602,640,565,2234
497,2323,996,2322,994,1486,1449,2368,2360,1792,1031
498,2794,2790,2791,2826,2885,2968,2855,2873,2845,2918
499,1613,1078,1615,1003,1311,1965,1075,2936,1923,1389
500,1279,1316,940,1245,1277,1278,1314,972,1312,1243
501,1155,1199,1205,1167,1084,1085,1196,1082,1201,1013
502,38,34,74,37,149,75,107,35,36,68
503,365,478,425,364,507,366,510,405,579,462
504,494,341,413,417,455,1291,1292,492,488,1329
505,2420,2343,2382,2458,2381,2380,2421,2460,2384,2342
506,1368,1291,1253,1329,1444,1709,1364,1292,1367,1330
507,1109,1188,1147,1148,1118,1383,1151,2949,3007,1111
508,481,1006,833,836,834,870,1177,1005,938,976
509,2370,2329,2408,2331,2330,999,994,2410,1263,2217
510,1155,1153,1694,1692,1693,1077,704,1462,1025,556
511,1201,1125,2941,930,1277,1278,2994,972,478,1053
512,807,773,809,810,806,771,846,808,709,844
513,723,725,571,761,498,687,762,763,764,726
514,1013,1427,1125,1163,1472,1470,1391,1313,1082,1049
515,2512,2169,2208,2959,2209,2359,2511,2510,2172,2357
516,120,3012,157,163,165,164,123,125,118,119
517,752,2941,1130,1011,749,820,781,1013,1049,1054
518,642,603,3016,646,1252,684,682,605,565,640
519,341,414,415,416,454,418,453,379,377,456
520,612,457,614,577,537,572,497,615,616,157
521,1155,1130,1168,1077,1093,1020,1055,1054,2949,1092
522,815,709,739,708,707,746,771,850,849,671
523,3012,165,163,130,166,168,164,162,161,169
524,2471,1179,1218,838,800,1066,1446,1141,2512,879
525,1633,1630,1634,2996,1632,2013,2956,1668,1671,1672
526,1152,1087,1088,1125,1129,1115,1663,1089,1126,2977
527,1150,1155,1190,1194,1153,1229,1188,1230,619,624
528,301,224,2935,2957,148,303,187,226,189,338
529,1663,1661,1130,1738,1435,1776,1433,1701,1700,1625
530,409,481,478,517,407,555,590,404,446,514
531,1114,1081,1350,1115,1080,1043,1315,1044,1076,1073
532,965,963,964,1226,1234,1233,1195,1235,1266,968
533,478,507,475,403,509,479,514,405,474,407
534,1077,1110,1078,1043,1075,2936,1118,1042,1109,1017
535,1361,1095,1094,1057,1368,981,3025,1020,1097,1132
536,437,130,503,474,157,165,3012,3031,163,431
537,1130,1013,1050,1128,1052,1083,1090,1091,1053,1051
538,878,875,840,838,2986,801,914,876,837,841
539,2445,2493,764,2492,2484,2367,762,765,999,2569
540,1017,1282,1055,1015,1245,1054,1053,1052,3004,1018
541,2960,1639,1597,1940,1865,1636,1903,1866,1901,1904
542,1028,991,993,2130,1146,1104,1106,989,992,1030
543,3018,2662,2822,2828,2911,2910,2779,2700,2868,2737
544,1106,1146,1179,1432,1147,1103,840,799,1090,1052
545,150,228,75,107,147,187,226,264,185,266
546,1815,2227,1814,1994,2232,2064,2228,2269,2193,2307
547,237,238,312,172,201,280,210,242,241,240
548,2989,1592,1632,379,1596,1593,1630,1594,1668,1671
549,2711,2750,2752,2668,2748,2667,2754,2749,2713,2710
550,636,599,673,597,711,712,749,709,747,748
551,1194,1119,1155,1150,1230,1190,1153,1115,1156,1196
552,684,646,2996,1634,643,682,988,607,644,567
553,752,790,751,791,829,715,754,677,828,789
554,1971,2009,1287,2580,2620,2008,2311,1896,2657,2048
555,1115,1114,1152,1080,1690,1116,1118,1079,1077,1151
556,1702,1093,1740,1700,1701,1738,1739,1398,1056,1778
557,900,1205,865,1852,1888,1201,897,1926,1504,1503
558,1497,1494,1764,1455,1495,1459,1690,1457,1266,1532
559,1055,1052,1321,1324,1358,1053,1360,1285,1322,1246
560,300,227,304,454,301,226,189,262,187,376
561,2911,2826,2863,2868,2827,2902,2922,2926,2795,2791
562,1075,2936,1109,1043,1078,1071,1074,1110,1039,1114
563,977,1014,938,979,1016,1017,673,635,901,674
564,2678,2641,2602,2598,2723,2676,2939,2601,2557,2594
565,38,20,2937,66,32,379,341,36,68,34
566,189,644,567,608,227,300,3016,646,228,151
567,1330,3014,1368,1442,1406,1363,1098,1100,1329,1026
568,2926,2924,2888,2922,2921,2881,2875,2845,2879,2968
569,1446,1141,1179,1371,1220,1142,1107,1181,1106,2960
570,2203,2545,2165,2127,2546,1405,2930,1783,2086,2125
571,38,34,26,14,74,22,33,2937,11,69
572,174,1243,133,252,1282,173,1245,1283,580,2962
573,514,409,478,407,550,446,483,513,477,480
574,1304,1228,1264,1268,1226,1036,1267,1189,1149,1266
575,2607,2648,2605,2606,2567,2608,2609,1321,2565,673
576,569,567,341,413,798,379,1140,1139,605,529
577,891,887,1695,894,1155,1734,1697,857,1733,860
578,1140,1102,1406,1178,1368,1099,3014,1444,1026,1063
579,803,765,763,802,764,801,840,687,800,839
580,1077,1150,1155,1190,1153,2256,1156,1116,1194,1118
581,1050,1279,1316,1051,1314,1275,1354,1312,1012,972
582,1015,1052,1053,1661,1055,1090,1358,1051,1125,1663
583,2756,2714,2753,2797,2757,2755,2713,2678,2799,2798
584,362,286,324,245,541,246,368,325,312,361
585,579,474,580,475,437,509,544,136,478,512
586,49,91,138,98,2928,90,64,55,59,57
587,2678,2689,2679,2559,2939,2597,2210,1946,2727,2728
588,1013,1050,1017,1052,1625,1053,1090,1623,1083,1045
589,2790,2791,2794,2711,2873,2915,2875,3028,2835,2910
590,1212,1175,796,836,1824,1558,454,1516,874,2943
591,949,2372,2292,2298,2333,2218,1118,987,1025,2179
592,880,879,837,839,876,875,954,878,919,916
593,2598,2485,2561,2524,2523,2600,2560,2601,2522,2479
594,790,751,1132,1094,791,752,754,715,753,3025
595,1115,1167,1055,1175,1212,1043,1169,1206,1118,1114
596,1144,1142,1103,1104,1105,1143,1141,1446,1409,1146
597,2533,2532,2269,2536,2535,2498,2459,2496,2572,2534
598,1966,2003,2004,2998,1736,1776,2307,1156,1928,2081
599,1855,2197,2193,2235,1854,896,829,1209,2273,1513
600,749,1015,1245,940,748,747,1243,901,1052,1053
601,684,950,1253,988,2930,2426,2996,1634,949,3006
602,1190,1150,1153,1337,1188,1155,1194,1379,1377,1416
603,1196,1205,1160,1055,1163,1115,1127,1125,1119,1156
604,1040,1034,1568,1580,1304,975,2949,1006,2105,1582
605,1193,1459,1222,1460,1228,1108,1226,1268,1266,3035
606,265,38,36,227,300,224,112,2933,71,183
607,951,1028,991,2207,2244,2167,2281,1939,2205,952
608,3028,2791,2790,2794,2752,2915,2793,2751,2832,2829
609,763,765,802,764,803,840,800,801,761,728
610,622,482,556,49,522,558,523,553,592,554
611,1177,1139,832,1174,870,911,831,795,797,836
612,770,800,771,741,767,808,774,773,769,812
613,2847,2880,2919,2885,2848,2849,2850,2926,2917,2881
614,2525,2646,2606,2567,2607,2684,2647,2485,2566,2648
615,341,493,494,454,455,532,492,379,456,415
616,1078,1003,1043,1083,1079,1039,1663,1042,1045,1040
617,1315,901,937,940,3004,975,1205,1350,1003,2994
618,1380,1188,1112,1154,1148,1192,1383,1109,1382,1080
619,1026,2541,1102,759,1062,1746,1063,1744,1440,1100
620,1017,1053,1245,1055,1052,1282,1091,1015,1130,1243
621,2569,704,509,2149,125,733,2567,2606,2527,2525
622,1405,1330,1367,1402,1442,1406,1102,1062,1783,1026
623,923,1230,1130,1093,2157,1194,961,1116,1266,2991
624,682,988,949,643,684,678,947,948,646,986
625,675,140,183,637,1130,639,1055,670,1245,565
626,1159,1124,1086,1428,1083,1122,1047,1045,1462,1427
627,1253,1252,1214,1291,1251,1254,1368,646,874,1215
628,988,1025,950,1102,946,1062,874,1061,1329,1063
629,1330,1289,1291,1326,1368,1292,1328,1287,1253,1325
630,950,986,911,985,988,912,873,947,948,987
631,1668,1671,1670,1746,1744,1708,2956,1672,1706,1669
632,1009,1013,1391,1049,1124,972,1122,1083,1086,1051
633,1104,1146,1031,1065,1179,1142,1071,1103,1106,1357
634,523,827,862,595,900,786,558,752,670,863
635,475,545,405,478,547,514,437,616,581,516
636,86,56,49,2928,44,46,81,55,53,58
637,494,341,1744,1746,1140,1367,1708,1671,1520,1558
638,442,512,475,403,479,444,405,441,443,175
639,1077,1043,1022,1045,1047,1155,1025,1023,1341,1154
640,454,456,493,417,494,341,455,418,529,492
641,1026,1024,1025,2657,1064,1102,986,1062,988,1289
642,1329,1102,1062,1026,1063,1292,1330,1367,1098,1402
643,1245,3004,1015,1283,940,1054,1243,1280,1053,1358
644,1055,1092,1053,981,1321,1739,1018,2044,2422,1019
645,2086,2203,2051,2047,2349,2163,2011,2052,2049,2124
646,1879,1881,1613,2000,1920,1878,1875,1615,1916,1918
647,1253,1214,1291,1328,1252,1368,1251,1254,1330,1292
648,1022,1023,1328,1289,1024,1327,2694,987,1077,1326
649,2943,2619,1747,1746,1709,2048,2996,565,1292,1330
650,1112,1114,1077,1113,1081,1043,1080,1078,1115,1109
651,1253,1251,1254,874,1289,1630,946,1328,1252,909
652,500,503,542,464,462,461,502,506,472,2593
653,796,1899,1819,1177,3014,759,1861,2240,1900,1896
654,295,252,331,333,258,330,259,293,214,220
655,1075,2936,1150,1153,1345,1190,1112,1077,1114,1079
656,664,559,666,596,701,595,630,662,594,669
657,1253,874,1252,1630,1593,1214,873,912,567,950
658,2727,826,2729,3029,2689,824,2601,791,2521,2725
659,49,55,89,91,46,128,90,87,53,58
660,675,712,1110,1049,2967,1391,1013,1394,711,1127
661,1050,1049,1013,1048,1083,1047,1051,1045,1011,1315
662,1013,1049,1312,1045,1047,1011,1120,1316,1279,1009
663,1291,1102,1064,3038,1099,1368,1253,1328,1097,1024
664,537,611,156,155,495,614,153,192,193,612
665,1151,1113,1153,1154,1690,1115,1459,1111,1464,1150
666,1214,1291,874,1215,1289,1328,1252,1253,950,912
667,887,843,785,1130,822,783,859,816,820,825
668,874,912,873,1215,1328,1253,909,1213,1252,2657
669,1291,1064,1102,3038,1026,1024,1097,1063,1368,1099
670,1013,1082,1124,1120,1083,1122,1086,1350,1047,1045
671,2085,718,1743,1102,1405,1062,2464,988,1783,1744
672,1249,948,947,1289,909,1328,945,911,986,1324
673,993,992,951,2208,953,1218,1030,989,2244,2282
674,174,133,172,201,238,173,175,213,252,237
675,683,646,684,607,719,645,988,2938,682,722
676,1252,3030,1972,1251,1976,1935,1937,1520,1558,1668
677,1150,1190,1854,2947,1115,1119,1685,1499,1913,1612
678,683,2689,2690,2691,2729,988,2728,2730,2767,2938
679,1368,3014,1330,1100,1102,1442,1406,1327,1213,1253
680,986,1328,2048,379,988,2050,1291,1671,1668,1709
681,1026,1363,1216,3014,1368,1175,1364,1212,1100,1330
682,925,958,923,960,883,2992,920,1993,962,863
683,2949,1144,1033,1077,1110,1155,1032,1042,1105,1147
684,1053,976,977,975,939,1015,1017,1244,901,937
685,2723,2678,2681,2680,2679,2641,2939,2683,2676,2720
686,847,850,811,853,886,924,891,887,843,817
687,1013,1048,1391,1082,1050,1009,1049,1246,1045,1051
688,1475,1513,1361,1285,1055,1209,1741,1213,1176,1253
689,379,341,417,454,492,491,456,493,413,418
690,1558,874,1213,1216,1177,912,1861,1175,1862,2353
691,1175,1212,1214,1216,3014,1176,1250,1213,836,1139
692,1139,1140,874,3014,1177,1214,873,912,1174,836
693,217,216,253,3012,165,164,163,101,125,120
694,407,443,409,406,588,481,523,446,444,408
695,1037,1001,1232,1000,1838,1840,1568,1150,733,731
696,74,38,34,36,37,75,35,68,114,2937
697,1657,1656,1654,1617,1696,2004,1660,1659,1652,1697
698,1092,1052,1018,3004,1055,713,1358,1015,1662,675
699,164,3012,165,163,125,162,123,121,85,126
700,749,748,750,747,675,711,827,864,712,3029
701,2219,1725,1724,1687,1686,1726,1405,1406,1442,1995
702,1368,1214,1362,1291,1327,1405,1406,1252,1253,1328
703,1252,1251,2470,2013,2956,1672,1291,1671,874,2124
704,975,937,938,976,974,936,2149,901,1245,940
705,1264,1266,1268,1229,1230,1034,2152,1231,1802,1805
706,785,2941,749,747,748,1052,862,823,711,709
707,2603,2642,2332,2684,2381,2565,2600,2257,2598,2291
708,3012,163,164,165,518,92,120,125,130,19
709,1055,1054,1163,1663,1130,1155,1079,1194,1162,1083
710,2219,1685,2254,2217,2260,1147,1148,2218,2210,2259
711,2124,2163,2387,2121,2431,2084,2389,2427,2930,2086
712,1747,1746,1709,1444,1745,1822,1743,1784,1785,1786
713,378,341,379,380,340,417,414,415,416,377
714,34,31,32,74,35,68,107,72,100,69
715,38,11,3019,14,18,62,17,16,24,20
716,646,603,642,607,3016,684,640,644,567,608
717,1071,1227,992,989,1226,1146,994,1111,3007,1108
718,421,578,534,345,539,229,533,496,305,419
719,658,655,864,483,520,900,2457,927,752,662
720,559,596,694,693,630,664,658,524,662,594
721,38,34,32,74,35,68,16,107,24,11
722,1433,1434,1663,1661,1700,1701,1997,1625,1739,1737
723,198,234,120,167,126,128,159,546,347,310
724,875,839,837,876,2478,2959,2437,2438,2435,2472
725,1250,1252,1140,1251,988,1253,1213,341,3014,1214
726,1195,1236,1114,967,1166,1157,1274,929,1237,1081
727,1028,991,1030,992,2015,1977,1066,953,2016,1029
728,2956,2013,1672,1822,1786,1785,1748,1783,1670,1710
729,80,87,116,117,91,118,79,130,77,98
730,2070,2148,2260,2219,2111,2110,2107,2072,2073,1033
731,341,798,379,454,874,494,380,909,1250,759
732,2315,2354,2317,2353,1976,1935,1937,1972,2316,2430
733,963,1036,1001,1040,1033,1034,1567,1032,1112,999
734,1405,1402,1367,1140,1025,1406,1442,1102,416,415
735,1504,1201,1503,1238,1204,1203,1202,927,929,930
736,2796,2832,2829,2794,2711,2753,2755,2797,2757,2874
737,2141,1950,1990,1948,2138,2178,1380,2254,1988,2217
738,829,1206,2994,1361,830,790,867,1513,827,866
739,457,497,571,496,498,841,459,534,425,419
740,2609,2648,2684,2383,2606,2567,2607,2565,2605,2646
741,98,49,19,2976,57,91,62,59,10,56
742,1880,1882,1927,1576,1838,1840,1580,1884,1577,1037
743,340,263,341,379,301,339,376,266,302,265
744,1078,1050,1048,1049,1081,1045,1051,1047,1077,1053
745,47,81,80,93,98,117,49,87,59,57
746,252,214,139,177,215,175,140,173,163,164
747,2485,2487,2249,2248,2251,2290,2330,2332,1988,2561
748,1017,1093,1016,1054,1053,749,1130,1132,1055,747
749,796,2659,2660,2620,2619,2943,832,1175,1212,1250
750,1634,1671,1291,1668,2956,1672,950,1632,2996,1670
751,2266,2225,2419,2991,2264,1076,2298,2302,2418,1050
752,1194,1230,1190,1193,1119,1156,1150,1191,1155,1153
753,1118,1663,2947,1091,1739,1115,1661,1194,1156,1738
754,687,763,803,838,800,762,725,647,764,686
755,1055,136,2973,176,1169,474,101,214,63,175
756,2682,2645,2685,2722,2939,2601,2964,2642,2759,2679
757,874,1253,1593,873,912,644,608,567,1822,1254
758,1325,2617,1328,1288,1364,2086,2467,2469,1363,1401
759,1971,1287,1213,1328,1176,2237,2468,2505,2508,2311
760,187,226,605,264,185,302,266,874,644,567
761,2930,2124,2163,2466,3006,2467,2469,2429,2470,2203
762,363,239,240,241,242,252,368,238,295,102
763,1926,1966,1887,2156,2269,2193,1245,2155,2533,1883
764,1077,1156,1119,1049,1024,1741,1291,1128,1155,1052
765,1671,1667,1668,1744,1746,1364,1634,2996,1670,1632
766,1190,1230,1194,1150,3008,1188,1229,1192,2212,1156
767,1155,1056,1093,1160,2215,827,751,1169,2381,1115
768,2609,2347,1283,1243,2307,1054,2387,1358,2424,1053
769,1927,1914,1800,1866,1868,1847,1794,1797,1880,1891
770,1903,1940,2960,1724,1725,1726,2972,1460,2170,1411
771,1443,1176,1328,1212,1175,1441,1367,1140,1478,1330
772,2941,1051,1125,1128,1433,1431,1735,1997,1088,1119
773,949,988,950,1025,1292,987,1062,1024,948,947
774,615,616,613,588,582,577,650,551,652,690
775,2124,2088,2049,2930,2086,1634,1709,2087,2163,2126
776,83,120,125,130,122,165,163,164,3012,87
777,2930,2469,2467,2466,3006,2429,2470,1668,2389,2427
778,839,878,2986,879,837,876,459,915,840,877
779,2019,2021,2172,2094,1943,2169,2132,2133,1902,1979
780,1213,1252,1214,1251,1215,1253,3014,1140,1139,1482
781,2220,2218,1875,2219,2000,2260,2254,1879,1922,2179
782,1091,545,1055,1092,1321,2965,697,1017,1053,597
783,2755,2797,2757,2753,2754,2758,2760,2756,2714,2719
784,2994,1282,1283,1206,1104,1142,1208,1255,1065,1246
785,377,418,454,414,415,416,456,379,455,227
786,1035,1001,998,1037,997,2408,1038,2405,1000,2102
787,3007,1111,1113,1152,1148,2977,1089,1109,1126,1158
788,1026,1330,1100,1363,1405,1102,1442,1406,1099,1368
789,75,114,37,36,73,110,2933,71,112,76
790,1055,1017,1663,1132,1049,1013,1054,1052,1321,1358
791,1140,1861,1858,1899,950,1406,1819,1785,1178,1748
792,2806,2809,2769,2774,2811,2730,2728,2810,2772,2729
793,2016,1220,1028,1217,1939,1218,1978,1294,1711,2931
794,2570,2569,2531,2571,2526,2530,2306,2493,2451,2527
795,1050,1051,1110,1353,1082,1013,1313,1351,1391,1088
796,881,879,880,841,884,837,839,876,815,922
797,2013,2050,2010,2009,2048,2011,2052,2088,2047,2051
798,1251,1252,341,3038,1290,1254,187,226,1214,379
799,1980,2986,2020,2960,915,1978,1939,1712,952,1673
800,1587,1542,1541,1549,1662,1586,2962,1537,1574,1580
801,1152,1115,1158,1128,1156,1114,1113,1155,1124,1426
802,1367,1405,1400,1062,1329,1097,1021,488,1059,1063
803,2529,2568,2489,2531,2530,2526,2608,2569,709,2941
804,646,684,682,605,603,608,950,607,567,644
805,1315,975,1073,1009,1048,1049,937,1050,1003,1580
806,2083,1779,791,2121,2081,1133,790,1096,1816,1741
807,1091,1125,1129,1128,1205,1088,1013,1050,1086,2941
808,2938,719,757,2728,720,2729,2689,683,794,680
809,1252,1634,1214,950,1632,2956,2013,1672,1671,1291
810,2936,1648,1075,1649,1611,1608,1644,3020,1647,1610
811,1289,2431,1326,1634,2048,1440,2508,2468,2505,2467
812,214,404,252,366,217,136,2973,216,176,97
813,880,881,1188,1953,1147,2141,1687,1194,922,2514
814,2119,2156,2193,1946,1984,2159,2230,2197,2499,2081
815,1080,1078,1304,963,1268,1072,1114,1039,1003,1110
816,2911,2751,2876,2868,2912,2872,2869,2910,2923,2914
817,2219,1330,1119,1268,1194,2331,963,1150,1190,1230
818,749,747,748,1015,2941,711,709,712,1053,1586
819,1081,1120,1049,1079,1083,669,1045,1047,1158,1043
820,1167,1199,929,1169,864,1201,1206,1129,926,925
821,1049,1657,1083,1696,1047,1697,1660,1659,1658,1045
822,607,684,682,643,683,646,3016,603,642,641
823,2163,2124,1402,2694,831,2047,3001,2048,2086,2313
824,462,423,425,463,421,384,464,422,419,3011
825,874,873,912,1253,946,950,2013,646,911,1215
826,1190,1077,2949,1110,1150,1155,1608,1148,1160,1611
827,2620,2198,2936,1075,2388,1040,1115,2616,2233,867
828,948,947,1324,874,1328,1289,1630,909,986,2048
829,633,901,898,862,823,824,595,672,1924,937
830,1220,1217,1219,1230,1183,1257,1221,1522,1144,1483
831,1946,1739,1777,1944,1942,2947,1908,2116,2382,2219
832,1055,941,1018,1049,1017,782,1056,3025,1659,935
833,2044,2099,1608,1607,1567,2949,1605,1455,2219,1645
834,608,569,644,567,646,605,603,607,606,3016
835,1218,2960,1180,2170,1635,1978,989,992,1445,1939
836,1218,1141,2960,1903,1220,1142,1217,1180,1181,1978
837,709,673,741,778,637,2941,710,2693,2759,777
838,655,662,2457,664,559,596,560,2961,595,555
839,715,1946,750,752,790,713,791,751,677,788
840,1824,1821,1819,1971,1895,2009,2620,2237,1938,2311
841,2790,2791,3028,2830,2794,2826,2829,2873,2915,2918
842,828,790,792,751,864,755,753,826,982,791
843,1671,1668,1670,1708,2956,1672,1291,1706,1669,1405
844,1156,1052,260,1077,1083,1626,2941,1015,1081,714
845,1979,2019,1981,2022,2133,1982,1868,1866,2023,1980
846,1115,1152,847,1119,1156,1194,1118,1114,1196,1150
847,1330,1140,1292,1252,1253,1291,874,1215,1102,1368
848,841,878,843,839,2986,847,1992,2081,675,875
849,1621,1620,1615,1315,1078,1662,1624,1623,1389,1049
850,1168,1232,1167,1017,1079,1091,1053,1130,1083,927
851,1130,1167,1196,1738,1427,1160,1776,1163,1125,1127
852,2121,2423,2197,2119,1855,2193,829,3008,790,2083
853,3028,2791,2790,2826,2794,2822,2828,2793,2915,2835
854,702,2031,847,92,556,482,481,553,554,592
855,989,1980,1939,1979,2960,1978,2020,992,1981,1028
856,1705,1709,1630,1671,1706,1291,1668,1667,1666,2956
857,1250,1251,1139,1215,1328,1252,909,1253,1213,1101
858,1289,1328,2616,567,644,608,1326,1327,874,646
859,1055,1092,1057,1130,1132,1052,1094,1056,3025,1741
860,869,874,1248,909,946,1596,1593,1286,2970,873
861,2332,2291,2257,2485,2525,2445,2600,2562,2524,2607
862,2960,1217,1711,1940,1220,1939,1218,1978,1901,1561
863,500,425,463,464,504,501,614,612,572,505
864,1292,1330,1291,1253,1368,988,1329,684,1140,1367
865,913,381,420,612,2986,917,2206,916,460,382
866,3001,1858,2199,2239,2240,1861,2242,2163,1140,2201
867,1630,1634,1632,1709,1520,1668,1671,1672,2956,874
868,2936,1075,1343,1078,1108,1150,1345,1347,1146,1106
869,364,365,172,478,3032,479,362,324,286,237
870,2240,1821,1824,2279,2278,2313,2280,2237,2432,2239
871,3038,1405,1253,1292,1330,1367,1402,1251,1290,1025
872,608,567,644,605,646,3016,604,565,603,642
873,1114,1115,1043,1080,1152,1112,1081,1113,1120,1076
874,988,910,836,2943,874,1248,1250,1253,909,946
875,1327,1368,1213,1328,1289,1253,1330,1291,1326,1254
876,2731,2938,2728,2772,2810,2729,2689,2806,719,2769
877,529,493,414,494,454,532,455,418,530,490
878,1146,1071,1106,1031,1343,1070,1345,1347,1144,1105
879,407,445,523,446,483,482,481,520,558,522
880,32,2937,28,38,145,16,21,68,35,24
881,843,886,920,925,847,923,883,887,811,735
882,2989,1593,1630,2048,1897,1632,1976,1974,1935,1937
883,177,139,215,135,252,178,214,173,213,174
884,485,526,790,676,488,525,624,751,662,524
885,1140,1213,1250,1252,3014,1175,1214,1212,1139,1254
886,494,798,2240,1861,1938,1936,2012,2316,2014,1975
887,1074,869,1038,1007,833,1037,1042,834,1001,1040
888,1112,2219,1384,1080,1382,2220,1342,1109,1422,2298
889,521,588,481,517,407,589,523,596,2961,559
890,1558,1824,2273,1743,719,988,1893,2318,874,718
891,1130,1129,481,556,520,482,825,589,560,445
892,1178,1063,488,1823,1859,1938,1482,1367,1481,1098
893,1760,996,1800,2293,1813,1488,1765,1983,1762,1763
894,38,36,75,150,114,71,2933,112,32,74
895,528,529,524,526,566,568,525,488,570,453
896,608,644,3016,2088,605,567,607,645,569,1668
897,2957,184,189,187,226,227,188,300,304,148
898,824,826,825,2257,823,853,786,892,885,788
899,2547,2551,2592,2626,2553,2593,2550,2939,2634,2586
900,2932,1245,1588,1475,1206,1209,1169,904,1513,867
901,130,163,164,3012,157,165,120,125,117,118
902,1083,1049,1086,784,1122,1047,1045,1163,1198,1125
903,1580,1034,1583,1582,1848,1545,1888,1924,1890,1849
904,125,117,118,116,122,128,126,120,84,119
905,1248,1286,832,1210,836,798,870,912,908,907
906,1251,1252,1290,1254,3038,1250,1253,1214,1291,1215
907,983,1025,985,986,984,988,1062,1024,1059,1061
908,1739,1815,1458,1504,1812,1230,1777,1435,2947,1814
909,2921,2911,2872,2877,2876,2867,2908,2873,2845,2888
910,1934,2048,947,2011,2052,948,2012,2014,1936,1897
911,1042,1039,2949,1282,1003,1340,1245,1285,1072,1118
912,940,1016,941,3004,2269,2998,2533,2001,901,1928
913,364,133,365,366,170,134,172,169,131,135
914,2961,481,555,590,588,482,556,517,522,553
915,1150,1190,2219,2254,1685,1724,1686,1687,1155,1643
916,1460,1496,1853,1268,2064,1264,1266,1892,1459,1456
917,684,643,607,569,567,3016,646,798,988,2938
918,982,981,676,678,639,2650,1323,677,602,675
919,500,464,425,542,463,462,503,612,572,505
920,414,415,416,341,454,418,379,456,377,417
921,1078,1050,1427,1051,1659,1621,1663,1343,1043,1080
922,158,159,120,268,269,271,163,157,122,3031
923,1119,1114,1077,712,1090,1112,749,1081,1051,1160
924,2845,2883,2885,2888,2968,2919,2886,2884,2794,2876
925,1405,1402,1406,1442,1365,1440,1026,1443,1444,1746
926,721,759,720,798,760,757,758,682,684,722
927,1190,1194,1165,1155,1150,1157,1413,1156,1431,1470
928,1578,2605,1351,785,818,1051,1125,1348,2607,1504
929,1026,1025,1102,1405,1062,988,1063,1024,1440,1292
930,74,34,32,37,30,38,16,68,35,36
931,1697,1156,1695,1196,1696,2941,1091,2114,2115,1115
932,2113,2189,2149,2188,2114,2115,2076,2154,2075,1995
933,425,427,504,368,429,3017,500,3032,426,252
934,1682,2952,1645,1916,1606,1608,1609,1873,1683,889
935,1900,1862,1860,1520,1824,1899,3014,1823,2242,2240
936,38,74,34,16,11,3019,14,32,18,37
937,1077,1092,1118,1049,1168,1081,1043,1315,1080,2949
938,1389,1661,1663,1049,1587,1625,1548,1083,1621,1659
939,1253,1669,1672,1668,1671,2956,1706,1291,1670,2996
940,1205,1048,1013,1049,1050,972,1312,1047,1045,1659
941,271,273,198,312,237,268,308,309,238,239
942,1744,529,2507,2128,1784,1819,1745,606,1783,2506
943,1292,1330,1291,3038,1406,1405,1368,988,1329,1444
944,2112,2072,2073,2075,2035,1995,1160,2033,2076,2147
945,1119,1077,1081,1608,1194,1650,1150,1190,2936,1075
946,950,1022,949,1024,988,947,948,986,911,984
947,874,988,1252,986,912,873,1140,1251,1291,1249
948,1140,1136,1062,798,1061,1059,1115,796,1367,1402
949,1188,1190,2219,1685,1150,1683,1193,1192,1189,1149
950,1077,1119,1081,1116,1150,1112,2936,1075,1153,1043
951,2319,2358,2321,2357,2359,2283,2320,2281,2959,2398
952,1205,1167,1201,1130,2994,1203,1238,1202,1204,934
953,2086,1708,2047,2051,1671,1668,1405,1783,2049,2124
954,1156,1196,1428,1121,1160,1427,1159,1163,1125,1158
955,2791,2790,2925,2829,2855,2923,2853,3028,2897,2825
956,1050,1659,1051,1621,1660,1052,1011,1390,1392,1014
957,1114,1112,1077,1081,2518,2949,1080,1116,1073,1074
958,1520,1213,1216,1861,1862,1900,1823,1175,1212,1214
959,1229,1230,1071,957,1266,956,1231,1305,1226,955
960,1901,1866,2960,1902,1636,1561,1598,1940,1865,1863
961,1252,1214,1251,1291,874,950,1253,1633,1630,1634
962,184,260,146,259,364,709,145,222,217,216
963,1215,1174,1934,1230,1213,1532,1833,1533,1897,1139
964,1130,1052,1055,1358,2994,1164,1472,1125,1661,2977
965,1671,1668,2930,2124,1634,1670,2011,2048,2052,2086
966,582,259,183,514,545,409,477,516,588,263
967,2678,2683,2759,2641,2557,2594,2723,2680,2681,2589
968,1191,1188,1148,1383,1192,1186,1190,1230,1147,1154
969,1147,1188,1109,1148,1190,1150,1186,1416,1192,2949
970,811,847,812,837,876,846,840,810,813,814
971,1329,1292,1330,1291,1062,1063,1024,1098,1367,1402
972,1292,2694,911,2620,986,2657,988,1329,1330,1139
973,2088,2013,2011,2052,1634,2089,949,2466,684,2429
974,778,746,771,741,709,739,744,674,635,745
975,1634,2956,1668,1671,1672,1670,2996,1709,1632,1708
976,1783,2090,1744,2163,1746,2051,1708,2203,2127,2165
977,2013,2930,2011,1634,2048,2052,2429,2088,2466,2467
978,1251,874,1252,909,986,912,873,1290,1249,1671
979,1520,1558,1824,1557,3030,1900,1823,1862,1861,1897
980,1130,1168,1663,1167,2307,1169,2308,2156,1205,1739
981,1991,1913,2221,1952,2997,1990,2220,2182,2030,2298
982,529,567,608,569,644,570,605,566,607,646
983,1613,1916,2000,1879,1873,2946,1875,1962,1956,2260
984,768,1840,1838,1040,1001,1845,1885,1880,1882,1037
985,1055,1052,1053,1015,1054,1017,1092,1321,1358,1093
986,2163,2124,2507,2128,529,2508,2468,2162,2950,2505
987,384,2978,422,382,343,347,425,231,314,421
988,3012,163,165,168,437,130,164,409,131,169
989,843,847,886,880,920,842,923,811,883,815
990,442,403,444,409,405,483,441,406,443,519
991,2616,2620,2694,2541,2539,2619,2578,2579,3001,2621
992,940,1247,1282,905,1283,1245,901,943,867,1321
993,49,83,2928,46,19,55,90,92,91,88
994,2048,2124,988,2163,2047,2050,1025,2389,1102,2427
995,1055,1015,1054,1282,1283,1053,1020,1325,1052,3004
996,1190,1188,1150,1194,1192,1189,1149,1186,1155,1168
997,2960,1940,989,1903,1220,1486,1598,1561,1904,1901
998,2023,2064,2102,2030,2067,2027,2104,2065,1872,2022
999,1771,1772,1155,1735,1463,1691,1683,1458,2075,1160
1000,1558,1824,3030,1862,1861,1823,1975,1899,1821,1520
1001,421,381,420,457,880,382,879,915,422,2978
1002,454,418,148,36,379,377,456,415,414,416
1003,2016,2054,1028,2019,2931,2244,991,2017,2319,2358
1004,2020,1028,1486,1980,2022,1939,2023,2064,991,1104
1005,494,759,3001,831,1025,455,1858,1062,986,2393
1006,121,474,183,3009,510,1245,633,159,2958,546
1007,2963,829,1855,2538,1133,791,1475,832,2499,794
1008,2406,2061,2065,2405,2064,2407,1036,2138,1840,960
1009,1685,1648,1649,1802,1803,1846,1844,1805,2219,1771
1010,761,2987,765,763,764,723,1028,989,799,725
1011,74,66,32,37,30,68,36,35,34,114
1012,1114,1120,1083,1086,1122,1121,1051,1081,1080,1158
1013,1460,1459,1116,1114,1077,1110,1113,1155,1150,1153
1014,826,2177,889,2216,885,888,2212,1994,2603,2257
1015,2464,1783,1405,2546,1706,1668,1671,2467,1708,2469
1016,463,500,425,462,422,464,426,465,423,461
1017,1622,1278,1277,1618,1015,1243,976,1316,1279,1053
1018,1150,1190,1945,1188,1230,1455,1153,1226,1413,1908
1019,1980,1979,1939,1978,1981,2017,2016,2931,2054,2960
1020,2086,1401,1671,1667,1706,1668,1629,2930,2124,1669
1021,426,3032,353,350,314,427,351,424,313,352
1022,2124,988,2125,2163,2950,2165,1025,2127,2389,950
1023,1661,1130,1739,1738,1168,1623,1435,1660,1472,2119
1024,2061,1037,2105,2060,2229,2104,2065,1040,2062,2193
1025,936,975,1196,1316,1279,937,1430,1049,1007,1122
1026,874,567,912,1861,873,1140,2697,1899,1858,2660
1027,1519,3001,1061,1746,1099,2200,1441,2204,2238,1442
1028,1051,1015,1127,937,1013,1049,1391,1050,1009,2967
1029,3004,1358,1662,1015,1282,1397,1055,1052,1357,1927
1030,303,301,2935,304,378,302,266,265,264,263
1031,500,463,503,464,425,502,423,461,2923,462
1032,340,378,263,301,339,336,337,2935,303,380
1033,341,529,531,570,379,493,494,568,417,606
1034,2924,2926,2885,2847,2968,2881,2917,2884,2922,2886
1035,1858,1405,1102,798,1783,1062,759,2240,1861,1440
1036,494,341,414,415,416,454,492,455,532,380
1037,2598,2601,2479,2600,2516,2478,2520,2641,2485,2521
1038,1283,1015,901,978,937,1243,938,2994,976,939
1039,2160,718,679,2950,2161,2166,2127,2165,2200,680
1040,1282,1283,901,865,1243,2994,1017,1207,1245,898
1041,828,2618,2544,2543,2579,2540,2457,2459,2584,1177
1042,3014,1139,1140,1212,1175,1214,568,1216,1176,1213
1043,1916,1873,1613,2946,2000,1956,1879,1960,1606,2971
1044,3030,1634,1632,1520,1672,2956,1671,1558,874,2989
1045,1055,1245,1282,1663,1054,1017,1092,1053,1091,1052
1046,926,889,844,887,789,891,845,846,843,773
1047,2729,2727,2689,2477,2514,2690,2728,2519,2516,2561
1048,1213,1139,1174,874,1215,1177,1216,3014,912,1212
1049,2997,1952,1691,1687,1686,1950,1643,1417,1948,1919
1050,1019,3025,790,981,716,2963,1057,1131,1436,714
1051,426,462,328,468,464,473,472,506,466,400
1052,1226,1228,1149,1189,1191,1186,1185,2216,1227,1193
1053,874,912,873,1328,909,1213,1289,1897,341,1971
1054,1706,2203,2545,2127,2165,2546,2011,1710,2048,2052
1055,1741,1361,1169,1701,1700,1091,1155,1740,1130,1778
1056,530,532,529,490,606,493,494,570,531,455
1057,1028,991,992,1030,951,1218,1068,1031,1066,1181
1058,675,2609,2648,2608,2567,2606,2607,1321,2646,711
1059,263,150,340,224,2957,148,225,342,266,265
1060,910,1254,1062,1479,1477,1024,1061,1176,759,912
1061,485,662,524,526,2233,523,525,562,561,658
1062,38,259,183,3019,14,32,143,106,10,16
1063,2269,2233,1926,782,896,2101,2105,749,1205,895
1064,2479,2480,1110,710,2478,673,2520,840,1109,1387
1065,2941,824,934,896,745,822,1012,972,891,709
1066,2542,2934,719,950,2503,2545,2691,2730,2692,684
1067,2244,2205,2167,953,2209,2207,1978,951,1939,952
1068,785,2941,1088,745,970,781,1009,1050,749,399
1069,555,590,596,2961,559,661,592,553,554,664
1070,3014,1140,1139,1214,1482,1402,1480,1478,1174,1213
1071,1991,1990,2143,2104,2106,2028,2069,2067,2105,2068
1072,1166,1129,1163,1167,970,1155,1162,1168,1083,1086
1073,454,2431,1102,1064,950,417,341,2124,988,2048
1074,2602,2603,2600,2524,2562,2523,2485,2525,2642,2561
1075,1073,2949,1112,1230,1113,1155,1150,1072,1042,1156
1076,14,74,38,36,34,2937,3019,37,30,16
1077,950,985,2996,1364,1021,1708,987,949,682,684
1078,188,146,2957,224,148,187,226,301,262,189
1079,3014,1176,1480,1139,1478,1140,1442,1102,1216,1214
1080,2785,2788,2860,2752,2715,3028,2749,2754,2760,2820
1081,569,568,3016,608,644,607,529,531,605,570
1082,1130,1663,1661,1054,1625,1011,979,1093,790,1245
1083,1001,1040,1074,2409,1002,2366,2371,2369,768,1037
1084,1052,978,1055,939,1015,1131,940,172,901,327
1085,384,422,2978,382,231,314,421,343,388,317
1086,1328,1288,985,1251,1254,1290,1327,1325,2943,987
1087,1155,1695,1697,1733,1734,1160,1735,1156,1466,1772
1088,1156,1115,1113,1155,1194,1118,1119,1081,1112,1190
1089,1293,1031,1029,1104,1105,1294,1066,1068,1065,1182
1090,38,37,74,75,36,34,114,150,107,149
1091,1663,1017,1661,1698,2998,1016,1776,1054,1697,1659
1092,2915,3028,2875,2835,2833,2912,2874,2878,2876,2790
1093,880,841,1948,1944,1942,1905,1869,1907,921,1949
1094,640,683,602,569,718,565,603,645,564,719
1095,1634,1671,1672,1291,2956,1668,950,988,2996,1670
1096,874,909,873,912,2616,1215,1249,2619,2620,946
1097,1150,1155,1153,1230,1190,1232,1148,1193,1115,1228
1098,1405,1214,1251,1140,1708,2467,2469,1480,1402,1482
1099,74,34,38,37,36,35,68,114,32,30
1100,1166,1276,930,1165,929,1125,1163,1205,1128,1394
1101,2246,2511,2320,2283,2167,2512,2959,2244,2209,2207
1102,1150,1115,1153,1190,1152,1155,1113,1194,1119,1156
1103,1783,1746,1744,1708,1706,1671,2051,1667,1668,1669
1104,1115,1003,1150,1040,1041,1042,1153,1148,1109,1690
1105,1315,1433,1434,3004,1662,1049,1661,1197,1084,1085
1106,1042,1155,1580,1034,1190,1168,1165,1315,1270,1205
1107,2915,3028,2835,2912,2791,2790,2876,2826,2782,2666
1108,2506,2464,2542,2934,2503,2128,2507,1438,2125,1401
1109,1114,1077,1112,1043,1080,1078,1116,1113,1110,2936
1110,2956,1672,1671,1668,1634,1670,1709,1708,2013,1706
1111,1854,1168,1815,1205,1776,2947,1663,1967,1167,1852
1112,2105,2149,2219,1040,2104,2291,2150,2151,2190,2113
1113,481,654,619,482,880,688,590,555,651,2961
1114,647,686,3026,649,688,3023,651,690,609,648
1115,2329,2408,2370,1038,1000,999,2409,2366,2371,1001
1116,1086,1160,1163,1127,1119,1156,1087,1088,1085,1084
1117,237,241,240,242,239,238,172,478,273,251
1118,1630,1596,1594,1593,2996,2970,1632,1555,1592,1671
1119,1824,1558,1821,1557,1823,1859,1862,1861,1938,2240
1120,2938,2731,2733,2502,794,2544,2543,760,950,2729
1121,1053,1017,1054,1015,1661,1663,1055,1052,1091,1018
1122,2960,1940,1711,1674,1598,1561,1220,1903,1484,1636
1123,1213,1215,874,1254,3014,1216,1175,1212,912,1214
1124,2124,2047,2163,2086,2048,2203,1025,2128,1441,1822
1125,300,227,379,265,189,262,454,341,225,224
1126,1667,1709,1668,2956,1706,1672,1671,1325,1669,2989
1127,1840,1838,1037,2219,1001,2000,2152,2260,1954,1845
1128,2239,1859,1862,2242,2240,1861,1823,2201,3001,795
1129,1077,2949,1116,1118,1112,2936,1075,1081,1384,1080
1130,403,438,409,366,367,443,478,175,475,401
1131,81,83,117,92,49,119,86,130,132,44
1132,1155,1150,1113,1152,1153,1160,1154,1148,1194,1114
1133,1078,1150,1153,1075,2936,1077,1232,1205,1043,1343
1134,764,765,728,671,766,767,769,768,762,763
1135,844,807,842,841,2522,802,848,811,845,846
1136,362,325,364,400,2995,403,363,435,365,328
1137,416,415,414,377,418,378,301,376,341,417
1138,2197,2233,829,1055,2269,2271,2307,2235,2538,1245
1139,1811,961,1804,1852,1848,1545,934,931,1810,1540
1140,2715,2714,2710,2762,2752,2798,2754,2919,2713,2836
1141,683,607,646,684,682,642,603,644,645,608
1142,255,288,287,3009,286,251,324,364,362,102
1143,1472,1129,523,1169,1167,1313,1206,1200,1321,1208
1144,2219,1691,1772,1683,1685,1735,1724,1954,1994,1875
1145,1013,2941,1697,745,1695,2264,2302,1082,779,1049
1146,1402,1292,1290,1668,1671,1291,1706,1672,2956,1405
1147,1063,1026,1097,1099,1176,1402,1100,796,1098,1062
1148,1452,1686,1687,1148,1682,1188,1948,1649,1645,1648
1149,874,912,873,1214,1140,797,1215,1252,909,608
1150,1049,1081,1277,1278,1394,1119,1155,1391,1118,1009
1151,1291,874,1328,1252,1253,912,873,1214,1292,1330
1152,988,722,684,683,719,718,2124,2930,646,2163
1153,1102,1064,1063,1026,1024,1291,1022,1025,1101,1023
1154,1292,1330,1291,988,1406,1102,1368,1099,1097,1444
1155,1290,1251,2658,1252,1328,2657,2660,2697,2659,2696
1156,231,230,229,267,268,79,308,192,153,876
1157,1277,1278,1274,1237,1273,1235,1316,1279,970,1308
1158,341,340,377,379,265,378,304,263,418,454
1159,1668,1671,1405,1783,988,2052,2048,1670,2011,1744
1160,1121,1433,1131,1156,1119,1470,1997,1691,1115,1159
1161,2960,1866,1940,1903,1901,1902,1978,1939,1712,1867
1162,1253,1291,3038,1252,1368,1292,1330,1251,1290,950
1163,1254,1289,1328,1253,1250,1326,1251,1290,1327,1215
1164,975,937,900,831,974,930,935,936,972,898
1165,1406,1442,1099,1063,1329,1444,1097,1402,796,1098
1166,607,608,567,644,3016,646,605,565,603,640
1167,778,1076,1313,779,1120,742,708,746,709,1350
1168,671,777,707,710,709,780,744,739,633,742
1169,1026,1367,1402,1292,1290,1025,1671,1668,1022,1291
1170,403,362,238,175,364,438,252,242,241,240
1171,739,742,707,777,710,709,669,671,1053,711
1172,1039,1071,1073,2949,1112,1072,1114,1041,1042,1115
1173,2408,2406,2409,2371,1035,2369,2366,2446,956,2407
1174,1268,1230,1267,1304,1147,1266,1264,1034,1228,1150
1175,1861,2240,1858,2929,1821,1899,2239,1938,1859,1823
1176,1668,1671,1706,1405,988,1669,1783,1746,1744,1710
1177,379,1632,1671,1668,1630,3016,341,568,528,2996
1178,835,797,836,798,912,873,757,832,1140,988
1179,798,494,1214,529,831,760,1025,1254,836,455
1180,1113,2175,1154,885,847,921,1949,1189,1149,1151
1181,340,263,301,414,415,416,417,341,379,303
1182,38,34,28,74,35,22,68,23,33,2937
1183,364,362,291,365,328,287,325,172,324,286
1184,949,1326,1022,1249,982,984,1400,1289,2048,1364
1185,958,961,1230,967,960,1000,927,998,925,1195
1186,165,164,163,3012,117,125,120,130,168,166
1187,341,379,2318,1935,1972,1937,1976,2242,378,380
1188,1215,1254,1249,906,874,1135,982,564,909,1213
1189,874,1286,1248,1253,912,873,869,605,949,910
1190,341,379,1102,874,2620,2619,1026,1328,909,912
1191,2124,1746,1744,1026,2163,2047,1402,2543,2544,1442
1192,1218,1217,951,954,1181,1255,992,1028,952,989
1193,1113,1230,1112,2295,1109,1115,1118,2333,1116,2372
1194,303,263,304,301,341,379,340,2935,225,265
1195,1278,1277,1274,1237,1273,1316,1279,1235,1308,1007
1196,2545,2767,2728,2768,2729,2689,2934,2542,2544,2543
1197,1218,1029,1028,2960,2986,953,1903,952,989,1181
1198,1462,2150,2113,1809,2149,929,2110,2111,2114,1012
1199,2660,2659,2735,2619,1177,2984,1251,2882,2697,2943
1200,2548,2586,2587,2588,2626,2589,2547,2509,2549,2910
1201,2512,2513,2477,2588,2555,2593,2511,2510,2520,2478
1202,1230,996,992,1147,2992,994,1229,1188,1222,1108
1203,1279,1316,1049,1013,1050,1353,1045,1047,1051,1246
1204,1013,1049,1391,1086,1122,1083,1051,1390,1392,1394
1205,2941,3029,822,749,824,789,675,788,748,747
1206,2728,2767,2772,2768,2729,2689,2727,2730,2690,2806
1207,1282,1245,1169,1206,2994,1283,2962,1208,904,902
1208,1201,1504,1811,1205,482,520,1199,1163,1735,1806
1209,1205,2156,1167,1155,1815,1201,1230,1229,1190,2116
1210,1891,2193,1892,2155,1037,1930,2104,2195,2107,1929
1211,1115,1913,1952,2997,1991,1990,2076,1995,1690,921
1212,1744,1746,1444,1708,1785,1784,1102,1442,1405,1786
1213,683,718,719,988,2938,721,722,757,760,794
1214,1324,379,2578,644,982,608,569,1286,1248,1249
1215,414,377,379,303,263,265,418,301,454,341
1216,1053,1052,1017,1083,1045,1047,1315,1015,1049,1082
1217,539,503,501,465,500,268,502,306,534,571
1218,225,222,266,264,304,302,185,226,301,187
1219,1288,2943,2989,1895,2619,2620,1249,1328,1250,1287
1220,1434,1427,1431,1128,1433,1466,1464,1425,1462,1160
1221,1026,1100,1140,1025,1102,950,1368,1216,1177,3014
1222,1077,1116,1343,1043,1080,1160,1083,1112,1086,1122
1223,2679,2720,2597,2681,2636,2680,2557,2595,2594,2939
1224,804,807,772,769,810,809,811,771,775,741
1225,1276,970,930,929,1205,704,1125,1240,1201,931
1226,1078,1043,1114,1052,1152,2936,1075,1112,1081,1080
1227,1661,1663,1052,1090,1051,2941,1698,1125,1088,1653
1228,3030,1935,1937,1972,1976,1900,1862,1861,1634,1823
1229,120,118,158,116,165,154,164,163,3012,157
1230,1598,1561,1902,2130,2132,2133,1371,1028,2019,1901
1231,454,455,38,36,379,456,494,493,417,418
1232,301,340,2935,225,264,265,266,302,304,263
1233,1049,1013,1009,1045,1047,1011,1315,1048,1351,1050
1234,1220,1371,1411,1446,1147,1486,1217,1183,1179,1223
1235,1051,1088,1156,1052,1120,1050,1313,1079,1114,1013
1236,168,121,161,160,169,131,127,511,130,438
1237,38,16,23,32,222,18,183,220,14,186
1238,719,2048,988,1709,1744,1026,1746,1747,1440,2163
1239,1974,1971,604,1248,1593,1286,907,908,873,912
1240,795,1935,1976,1972,1251,1290,1937,2317,1973,1594
1241,2565,2681,2680,2644,2724,2566,2641,2684,2682,2647
1242,173,252,213,212,403,175,214,251,174,331
1243,989,992,953,993,954,1030,952,951,915,990
1244,1001,2104,1885,1073,2145,2146,1795,1840,2067,1838
1245,275,312,174,237,173,350,238,351,542,213
1246,494,455,456,1861,414,417,493,454,1899,2391
1247,224,148,2957,301,189,262,300,188,227,570
1248,459,497,498,460,458,382,344,463,343,3011
1249,658,657,621,655,661,660,662,694,693,656
1250,1026,1783,1818,1746,1744,1820,758,1100,1782,1402
1251,1102,1062,1026,1063,1098,1367,1140,1025,1101,1064
1252,1114,1077,1311,1081,1078,1309,1080,2949,1156,1388
1253,1112,1043,1115,1114,1113,2936,1075,1081,1080,1073
1254,85,125,120,130,166,87,3012,122,116,93
1255,1533,1109,2949,1156,1073,1042,1113,1111,1110,3007
1256,422,421,382,381,2978,343,384,420,419,3024
1257,2545,2544,2543,2691,2934,2542,2692,2580,1102,1101
1258,956,955,1146,953,2019,992,993,1108,996,2246
1259,1147,1183,1148,1411,1181,3039,1409,1150,1185,1146
1260,1235,2994,1237,1274,1205,1432,1128,2967,1243,1395
1261,1954,1452,1731,2219,1691,2210,2254,1683,1907,1642
1262,2535,2536,2963,2499,2233,829,2459,2574,2272,2269
1263,2315,2313,2316,1935,2352,1976,1972,1937,1974,1251
1264,341,379,2009,1671,2010,1976,1937,1972,1974,1935
1265,3016,1671,1668,1706,1672,2956,1669,1252,1253,1596
1266,2565,2566,2606,2567,2523,2607,2524,2602,2605,2604
1267,2514,2439,2475,2472,2476,2477,2601,2091,2516,2478
1268,2127,2203,2165,3006,2087,2163,2166,2090,2950,2125
1269,1995,1773,2038,2077,2074,2037,2036,2039,1919,2299
1270,2684,2560,2686,2726,2724,2687,2645,2647,2682,2646
1271,1291,1252,1290,1251,1292,3038,1253,1214,1329,1021
1272,555,590,481,482,556,592,554,553,2961,559
1273,1289,1252,1290,1251,1326,1327,1215,874,1328,1213
1274,483,481,445,590,555,588,523,446,622,409
1275,1083,1017,1049,1093,1077,1018,1086,1122,1055,1020
1276,1608,1459,1613,1655,1611,1461,1077,1574,1537,1494
1277,303,304,301,184,225,148,2957,2935,224,263
1278,1130,1118,1079,1194,1077,890,1093,1663,1195,1115
1279,1174,1177,1216,3014,1264,1292,1139,1270,1213,1230
1280,1188,1148,1150,1190,1645,1153,1147,1379,1380,1683
1281,1881,1956,1807,1961,1959,1998,1921,1730,1997,2946
1282,2302,2264,2298,2991,2261,2141,2303,3000,2221,2263
1283,1254,869,872,908,1364,871,909,946,1023,1705
1284,2150,2227,2152,2188,2189,2149,2115,2155,1815,2107
1285,1270,1119,1150,1155,1268,2936,2150,1083,1075,1230
1286,1783,1444,1744,1743,1785,1786,1406,1745,1748,1405
1287,1330,1438,1741,1638,1324,1667,3039,1782,1781,1744
1288,1083,1049,1196,1155,1120,1122,1389,1086,1047,1045
1289,1205,1167,1168,1201,1206,1238,1204,1203,1202,1208
1290,1194,1156,1440,2219,1150,1155,1190,1405,1442,1077
1291,1155,2112,1692,1696,1697,1733,1734,1995,2076,1160
1292,2833,3028,2874,2912,2878,2839,2832,2915,2793,2841
1293,1205,898,934,896,1199,1167,928,660,1201,897
1294,2938,683,988,679,380,721,684,757,682,755
1295,874,873,912,1252,1213,3030,1558,1824,1520,1215
1296,132,130,165,163,3012,95,49,253,97,215
1297,1709,1026,1860,758,1401,1520,1442,1822,1406,1366
