,cad,Dfd,numb,exex,odd,nub,kni,fkh,hkb,Blimp-1
,CG17786,disco,gt,zen,Kr,trn,croc,oc,brk,aay
,noc,CG8147,dan,Btk29A,bowl,srp,D,CG14427,peb,cnc
,fj,Antp,h,zen2,bmm,CG11208,CG17724,CG43394,Cyp310a1,Doc2
1,517,439,259,215,217,252,93,95,130,101
2,675,677,714,752,713,715,894,753,2941,859
3,782,781,926,849,887,850,1055,1160,1154,1159
4,160,53,61,163,57,59,164,91,165,3012
5,2382,792,754,1361,1398,1359,1397,1057,1055,1092
6,679,2598,966,2641,2643,2645,788,2599,2603,2601
7,342,2367,2744,2702,2705,73,37,114,2870,2923
8,104,105,2699,2853,2737,2818,2814,2816,2817,2777
9,2295,3018,2815,2333,2372,1155,1154,1115,1118,1119
10,602,10,9,182,181,184,257,299,298,185
11,1053,1119,1081,437,847,849,467,431,433,845
12,1398,1359,1397,752,898,896,1017,784,783,861
13,2301,2381,783,884,886,890,889,888,815,851
14,637,1130,1057,677,929,979,930,932,753,751
15,2290,924,756,805,798,843,1759,1760,1796,1798
16,2743,2825,2787,2826,2789,74,2933,34,110,76
17,1704,797,1011,986,1060,983,985,1430,1391,1393
18,1154,1091,1128,412,332,295,371,331,333,537
19,1359,1397,1154,1094,751,3025,1018,980,779,926
20,471,2337,2413,116,193,130,194,125,192,158
21,3032,310,312,273,275,1090,1155,1125,1157,1160
22,1667,1705,2943,760,722,757,916,842,843,881
23,2048,758,1400,1401,1822,883,841,839,920,842
24,2694,2673,2735,2984,2836,868,2790,2830,2711,831
25,2935,340,2898,75,2787,2825,2904,2826,2864,35
26,181,259,223,14,33,679,54,619,654,656
27,1083,363,864,819,287,861,857,893,311,281
28,843,963,1343,1011,1048,1313,1076,1099,1315,1138
29,2560,2559,2563,2600,2602,2599,2604,2638,2641,2964
30,1398,1359,1397,2522,2519,2483,2520,1092,1159,1154
31,2378,2379,1018,2486,2484,2527,1398,1359,1397,829
32,22,105,142,619,2638,2599,2641,541,539,579
33,962,1048,1012,1007,971,1283,2932,1206,1207,1245
34,1398,2483,903,825,2419,823,2295,2378,2333,2372
35,760,798,2365,2972,2290,1026,2979,1137,1138,1100
36,739,741,458,153,194,156,154,120,157,497
37,2292,379,2540,2616,2621,2656,2583,2541,2577,2578
38,832,870,874,1037,1249,1286,1174,1139,2943,1248
39,1643,988,1063,1185,2975,1455,1239,1224,1453,1262
40,732,155,193,2641,2521,2638,2598,2601,2447,2449
41,988,793,2502,2518,2543,2544,2545,794,796,2636
42,1076,1059,1100,1097,1099,1136,1109,1394,1345,1363
43,759,1012,869,946,1513,1626,1544,1553,1591,1248
44,422,3032,672,633,807,813,809,806,808,706
45,2521,118,1955,2296,2368,2295,2332,2030,1989,2028
46,1775,1772,2980,920,1098,1063,1020,1025,1026,1292
47,1361,709,1017,1125,754,1054,753,1126,1132,1092
48,1048,1262,1203,1204,1238,2967,963,842,917,914
49,2528,1360,755,830,939,931,2762,1954,2651,2037
50,926,1359,1397,1055,1090,1159,1155,1157,1160,1154
51,2404,2401,2402,2679,2677,2674,2675,2509,2676,2548
52,263,2745,375,35,68,69,152,2863,2889,2827
53,752,738,1083,1130,1091,929,779,930,864,825
54,245,739,541,578,243,439,204,478,205,206
55,689,803,804,802,763,765,726,764,2987,727
56,2602,2522,2485,105,295,332,142,365,363,3019
57,1732,2344,1399,1434,2454,2455,967,1195,2081,2041
58,1402,1440,2256,2293,1811,1839,2029,2069,2963,1178
59,2058,2401,2402,1926,1924,1719,1880,1758,1755,1756
60,745,932,863,244,207,209,248,334,512,324
61,988,2972,2502,793,758,760,794,717,2160,2161
62,153,155,193,731,620,619,697,730,732,621
63,807,845,848,539,621,579,618,312,278,167
64,1016,867,2488,1160,2417,2418,2416,1398,1359,1397
65,467,465,466,464,435,433,436,431,430,325
66,2925,2917,2924,2919,2922,2968,2843,2849,2879,2883
67,926,884,847,1154,1119,1157,2333,2372,2295,2296
68,2638,3018,2781,155,193,2488,2332,2447,2374,2449
69,1226,1230,2949,1400,1402,1367,1291,1330,1292,1329
70,679,792,826,751,2725,2964,2561,2645,2566,2608
71,2419,336,298,259,297,299,713,715,829,817
72,784,1398,1359,1397,1057,1055,1157,1155,1154,1094
73,134,135,401,435,438,364,440,313,361,363
74,858,859,280,201,203,199,200,236,239,240
75,1418,1835,1837,1810,1721,1723,1766,1722,1566,1720
76,1154,2964,2641,2601,2521,2483,2519,2598,2600,2563
77,2691,3002,2693,2617,2696,2652,2654,2655,2692,2732
78,541,768,1154,2030,978,884,847,2295,310,347
79,2723,717,1629,1200,2043,1363,2042,2007,1319,3038
80,942,3018,2891,2854,2853,2699,2739,2953,2738,2737
81,1398,1359,1397,827,862,865,2418,2416,2457,2459
82,618,3031,272,309,859,901,862,1017,1057,1055
83,408,142,180,196,194,158,197,159,474,475
84,2419,828,932,2333,2372,859,194,497,496,305
85,1704,1250,1212,1175,1025,1026,1292,1060,1098,1439
86,1398,1359,1397,1055,1090,1159,1155,1160,1154,1156
87,160,161,163,88,164,3012,157,79,165,120
88,2030,2296,926,506,579,233,539,541,540,277
89,287,311,121,277,278,274,279,167,237,280
90,1250,1211,1212,1175,1173,1172,1174,1060,1135,1178
91,53,56,118,84,88,562,561,559,596,594
92,982,883,1564,1527,1341,1336,2988,1339,2968,2924
93,3018,2699,2739,2891,2741,2851,2738,2737,2740,2953
94,998,1838,1840,1682,2293,1683,1794,1718,1720,1763
95,1734,1987,1986,1870,1873,1875,1877,1912,1871,1916
96,2603,2565,2523,2524,2562,2564,2567,2606,2487,827
97,1823,1741,1744,1743,2124,2204,2203,2950,2163,2162
98,2332,2337,2374,2412,2413,2452,2457,2447,2459,2519
99,1994,2031,1991,1989,2028,2030,2259,2295,2409,2446
100,1721,1480,1482,1520,1668,1659,1658,1621,1557,1607
101,677,754,753,749,788,892,893,894,790,791
102,1109,3014,1216,1214,1213,1252,1403,1251,1290,2949
103,1402,1315,1012,1011,1048,1063,1058,1059,1239,2967
104,494,418,453,417,414,1823,1427,1535,1431,1536
105,412,336,299,180,142,261,1055,143,1156,1115
106,1398,891,1090,1159,1155,1125,1157,1091,1160,1083
107,443,550,583,128,160,170,129,161,125,130
108,2124,1627,1557,1632,3030,1971,1823,1970,1858,1857
109,310,1398,2333,2372,422,468,462,467,611,1160
110,949,2048,793,795,1402,2008,1660,1520,1860,1721
111,1359,1397,926,813,811,884,851,889,888,1057
112,926,2447,2520,2333,2372,1359,1397,1989,2028,2779
113,1033,1034,1069,874,945,906,1214,909,873,911
114,330,978,134,237,135,211,171,243,175,133
115,677,714,753,745,932,790,893,892,894,781
116,884,1154,2522,2485,2519,2521,2725,2722,2561,2598
117,1359,1397,861,813,814,3025,1157,1055,1057,1156
118,927,2332,864,2600,2561,738,751,2368,737,2337
119,1054,1055,1125,1128,1160,1090,1157,1082,1162,1156
120,1955,2030,1989,2028,2520,2295,2484,2447,2954,2334
121,929,926,891,1055,1082,1155,1157,1160,1154,1125
122,1402,1558,1458,959,995,997,1645,1823,1810,1744
123,781,926,891,859,1057,1055,1160,1156,1157,1162
124,926,1398,1359,1397,1057,1055,1092,1159,1154,1155
125,2384,2528,755,3008,2762,2651,939,931,2037,1954
126,443,160,129,194,130,84,125,158,161,117
127,1721,1719,1763,1886,1897,1934,1860,1823,1479,1630
128,988,2581,417,494,2540,2583,607,793,832,682
129,1399,1732,2344,899,2611,934,2415,1195,2491,2530
130,1398,813,850,1055,1092,1154,1159,1155,1157,1130
131,1155,237,788,205,206,2295,2259,1094,2449,2417
132,340,2935,2743,2825,2826,2789,2787,74,2933,2909
133,1132,1082,1361,1127,2977,3008,1359,1397,780,782
134,759,795,911,912,945,873,2540,2657,2658,2541
135,2290,2479,2917,2919,874,909,2008,380,417,379
136,1060,797,1363,1135,1364,1325,1176,1328,1173,1175
137,1558,380,881,1063,957,988,1402,1405,1406,1442
138,652,2521,2447,2332,2643,2645,2647,2684,2686,2685
139,2202,2615,2657,2658,2316,2317,2315,2470,2930,2429
140,409,482,445,2301,2416,2419,625,613,2418,615
141,2938,682,645,643,684,2316,2355,2315,2353,2354
142,1398,1359,1397,941,929,930,1016,1055,1092,1159
143,597,599,600,505,438,500,437,475,474,700
144,744,783,979,978,980,816,823,860,859,861
145,1402,1478,2240,2313,1975,1719,1756,1758,1755,1761
146,726,804,798,759,641,643,529,682,566,527
147,1009,1048,1700,1738,1504,1427,1432,1390,1392,1167
148,2781,3018,2412,2452,2451,2488,2489,2526,2527,2645
149,897,2689,1360,1436,2038,1998,2948,2462,2422,2384
150,1226,1230,1400,1402,1367,1328,1291,1330,1292,1329
151,1704,2444,2704,797,834,949,983,985,2829,452
152,1402,1704,1744,2580,2543,2544,935,983,985,1025
153,988,2512,2543,793,680,683,796,794,2544,718
154,2488,2486,2332,2374,1093,979,1016,621,1056,658
155,1361,1054,1055,1155,1157,1159,1090,1160,1082,1162
156,1558,380,881,1063,957,988,1402,1405,1406,1442
157,1428,1313,1011,1315,1048,1308,1059,1076,1097,1099
158,603,1516,1514,686,843,759,832,1242,798,1175
159,1400,1265,1071,1002,1012,1328,1021,1022,1023,1011
160,2300,2681,934,900,899,1194,2611,2079,2072,2078
161,759,797,1742,1705,1653,1694,1690,1667,1706,1704
162,544,507,474,330,475,476,370,331,403,438
163,1402,1516,1519,1666,1785,1668,1661,1667,1781,1782
164,1021,1098,1176,1403,1214,1215,1213,1367,1365,1404
165,380,1402,1660,1634,1823,3030,1668,1516,1519,1478
166,409,623,516,555,517,232,122,191,162,123
167,843,1427,1459,1458,1417,1734,1764,1689,1681,1722
168,233,499,538,2484,2488,2447,2332,2333,2335,2449
169,153,155,193,611,467,471,533,503,572,2332
170,1342,1344,1346,961,959,995,997,1658,1496,1880
171,142,3018,422,1081,1156,1083,541,621,19,16
172,418,414,417,453,452,490,451,646,642,493
173,155,193,520,589,896,966,927,929,775,1159
174,2556,2557,2594,2804,2731,2728,2772,2767,2768,2365
175,978,211,207,171,246,435,296,330,399,400
176,2295,2332,2682,2484,2483,2644,2642,2640,2605,2601
177,2384,2762,755,830,2456,1954,2037,2651,2461,2689
178,2483,2485,2522,2520,2519,2964,2560,2645,2559,2561
179,1249,756,988,1177,796,870,874,1819,909,1821
180,1479,1704,2926,2917,2919,1573,1008,1071,1658,1610
181,2847,2925,2926,2917,2919,2921,2968,2922,2924,379
182,571,2297,2333,2372,1955,1989,2028,2030,2602,2600
183,1992,1996,2381,2341,2458,1125,1156,1119,1157,652
184,759,797,795,798,1704,1479,1633,1516,1517,1630
185,797,759,796,757,756,682,643,684,680,645
186,1399,899,2611,934,2079,2072,2415,2040,2078,1195
187,1955,1056,1054,1115,1162,1158,1053,1057,1055,1125
188,889,2335,2376,475,583,578,512,580,238,538
189,731,927,928,2295,2488,2332,2484,2447,2368,2449
190,520,617,624,589,752,753,787,1016,864,929
191,1011,1721,1343,1480,1482,1690,1518,1577,1615,1579
192,1975,1856,1896,1899,1938,380,2541,2577,2578,2582
193,1226,1230,1420,1424,1343,2949,1345,1383,1385,1075
194,1399,2344,1732,1730,976,1195,2081,1189,2040,2041
195,2295,3018,2527,2378,903,941,940,905,943,2953
196,926,851,1359,1397,1989,2028,1057,1094,1155,1157
197,897,2462,1436,1360,2499,2039,2650,2038,2948,1998
198,783,778,741,484,663,522,661,662,524,520
199,233,155,928,929,927,2488,2332,2447,2368,2449
200,928,851,2295,2374,2332,2722,2486,2685,2724,2726
201,897,1436,1360,2462,2422,2038,1998,2948,2499,1196
202,729,730,2485,2332,2484,2333,2372,2447,2954,2366
203,2743,2825,2787,2826,2789,74,2933,34,110,76
204,1402,1315,1009,1063,1059,1097,1099,1136,1138,1241
205,859,1359,1397,1053,1057,1055,1159,1155,1157,1160
206,446,517,555,129,193,130,153,122,155,154
207,703,487,2418,1398,2457,2459,1359,1397,1092,2565
208,759,798,756,796,380,379,416,418,489,532
209,1160,1154,2525,1398,1359,1397,2483,2447,2413,2296
210,413,2742,303,339,376,29,38,32,2745,149
211,2928,5,83,966,122,115,118,84,117,927
212,1008,1352,417,418,414,2000,1807,1837,1960,1921
213,827,823,750,713,753,786,787,2486,2485,2648
214,795,1897,1934,2842,2804,2765,2806,2810,379,416
215,781,926,891,850,1056,1057,1055,1160,1157,1156
216,2560,2598,2563,2565,2599,2604,2641,2601,2964,2722
217,2332,130,118,555,851,807,888,884,849,845
218,1071,3014,1176,1216,1214,1403,1213,1254,1252,1363
219,2384,2528,1360,2762,755,830,2651,2689,931,939
220,862,864,166,333,281,204,579,580,207,244
221,1201,1203,1204,1175,1076,1292,1098,1329,1063,1060
222,1276,1277,1278,840,800,804,803,726,718,683
223,1434,2298,2342,1691,1730,2076,2041,2080,2118,976
224,2255,2517,2435,2405,2518,2434,2442,2440,2696,2441
225,2259,2295,2301,2407,2369,2370,2371,2408,2333,2372
226,2814,2820,2739,2781,3018,2740,2638,2601,2641,2599
227,2375,2450,744,204,205,206,783,578,618,617
228,2405,2442,1249,870,2581,874,2619,2620,1177,909
229,2295,2381,2374,2332,1017,1056,2601,1156,1159,1160
230,1292,1329,1367,793,794,756,796,1178,988,1140
231,158,731,652,1081,1160,539,1154,579,578,927
232,100,25,62,19,21,51,54,3019,16,52
233,890,100,41,44,60,21,6,16,33,4
234,2259,2295,1359,1397,1081,884,813,1094,3025,1057
235,979,863,865,2598,2379,2337,2559,2378,2377,2525
236,846,807,812,809,806,808,778,810,700,739
237,1154,1119,1157,1955,1989,2028,2030,2447,2295,2409
238,2527,941,901,903,942,2851,2852,2699,2739,2738
239,1402,1427,1421,1462,1611,1617,1785,1668,1659,1651
240,2917,2919,379,455,415,416,418,454,456,1898
241,1359,1397,1154,1119,1157,1955,2030,1989,2028,2600
242,941,237,312,2958,353,2333,2372,2409,2446,387
243,615,616,159,546,127,130,519,372,410,366
244,1367,1098,1329,1102,1101,1265,1071,1292,1287,1140
245,1020,2387,2424,2425,2083,680,796,794,760,718
246,778,859,537,2851,2781,651,652,611,2953,2814
247,1822,2242,1439,1520,2048,2008,2046,2047,2930,1519
248,2541,2577,565,1363,1364,1325,379,1216,3014,1175
249,1399,1732,899,2611,934,2415,1195,965,1005,2079
250,929,1398,2451,2483,1156,1115,1118,3018,2851,2699
251,897,2689,1360,1436,2038,1998,2948,2462,2422,2384
252,1214,1213,1251,1252,1290,1307,1306,1613,1287,1343
253,1098,1076,1071,1075,1109,1147,1227,1229,1226,1230
254,1008,1010,973,1012,1414,1393,1430,1376,1355,1240
255,2384,2528,755,830,3008,1360,939,931,2762,2651
256,1076,1058,972,1009,1012,1046,1011,1048,1236,1391
257,2606,2562,2567,2521,2564,2487,2523,2524,2526,2483
258,1955,1359,1397,884,863,941,1155,1160,1158,1016
259,1381,1873,918,994,1886,1763,1721,1722,1530,1532
260,487,1997,861,778,814,1159,571,1117,1083,1156
261,697,699,2296,2295,2527,2520,2332,2484,2447,2954
262,3008,2977,1116,1082,2423,2259,2299,2336,2379,2340
263,2417,2416,2418,2299,2295,2377,2336,2368,2297,2334
264,1399,1732,2344,2454,976,2081,2041,2040,2075,2077
265,998,1000,2211,2248,2249,2250,2251,2985,1298,1302
266,658,732,773,884,886,846,810,807,2332,2409
267,804,797,759,722,645,566,641,643,570,606
268,2926,2917,2919,2804,2765,2806,2810,720,759,797
269,2382,2420,2421,2460,2457,2459,2487,2964,2685,2722
270,498,230,307,736,343,572,612,903,980,941
271,2557,2594,2597,2639,2807,2679,2805,2720,2716,2999
272,2565,903,1955,1997,1994,2034,2295,2259,2458,2460
273,618,701,670,2451,2489,2526,1016,929,1130,864
274,85,131,124,132,130,481,517,709,559,596
275,847,884,2381,2295,2259,2301,2333,2372,2297,1955
276,230,307,847,884,1092,2259,2522,2519,2483,2295
277,2638,1957,130,105,222,2377,2379,1093,713,715
278,595,849,807,845,848,850,816,679,667,712
279,886,847,817,825,823,822,824,787,712,716
280,1159,2527,859,929,928,930,2488,2374,2449,2370
281,813,1359,1397,1057,1055,1092,1155,1159,1157,1160
282,1886,1734,1793,1795,1721,1719,1755,1756,1758,1761
283,363,364,287,311,281,246,133,174,205,206
284,588,1053,1125,1087,1091,1128,926,932,889,893
285,679,2484,2483,2642,2605,2601,2603,2604,2520,2522
286,2300,934,900,899,2415,2611,2079,2072,2078,2035
287,813,850,1398,1359,1397,1017,1056,1057,1160,1154
288,949,1201,1215,1211,1022,1026,1025,1021,1023,1060
289,737,458,619,153,204,158,612,536,535,539
290,851,2295,2259,2301,2420,2421,2460,2381,2382,2380
291,891,926,2299,2336,2338,1997,1957,1994,2036,1992
292,891,926,1398,1359,1397,822,751,824,826,1017
293,927,928,2295,2527,2332,2488,2484,2447,2368,2449
294,465,462,464,432,343,319,347,382,396,392
295,197,2295,2368,2332,2030,1989,2028,624,652,731
296,813,1398,1359,1397,1094,1092,1155,1157,1154,1160
297,2378,926,3008,1359,1397,1398,1057,1055,1092,1154
298,1781,1784,1782,1780,1778,1745,1665,1698,1702,1742
299,861,1361,1398,1359,1397,1056,1054,1055,1160,1156
300,1156,679,1398,1359,1397,814,818,781,2382,2420
301,851,932,1359,1397,1119,1155,1154,2031,1991,2030
302,1994,2030,1154,1056,1093,825,928,884,851,891
303,1495,1071,994,1032,1033,1034,1236,1298,1302,1265
304,379,416,418,414,415,417,456,492,608,644
305,2527,2520,2296,2259,2295,2484,2447,2954,2332,2449
306,1160,194,1120,1159,159,196,587,585,588,617
307,1091,1130,896,898,709,754,859,748,861,862
308,342,37,2367,2744,2661,2702,2828,2705,2870,2923
309,869,946,1135,1309,1311,1176,1328,1173,1273,1175
310,2295,1359,1397,928,926,851,1955,2030,1989,2028
311,2521,2520,2447,1955,1994,2031,1991,1989,2028,2030
312,2865,2863,450,413,35,263,303,68,340,375
313,858,929,891,238,237,273,275,1091,1156,1117
314,679,1359,1397,926,1057,1154,1125,1081,1119,884
315,1060,983,985,946,949,416,793,831,492,797
316,84,123,940,929,898,932,1125,1160,1159,1120
317,559,520,589,590,2954,2447,2369,2370,2408,664
318,1398,783,929,896,903,898,901,902,865,1125
319,1997,1398,1092,903,778,2417,929,1016,941,979
320,722,757,1391,1363,1364,1097,1100,984,983,985
321,233,1398,1359,2375,2450,2369,2370,2371,2407,2408
322,539,653,269,233,122,191,232,162,123,195
323,2638,105,539,537,155,193,3018,2739,2369,2370
324,1629,565,641,869,946,2654,2655,2692,2732,3038
325,2378,2295,1017,816,1398,1359,1397,928,859,850
326,357,2332,2484,2489,2333,2372,2447,2954,2366,2451
327,1398,1359,1397,2378,2299,2336,2338,1160,1156,1154
328,346,1398,1359,928,929,891,1083,1160,1162,1159
329,1359,1397,1017,809,814,813,811,849,845,848
330,413,375,36,38,29,304,301,263,303,32
331,1466,1424,1036,1035,1367,1098,1329,1306,1099,1328
332,185,2957,142,105,100,27,25,16,33,2937
333,929,811,858,778,1055,1155,1082,1157,1160,1159
334,1361,2383,2343,2423,679,858,675,821,677,714
335,1994,2525,859,751,825,826,2259,2299,2413,2460
336,237,1016,811,1081,1087,1117,1122,1124,1083,1121
337,875,1325,1402,1401,718,759,756,796,720,1515
338,2259,617,926,1955,1994,1091,1092,1055,716,847
339,1011,1310,1341,805,727,804,802,641,643,682
340,380,2256,2293,2029,2069,759,795,798,922,998
341,929,498,768,382,381,420,1989,2028,2031,2030
342,891,926,2299,2336,2338,1997,1955,1993,1995,2032
343,884,807,845,848,2259,2368,2297,2334,2295,2332
344,1723,843,1272,1645,881,1305,1002,1343,1035,1036
345,123,824,2381,2375,2450,1125,1159,1120,1122,1124
346,1704,1176,1060,869,1363,986,946,983,985,718
347,1398,859,929,896,930,1055,1092,1159,1155,1157
348,1402,2048,1873,756,796,1819,1063,1682,1683,2952
349,335,334,370,367,507,404,369,510,511,512
350,1359,1397,2296,2295,1160,1159,1154,1155,1119,1157
351,237,312,291,422,426,325,328,361,387,424
352,2598,2487,2565,1398,1359,1397,1130,1117,1160,1154
353,1130,617,668,1016,979,978,929,752,753,751
354,978,123,196,194,481,121,159,744,517,667
355,159,196,487,519,778,741,740,709,588,592
356,1416,1380,1363,1402,1367,1364,1329,1181,1183,1250
357,1432,1391,1402,1363,1367,1364,1325,1329,1060,1063
358,130,197,623,409,446,407,627,439,443,441
359,898,861,862,864,754,827,816,2941,784,785
360,193,118,84,122,926,155,928,927,618,929
361,409,623,516,517,615,537,612,614,555,578
362,2389,3006,2930,2505,2507,2503,2468,2546,2465,2508
363,2865,450,413,35,263,303,68,375,149,2935
364,1480,1482,380,417,379,906,874,909,1893,2998
365,2458,2296,2332,2341,2295,2368,1955,2520,1991,1989
366,1398,929,891,1090,1159,1155,1157,1125,1091,1083
367,1955,2030,1359,1397,2561,2484,2485,2520,884,813
368,695,2378,1992,1996,1398,1359,1397,846,858,813
369,1262,1343,2731,2691,2365,2539,2551,2581,2517,2556
370,946,835,836,869,1059,1253,1140,1138,1250,1139
371,2827,450,263,375,340,2935,35,112,75,74
372,2030,2295,1398,1359,1397,2333,2372,1160,1162,1081
373,2525,2486,2378,2337,2413,3008,1398,1359,1397,889
374,807,771,767,769,770,772,564,600,731,599
375,940,928,2447,2484,1156,1119,1157,2295,2381,2378
376,759,805,727,804,802,645,641,643,682,566
377,450,340,2935,2787,2825,2826,75,2789,2901,2900
378,238,167,205,206,163,164,165,3012,889,459
379,926,889,811,888,846,845,848,849,1091,1087
380,2378,2382,2420,2421,2460,2603,2487,2523,2524,2565
381,745,784,783,781,979,816,821,864,932,857
382,2921,2917,2926,2912,2919,2831,2804,2807,2765,2806
383,412,537,498,496,497,611,978,672,633,858
384,1402,1367,1329,1328,1292,1287,1212,1214,1250,1213
385,823,769,772,564,747,748,736,602,600,700
386,487,408,238,192,234,3031,583,618,811,633
387,2540,682,2581,2292,1764,1723,2365,878,1272,2979
388,310,312,276,1398,1359,1397,1017,1130,1159,1160
389,875,961,379,418,759,795,2847,2811,2805,2999
390,3018,2483,2682,2520,2641,2487,2638,2523,2521,2644
391,1415,1912,1907,1948,1950,1741,1722,2163,1604,2049
392,1057,1130,893,857,677,714,858,711,864,752
393,2419,892,903,1398,2295,1359,1397,2333,2372,941
394,1011,527,721,640,681,603,641,722,718,645
395,990,1557,1527,1530,1531,1532,1569,1572,1793,1795
396,1459,1460,1438,1061,3004,1099,2543,2544,2580,1136
397,25,62,19,54,52,4,3019,9,16,22
398,2949,1227,1229,1226,1230,1147,1178,1109,1022,1071
399,476,367,365,404,403,400,402,438,440,784
400,1400,1402,1328,1291,1330,1292,1329,1367,1136,988
401,2486,742,2648,2649,1130,1132,1093,1094,1016,1056
402,795,798,759,2313,1975,2201,2273,2276,2240,2237
403,807,809,806,808,769,767,772,672,729,731
404,3018,2699,2739,2891,2854,2738,2851,2737,2740,2853
405,2297,618,813,929,926,859,891,1092,1154,1159
406,598,653,775,694,767,769,692,698,772,774
407,2163,2543,2544,793,1026,988,984,987,1063,1025
408,181,370,510,223,215,259,257,217,404,166
409,780,743,740,742,664,662,668,485,523,521
410,2416,2418,1055,929,858,926,932,930,891,859
411,1398,1994,2496,1130,1016,2339,2378,1018,1093,884
412,804,803,689,3023,686,603,648,647,3026,453
413,2417,618,816,1016,850,979,978,966,927,862
414,1074,1076,1721,1343,1347,1690,1480,1482,1615,1613
415,413,2742,303,339,376,29,38,32,2745,149
416,437,739,708,517,595,590,559,594,596,629
417,935,603,1516,1514,686,832,759,798,456,454
418,2417,2381,2295,2333,2259,2299,2301,2336,2338,1997
419,60,19,21,54,52,4,3019,26,16,22
420,3018,2851,2738,2779,2814,2775,2777,2816,2818,2817
421,1400,1402,1367,1227,1229,1226,1230,1330,1292,1329
422,709,665,661,662,664,666,562,558,561,627
423,342,2744,2661,2705,73,37,114,2828,2870,2923
424,957,963,1039,1413,2943,1373,1416,1272,1262,1260
425,395,443,130,166,245,244,305,310,193,319
426,670,703,701,742,740,849,845,741,743,848
427,730,932,498,308,268,829,828,863,896,496
428,1091,268,306,381,420,1128,768,978,926,896
429,2048,1873,840,881,1822,1721,1567,1722,1606,1608
430,130,780,742,485,664,662,521,520,560,629
431,988,986,870,756,796,2984,2541,2698,2735,2578
432,930,1016,1130,1093,1053,1056,892,754,752,864
433,878,881,1402,1405,1406,1442,1668,1697,1772,1819
434,2300,2681,1396,1323,885,900,934,2453,2610,2500
435,496,245,977,896,272,898,978,932,287,283
436,176,175,324,285,320,178,287,172,286,210
437,929,733,668,618,2448,2954,1092,1154,1125,1159
438,851,2333,2372,1359,1397,1160,1162,1083,1159,1154
439,1249,1342,1344,1346,1037,1038,1006,1010,834,986
440,682,2124,2968,1557,1721,1860,759,795,1823,2804
441,2561,195,229,230,2030,1989,2028,2295,2409,2446
442,1130,1117,1122,1124,1085,1083,778,784,929,779
443,652,332,346,2333,2372,1359,1397,2818,2699,2738
444,957,1722,1723,1721,1072,1583,1518,1571,1621,1071
445,1361,1398,1359,1397,893,792,790,892,789,857
446,2295,2332,2527,2333,2485,2522,2520,2373,2370,2369
447,2865,2863,450,413,35,68,34,263,303,340
448,1630,1593,1479,1515,1556,2944,2970,1099,1325,1136
449,1398,571,329,330,1016,861,901,902,929,978
450,926,1955,2295,1398,1359,1397,2334,2484,2447,2378
451,312,1359,1397,571,611,495,534,496,1155,1123
452,1400,1402,1367,1329,1203,1330,1187,1328,1226,1230
453,757,835,836,1367,3004,1025,1329,1062,1061,1059
454,387,424,495,541,578,537,580,539,579,2369
455,204,245,496,207,544,246,479,296,435,330
456,916,918,803,689,686,726,647,454,456,455
457,409,445,480,481,623,664,662,518,517,666
458,312,2297,2333,2372,1955,1989,2028,2030,1055,1092
459,1360,897,1998,2689,755,2422,2462,2499,2571,1196
460,1125,930,2961,588,555,889,896,620,892,617
461,1130,1092,1057,676,675,896,677,714,894,740
462,299,552,661,222,19,25,143,61,157,64
463,553,592,305,158,159,196,306,926,745,191
464,1154,2295,2447,2954,2449,2297,2334,2448,2332,2409
465,487,602,716,754,862,864,827,182,786,139
466,811,696,731,503,464,465,233,382,384,316
467,1288,717,2470,2539,2544,2431,2469,2693,2543,2694
468,310,347,41,44,155,230,233,1155,1154,1119
469,932,498,533,572,343,306,381,420,231,496
470,1154,1359,1397,2818,2520,2699,2738,2816,2737,2333
471,2296,926,814,889,813,811,846,888,845,848
472,731,1994,2417,2381,966,2295,2259,2299,161,850
473,891,1398,1359,1397,1153,1117,1083,1160,1162,1159
474,1020,1026,1059,1438,1100,1401,1400,1250,1363,1330
475,238,537,845,848,539,579,807,618,672,813
476,579,731,768,928,884,1955,926,767,2030,1989
477,1127,1361,3008,790,789,928,932,820,889,895
478,618,693,659,619,621,850,927,929,886,926
479,2566,2565,2608,2602,2607,2609,2604,2682,2642,2644
480,852,602,672,738,633,739,651,730,679,707
481,2461,2605,2340,2343,1361,3008,1398,788,896,891
482,2353,1341,1721,1039,1071,1418,1520,1644,1634,1530
483,417,759,1201,682,643,684,1060,1011,1076,1009
484,1360,1998,755,2689,2651,2422,2384,897,1196,939
485,1558,1458,1402,1441,1443,1444,1666,1668,1645,1785
486,2381,244,2299,1125,1160,1122,1124,929,928,930
487,1135,1243,1280,1249,1248,1286,975,797,945,834
488,926,1359,1397,1057,1055,1092,1154,1159,1155,1157
489,1415,1454,1830,2960,1940,1831,1863,1864,1527,3005
490,153,2333,2369,155,193,2332,426,425,436,539
491,984,987,1024,1021,1022,1023,1064,2804,2885,2999
492,450,340,2935,2787,2826,2789,75,74,2909,2904
493,845,848,807,806,808,810,742,740,738,670
494,2485,422,310,784,2295,2259,1359,1397,2814,2817
495,884,1125,1154,2339,2030,1991,2295,2333,2372,1992
496,524,562,525,746,709,559,561,596,598,630
497,1154,2519,2522,2030,1989,2028,571,611,533,572
498,342,2744,2661,2702,2785,2828,2705,2870,2923,2897
499,739,849,850,611,1156,1115,1118,541,537,579
500,479,637,1087,1083,780,1016,784,781,966,979
501,1399,1732,2344,2454,2455,1195,2081,2041,2040,1189
502,2637,1629,2204,417,452,2087,793,2164,2353,2354
503,204,205,206,326,544,507,510,505,366,364
504,686,1147,1098,380,494,379,417,763,956,917
505,1130,2382,2420,2421,2460,677,714,859,858,864
506,1518,1666,1704,1667,1705,1706,1136,1394,2949,1401
507,891,814,651,539,579,1398,1359,1397,1130,1091
508,2447,2409,2446,2333,2372,2369,2370,2408,2371,2407
509,980,2295,866,2561,751,824,829,826,2485,2522
510,1434,936,2538,2492,1691,1730,2342,2385,2076,2080
511,1125,1127,2977,1128,893,896,892,898,790,745
512,929,886,620,621,850,846,807,813,809,806
513,571,611,382,343,389,505,501,497,499,503
514,778,520,896,891,859,929,930,1130,1091,624
515,2447,2484,2485,2522,2520,2519,2561,2600,2599,2725
516,578,193,130,118,160,162,122,166,131,197
517,1130,1083,1087,1091,1128,929,930,926,887,891
518,2811,2809,1897,1934,1002,962,946,603,642,646
519,380,379,416,418,527,415,414,417,531,568
520,153,421,739,730,305,696,270,308,271,267
521,2378,1994,788,1398,1359,1397,3025,1057,1055,1159
522,2374,739,621,539,579,618,966,861,850,849
523,578,889,851,886,846,888,884,847,849,845
524,271,2599,739,827,1091,859,896,1016,1093,930
525,795,797,759,798,1704,1630,1793,1795,1719,1755
526,1017,1053,894,859,861,754,860,748,753,745
527,1155,1160,1955,1994,1989,2028,2031,2449,2295,2259
528,414,418,415,416,795,797,798,759,718,643
529,1434,2342,2385,1691,2041,2080,2076,1735,1730,2118
530,130,371,695,661,664,662,517,552,562,558
531,849,850,2333,2372,1055,1155,1082,1157,1154,1159
532,611,383,268,381,730,732,731,346,306,382
533,544,507,505,512,370,475,474,363,367,365
534,1094,1017,744,667,669,671,1016,3025,739,1018
535,1201,1060,1011,1076,1009,1427,1315,1429,1350,1313
536,384,314,1989,2028,130,731,197,696,158,166
537,551,167,280,1159,1090,238,1160,201,203,236
538,2030,571,1154,1119,1157,926,738,776,884,847
539,384,539,652,2295,731,696,928,889,884,845
540,1020,717,759,1176,1401,1394,1206,1400,1205,1363
541,926,1991,2030,1398,1359,1397,1092,1159,1154,1155
542,1989,2028,2447,775,813,1094,1155,1157,3025,932
543,2743,2825,2787,2826,74,34,2789,2933,110,76
544,230,229,3010,231,346,279,310,317,311,312
545,380,379,2968,2917,2919,416,2926,2921,2922,2924
546,343,584,940,886,853,197,121,155,193,2458
547,422,384,158,2978,348,346,3032,203,310,201
548,1690,1632,1612,1595,1498,1569,1499,1517,1575,1538
549,2847,2637,2809,2836,2639,2678,2774,2674,2969,2755
550,2300,2681,1396,885,1194,934,900,899,2610,2453
551,847,884,2295,2333,2372,1055,1092,1090,1159,1155
552,759,805,1076,1011,1310,1579,414,451,417,645
553,1434,1691,1730,2538,2455,2342,2385,1165,2041,2080
554,998,1000,1821,1858,1861,2405,2442,2258,2255,2256
555,889,850,888,811,845,848,849,1055,1154,1159
556,132,2961,551,588,1017,1056,1093,903,892,2379
557,2419,2496,1160,1398,1359,1397,1130,829,1055,1092
558,652,3033,617,2965,618,619,654,656,657,660
559,2300,609,934,900,2415,899,2079,2611,2072,2078
560,379,416,418,415,417,456,454,644,492,608
561,413,2742,303,339,376,29,38,32,2745,149
562,382,978,1955,1989,2028,499,578,732,729,767
563,633,672,667,669,671,1017,1016,827,979,980
564,2337,2413,2483,2519,2964,2645,2560,2559,2682,2561
565,2805,2999,2213,2169,2365,2363,2171,2172,2441,2439
566,492,805,2987,803,804,802,528,531,568,529
567,920,1020,1026,1145,1185,2992,1417,1181,1183,1187
568,3018,2701,2739,2741,2854,2853,2740,2780,2953,2778
569,1994,891,2381,2377,2339,1398,1359,1397,1083,1160
570,793,2048,2356,2584,2318,2502,1856,1896,2008,1975
571,67,38,30,36,2782,144,301,304,2857,302
572,1399,899,2611,934,2415,1195,965,2079,2491,2497
573,845,514,517,619,654,656,657,158,93,129
574,926,928,1359,1397,1091,1160,1117,1154,1162,1083
575,2411,2332,2334,2374,2373,2410,2335,2376,2487,2523
576,2026,1000,998,946,1302,1173,869,1210,794,759
577,2378,1160,1122,1124,788,790,929,791,3029,926
578,757,832,1011,1059,1097,1099,1136,1138,1137,1390
579,597,672,633,670,706,694,775,705,698,739
580,1398,2483,1994,1993,751,2419,2295,2378,2333,2372
581,1361,121,898,977,237,386,895,978,348,273
582,926,824,786,716,618,617,2965,1157,1053,1057
583,1955,15,105,124,941,929,2638,2641,2781,2820
584,330,332,539,541,579,1081,1119,1156,1121,1115
585,158,238,807,845,848,619,474,475,500,578
586,56,58,53,61,91,57,59,99,94,163
587,2378,2337,2413,2483,2519,2525,2964,2560,2645,2559
588,1398,1359,1397,750,2941,1093,1094,1056,1016,1017
589,1156,3018,2295,2417,2779,2379,2781,2820,1016,850
590,2313,2163,1516,1402,914,935,2543,2544,1413,1823
591,1955,1989,2028,867,1081,980,862,861,864,979
592,1359,1397,3033,651,652,1991,1989,1154,2030,1119
593,2483,2486,2522,2485,2487,2523,2525,2524,2605,2598
594,960,924,922,2173,2290,2972,2249,2217,798,717
595,2713,933,925,1228,1232,1211,1199,1202,1236,1208
596,571,1359,1397,3018,2818,2739,2699,2816,2814,2817
597,668,635,674,2461,2490,2456,2498,2496,753,930
598,827,2381,929,1997,1989,2028,1955,1994,2031,2034
599,1741,759,2318,1626,1476,1514,1591,2943,1209,1243
600,2565,2605,978,617,633,672,783,903,706,901
601,2177,2930,831,2356,2350,2351,2389,2390,3006,793
602,1398,2295,1359,1397,2333,2372,1092,1159,1154,1155
603,831,1354,1135,1317,1173,1316,1210,1279,1204,1202
604,2482,1718,2735,2984,1420,1452,1413,1416,1032,1033
605,927,928,2295,1160,1156,1154,1119,1157,2484,2447
606,2290,1987,379,417,2441,2479,2443,1831,1834,1832
607,2295,2334,2332,2484,2333,2372,2335,2447,2954,2366
608,1398,2781,1156,1115,1118,3018,2379,2483,1997,2034
609,382,387,424,499,472,459,426,458,889,888
610,807,771,85,120,157,123,124,84,122,125
611,1249,1177,1178,1174,1063,1139,1140,988,759,986
612,736,701,700,703,702,705,704,667,669,671
613,2745,263,375,35,32,68,152,69,150,70
614,753,787,2335,2376,1018,1117,1123,3025,1120,1056
615,2404,2581,795,3016,379,416,569,415,456,529
616,963,1109,1039,1073,1071,1072,1495,1533,1530,1531
617,1434,2455,2538,2041,2118,2076,938,1041,976,1047
618,851,926,1359,1397,2381,1994,1991,2030,2259,2295
619,2809,998,1792,1794,961,2403,2993,2364,2327,2326
620,1398,1359,1397,1055,1155,1090,1157,1160,1154,1156
621,2973,209,940,864,564,754,670,701,637,2412
622,1744,1292,1329,1441,1443,1440,1444,1405,1442,1402
623,2458,2380,2301,2299,2336,2338,2339,2341,1017,1160
624,447,2416,2457,2459,481,742,709,517,520,673
625,564,2565,624,2488,2521,2527,658,845,848,754
626,3031,578,927,926,929,891,660,617,2965,618
627,1060,797,1363,1135,1364,1325,1176,1328,1173,1175
628,1242,757,756,796,1419,1474,1435,1457,1744,1738
629,850,1398,1359,1397,1090,1155,1125,1157,1160,1083
630,718,722,720,756,759,757,796,797,834,832
631,1558,1458,1402,1441,1443,1444,1785,1666,1781,1645
632,752,781,896,926,928,891,930,859,929,1056
633,1398,382,891,884,886,611,533,610,572,612
634,1017,703,901,709,898,752,902,750,748,866
635,1125,2339,516,823,859,825,617,2965,615,616
636,116,95,80,94,91,78,43,57,59,19
637,1823,1744,1743,380,494,949,379,417,1305,1227
638,175,333,544,367,514,512,511,513,408,515
639,934,900,2072,899,2079,2078,2611,2415,2570,2454
640,450,375,263,340,2935,35,150,74,68,112
641,1156,1115,1118,1017,3025,1056,1092,1093,1094,2603
642,1226,1230,2949,1400,1402,1367,1291,1330,1292,1329
643,1398,1359,1397,1122,1124,1083,1130,1093,1018,1017
644,2605,487,2382,2420,2421,2460,827,1130,1055,1094
645,794,841,2253,2172,2254,2972,956,960,924,922
646,1055,1154,1156,1997,1157,1158,1957,1123,1955,1115
647,2962,1099,1475,1477,1518,1429,1439,1136,1438,1328
648,1398,679,2483,1092,1154,2605,2603,1120,1123,1156
649,2943,1514,843,1405,1406,963,917,956,1438,1442
650,850,1398,1359,1397,1090,1155,1125,1157,1160,1083
651,1135,1176,834,1280,1243,1175,1212,1214,1249,1248
652,539,541,537,2958,499,391,426,471,425,473
653,2540,982,682,1026,2943,1248,1286,1100,1059,1097
654,716,786,754,543,507,516,476,298,439,403
655,1994,2295,2368,2332,1398,1359,1397,1160,1117,1154
656,846,781,777,559,782,596,780,743,594,744
657,1630,1583,1593,1544,1505,1479,1515,1556,2944,2970
658,2457,2459,2566,2608,2565,2722,2964,2607,2685,2724
659,181,10,223,261,180,49,56,58,84,125
660,1160,1055,1056,1130,1093,884,886,675,712,711
661,783,896,865,898,1016,1054,1053,1160,1156,1055
662,701,617,678,639,670,1016,1018,1159,1158,1053
663,1254,1176,1253,1291,1394,1402,1401,1136,1400,1363
664,539,653,692,233,2484,123,2954,2447,2369,2370
665,1398,1359,1397,1056,1055,1160,1159,1154,1125,1162
666,874,909,1038,1072,1037,1073,1139,1344,1340,1346
667,1017,1091,1130,752,2941,898,785,892,894,855
668,1722,1109,874,1213,1291,1328,909,1375,1377,1379
669,1136,1099,1097,1024,1022,1058,1021,1023,1059,1064
670,238,3031,929,778,889,821,811,858,891,1160
671,2048,1402,1440,756,796,1913,1910,1819,1873,1026
672,1249,1215,1139,1135,1177,1174,834,945,947,870
673,2030,1989,2028,2954,2447,2295,2448,2297,2419,2334
674,1055,1092,2521,259,331,2605,295,2565,578,580
675,2543,2544,1059,1097,451,528,531,568,529,642
676,1557,3030,2048,2009,1934,1897,1860,1823,1824,1822
677,1156,1160,1154,1119,2333,2372,2377,2299,2336,2338
678,2177,793,922,881,2597,840,2938,718,680,683
679,1438,1100,2619,2620,2659,2660,2697,1368,1099,1136
680,1402,1328,1557,3030,2048,758,759,1704,795,2009
681,1020,1026,1059,1100,1438,1097,1099,1205,1136,1401
682,1994,1398,2337,2527,2378,2526,863,941,940,2417
683,2378,3008,1398,1359,1397,2739,2814,2817,2699,2777
684,1091,1053,617,1018,978,679,716,930,901,896
685,2337,2413,2560,2559,2598,2722,2964,2563,2685,2724
686,929,928,926,891,775,887,886,890,814,847
687,782,896,1398,1359,1397,941,1016,1018,1162,1115
688,972,1176,1363,1206,1364,1205,1325,1320,1254,1209
689,380,379,642,417,644,456,608,452,454,604
690,1858,1861,1823,1857,1859,1862,1894,1895,2352,2315
691,1459,1035,1036,1033,1034,1343,1234,2992,1309,1307
692,1249,1177,1178,1174,1038,798,1140,1139,1063,1037
693,3032,3024,191,130,125,160,122,192,158,162
694,130,443,661,662,664,523,520,552,666,562
695,732,731,155,193,1994,1991,2030,2259,2295,889
696,720,645,2784,2444,2479,2518,2829,2916,2905,2914
697,2302,1381,1452,1872,1910,2122,2001,2043,2046,2047
698,2565,1359,1397,564,678,670,1159,814,679,639
699,978,287,443,401,438,747,748,595,639,678
700,197,679,716,677,714,850,862,864,815,827
701,2299,2297,2336,2338,2341,2459,2457,2380,2416,2419
702,972,1401,1630,1438,1439,1593,1135,2944,2970,1479
703,1328,1418,2242,2313,3030,1557,1822,1824,2432,2470
704,869,972,975,937,906,946,1210,1209,1317,1354
705,1154,1155,2259,1994,2031,1991,1989,2028,2030,2297
706,1623,1625,2719,2717,2718,2802,1011,975,974,972
707,2378,2337,2413,2483,2485,2487,2605,2603,2604,2600
708,623,437,517,130,193,196,118,125,194,117
709,1020,1026,1136,1099,1098,1100,1097,1060,1059,3038
710,2030,1955,2561,2485,2520,2447,2484,2295,2296,2458
711,920,922,794,718,681,719,721,2083,2214,2124
712,2048,1441,1682,1683,2952,1823,1819,1822,1824,1720
713,949,795,793,643,684,380,379,416,532,491
714,30,36,38,29,67,2782,301,304,302,2857
715,2935,340,2863,35,2889,2827,2864,2898,2895,2894
716,727,490,493,682,528,640,607,603,646,531
717,734,980,1359,1397,851,852,2522,2520,2030,1989
718,158,884,1154,1989,2028,229,231,2368,2295,2334
719,864,2601,2643,2645,742,709,658,485,676,664
720,777,743,739,744,517,520,691,562,692,663
721,342,2785,2661,2702,74,73,71,37,114,2828
722,1434,1051,1047,2298,2385,2042,2076,2080,2118,2342
723,581,3033,700,697,699,774,307,310,312,276
724,2641,2646,2484,2483,2600,2602,2607,2609,2598,2520
725,935,1061,1059,1025,1062,1097,759,757,831,797
726,1361,3008,895,928,891,929,1082,1153,1130,1157
727,1955,1989,2028,2030,2295,2484,2447,2954,2297,2334
728,1822,1818,1820,1783,1779,1680,1780,1722,1670,1672
729,1989,2028,193,53,155,121,57,59,156,123
730,1160,859,927,2299,896,928,2458,929,930,2336
731,2581,1249,1858,1861,1063,1174,759,1177,1139,988
732,2009,2048,2470,975,986,983,985,2317,2315,2316
733,384,578,928,926,1081,1091,1128,1119,1157,884
734,1823,1766,1227,1229,1178,1071,1140,957,994,959
735,1691,1735,2342,2385,936,925,1051,1050,2492,2538
736,1017,1016,979,754,2418,2416,2457,2459,2419,942
737,2485,734,716,2295,851,2259,847,884,2382,2420
738,759,1176,2809,2759,2723,2756,2798,935,1058,1048
739,1398,2419,813,778,421,419,423,3011,3024,611
740,864,826,818,781,792,679,786,787,677,714
741,105,61,100,25,62,19,3019,51,16,33
742,941,1154,1991,1989,2028,2295,2447,2334,2449,2332
743,1249,874,909,1897,1934,380,379,492,451,2085
744,1399,1732,899,2611,934,2081,2040,2415,2079,2075
745,61,91,57,59,88,180,156,99,123,85
746,348,287,215,238,127,93,95,252,3031,125
747,2295,2369,2370,2368,2333,2332,2447,2484,2603,2600
748,2681,885,900,1323,2500,2453,1436,1396,2650,2610
749,603,1325,843,960,972,914,935,1097,1099,1250
750,949,1071,1039,1011,1721,1341,1402,1418,1480,1482
751,1017,197,475,512,739,749,784,786,901,893
752,2030,1359,1397,2485,2525,2520,2447,2296,2295,2484
753,1437,1435,1433,1470,1813,1854,1817,1661,1665,1663
754,536,534,535,574,533,572,768,610,571,612
755,1399,1732,2344,2611,2454,2455,1195,976,1166,1198
756,827,2560,2598,2725,2563,2722,2599,2685,2724,2604
757,877,1325,686,720,759,1479,416,531,568,1515
758,972,726,763,2179,2216,1107,1176,1328,1309,1311
759,2179,2216,1328,1107,1213,1214,1251,1252,1466,1380
760,1012,759,1176,946,869,834,871,872,1254,1354
761,1907,1951,1945,1948,1950,1949,1988,2024,2025,2124
762,973,1012,1339,1240,1244,1350,1239,1356,1352,1243
763,1323,1436,1396,2462,2500,2650,2499,2571,2568,2039
764,718,720,1136,1099,1020,983,985,1024,1025,1058
765,1011,1026,982,1634,1558,1668,1519,1520,1402,1405
766,1017,2378,2381,2600,2602,2483,2520,3008,1398,1359
767,1009,2812,2848,1336,2988,1380,2637,1376,1414,2846
768,1058,944,975,974,2653,2654,2655,2692,2732,2387
769,2458,2341,2295,2339,2297,2296,2299,2336,2338,2259
770,1991,2030,2964,2641,2483,2599,2601,2522,2520,1120
771,1438,1367,1330,1329,1328,1292,1253,1211,1250,1061
772,2543,2544,1681,1100,1099,1136,1818,1820,1779,1783
773,832,1229,870,1227,950,947,949,948,1174,1178
774,130,125,308,231,650,159,194,196,192,229
775,1741,1668,2356,2389,2350,2351,2390,2204,2203,2163
776,539,807,541,579,845,848,127,158,161,129
777,949,718,2768,2773,793,795,759,2930,2356,2427
778,851,537,2605,399,739,782,652,611,1989,2028
779,2409,2446,2407,2369,2371,2370,2408,2295,2296,2259
780,1021,1098,1176,1403,1214,1215,1213,1367,1365,1404
781,2492,936,964,1730,1733,1691,2385,1990,2260,2112
782,682,1428,1011,1059,1313,1315,1321,1097,1138,1137
783,2964,2599,2638,1094,2521,1055,941,980,2520,979
784,233,272,465,464,346,310,430,385,390,384
785,1832,869,946,1253,1176,1173,1135,1215,1211,1254
786,2259,2295,2520,1955,1994,1991,1989,2028,2030,2334
787,1399,899,2611,934,2415,965,1005,2081,2072,2040
788,1201,3038,1020,1136,1011,1026,1099,1097,1438,1058
789,2921,2917,2919,2804,2765,2806,2810,720,759,797
790,1629,1741,1700,1439,1201,3038,1401,1391,982,1020
791,1402,2583,759,988,1063,1723,2356,1839,1858,1861
792,2811,2804,2769,2767,2721,2716,2676,2982,2678,2639
793,3018,2417,2447,2412,2452,2739,2891,2738,2851,2740
794,1842,2001,2258,2305,765,764,2438,958,975,971
795,1399,1732,2344,2611,2455,2415,2454,1195,976,1166
796,1998,897,1360,2689,2651,2462,2422,2384,2499,1196
797,417,720,756,1934,1819,1897,1666,1668,1704,1667
798,759,869,946,994,1176,1012,957,1039,1254,1354
799,498,768,382,381,420,2297,2409,2446,2333,2372
800,1991,1398,1359,1397,2369,2370,2371,2407,2408,2409
801,2681,2300,885,900,1396,1323,2500,2453,2610,2570
802,1226,1291,1292,1329,1420,1424,1343,1402,2949,1367
803,1127,2340,2343,2565,2605,2461,2490,2498,2496,751
804,1742,2583,2804,759,2716,2769,531,568,414,417
805,1359,1397,903,941,978,1155,1016,1158,1017,1125
806,2048,1440,1819,1744,883,2698,2580,2735,2543,2544
807,1395,1320,1322,1167,1206,1204,1285,1280,1282,1199
808,2179,2216,2716,2721,2805,2999,2286,2804,2972,2979
809,1721,1763,1886,1897,1934,1860,1823,1557,3030,1583
810,499,422,277,1955,350,1957,312,1997,1398,1359
811,1564,1215,2769,2767,1339,1343,1440,1401,1400,1026
812,130,333,374,552,479,678,777,782,639,676
813,230,847,884,307,310,312,2259,276,2295,2333
814,2070,2083,2119,2356,2352,2315,2155,2193,2197,2201
815,956,994,1383,1385,1384,1345,1039,1110,1108,1071
816,1337,2792,1870,2135,2177,2917,2919,2545,2465,2441
817,1398,2030,1994,1993,1995,2032,2378,2377,2295,2257
818,925,1735,1733,1695,1776,2042,2121,2070,2043,2120
819,2076,1434,2298,2342,1691,1730,936,938,1041,1165
820,962,957,994,1071,1076,1039,1009,1363,1353,1209
821,717,759,1401,1201,1741,1169,1353,1697,1700,2424
822,2636,1339,2518,682,641,640,603,793,840,765
823,2313,1821,2086,2543,2544,1059,1097,2124,2201,2171
824,229,231,314,351,497,503,384,382,343,388
825,1135,1249,1248,1286,759,798,795,945,797,946
826,1645,1684,1110,1224,1109,1185,1147,1226,1230,1330
827,712,750,1017,2941,785,786,2648,2649,2647,2684
828,947,948,906,874,909,1249,1354,1276,1277,1278
829,2653,2348,2007,2044,2091,2121,2156,2386,2096,2082
830,1398,2603,3018,2739,2740,2598,2527,2519,2370,2369
831,1814,1821,1855,1869,1908,1911,1946,2237,2239,2007
832,1583,1433,1470,1734,1736,1850,1888,1814,1171,1242
833,2565,2598,2295,2299,1955,1989,2028,2030,1994,2036
834,961,2401,2402,805,765,803,802,804,529,607
835,244,2778,2779,459,612,540,572,499,390,395
836,2738,2851,571,611,1092,1955,1989,2028,1115,1118
837,487,1398,903,2603,2605,2565,827,672,617,620
838,1399,1732,2344,899,2611,1195,965,2415,967,1005
839,937,920,2302,2348,641,2043,796,794,680,683
840,2943,1514,1591,2162,2203,1553,1895,1894,1859,1745
841,2700,2701,30,36,67,304,265,2782,144,2855
842,2501,2723,2759,883,924,1011,1354,982,962,935
843,1413,1458,1418,1415,1690,1602,1640,1645,1684,1647
844,1741,717,759,1020,1058,1176,1110,1401,1206,1394
845,829,2259,1994,1991,2031,1989,2028,2030,2447,2297
846,2300,934,900,2415,899,2611,2079,2072,2078,2035
847,1026,1063,1137,1178,1100,1136,1099,1140,1098,1134
848,878,1330,1405,1816,1817,1779,1783,1818,1820,2203
849,1583,1475,1506,1545,1505,1507,1544,1204,1353,1202
850,1201,1236,1076,843,1009,883,2258,2214,2179,2216
851,1011,1009,1506,1504,1772,1738,1700,1697,1737,1353
852,1440,868,2007,2543,2544,2197,2694,717,760,2735
853,2483,2379,2640,2641,3018,2854,2699,2739,2953,2815
854,886,88,231,551,661,655,229,618,617,2965
855,498,768,358,343,382,381,420,2297,2409,2446
856,1060,1364,1546,1363,1508,1402,1515,1427,1401,1518
857,1440,1328,1329,1367,1292,1215,1211,1173,1174,1026
858,2401,2402,1074,959,1537,1574,1035,1036,995,997
859,1359,1397,1054,1115,1162,1053,1057,1158,1055,1125
860,1402,1704,1210,1211,1173,1097,946,1059,988,986
861,2378,2337,2413,2483,2486,2648,2649,2522,2646,2485
862,1989,2028,3018,2418,2447,2417,2891,2412,2452,2851
863,425,422,426,387,424,652,2958,496,611,536
864,1402,1343,1308,1063,1059,1271,1272,1076,1253,1097
865,2447,1989,2028,308,229,231,2334,2295,2332,2333
866,998,961,1838,1840,2211,2248,2249,2250,2251,2985
867,1690,1479,1622,1569,1578,1515,1574,1582,1508,1531
868,571,1398,1359,2526,2489,2488,1154,1160,1120,1123
869,363,364,330,281,175,133,174,246,237,178
870,1402,2163,1744,1858,1743,1857,2313,1823,1821,1824
871,1431,1427,1466,1402,1076,1343,1099,1313,1138,1136
872,759,802,804,528,682,531,568,640,607,529
873,618,658,621,929,813,846,926,889,888,851
874,1210,1211,1173,1097,869,756,946,1059,796,831
875,1100,1099,1176,1254,1439,1438,1288,1253,3038,1401
876,793,2556,2581,2365,2286,2287,2325,1063,1174,1178
877,379,418,414,417,643,453,452,494,684,490
878,195,447,346,658,654,656,657,846,775,773
879,445,558,556,557,554,693,662,659,661,658
880,143,1115,1118,2483,2519,2295,2520,2333,2372,19
881,2414,696,1361,3008,618,621,1125,1116,1082,1127
882,1886,1793,1722,1721,1795,1719,1755,1756,1758,1761
883,581,439,403,476,754,753,259,861,862,864
884,740,665,664,661,662,668,485,666,526,628
885,1438,1367,1330,1329,1328,1292,1061,1059,1253,1205
886,961,998,2313,2240,759,795,798,1975,2067,2102
887,537,2414,1132,813,672,633,941,978,980,896
888,729,1398,1017,2522,2483,2484,2486,2451,2489,2526
889,587,588,443,407,88,87,163,164,124,2966
890,794,2470,1402,1454,2086,2543,2544,2124,2318,2313
891,2538,2385,1434,936,938,1096,937,1200,1165,1191
892,1823,1744,1178,949,1402,1292,1329,1367,1140,988
893,2779,1989,2028,2520,2295,2484,2447,2297,2334,2954
894,1039,2290,417,414,415,416,418,2926,2917,2919
895,649,641,494,490,640,603,646,642,605,3016
896,1583,2352,804,803,917,921,840,923,842,914
897,1630,1593,1479,1515,1556,2944,2970,414,415,416
898,928,893,892,851,751,894,857,785,859,861
899,3018,2638,2641,2779,2447,2781,2496,2412,2452,536
900,2681,885,900,1323,2500,2453,1436,2650,2610,1396
901,541,578,850,884,847,886,191,129,130,197
902,2650,885,1323,2462,1436,2499,1396,2500,2039,2074
903,1125,859,903,941,2339,1398,1359,1397,552,371
904,193,155,85,163,116,118,164,156,115,121
905,1061,1100,760,2943,1177,1248,1286,1210,2619,2620
906,869,946,1135,1328,1176,1280,1173,1326,1289,1287
907,1097,1061,1059,843,832,1002,988,645,987,983
908,1154,1160,1398,1359,2458,859,884,891,886,2299
909,340,2743,2825,2826,2787,74,2789,34,2933,110
910,759,795,2811,2809,947,948,1858,1861,2012,2014
911,2344,1732,1399,1434,976,2040,2081,2041,2118,2077
912,1096,1324,2042,2070,1200,2932,868,933,937,2385
913,435,364,363,102,171,211,134,101,135,207
914,484,485,522,481,521,524,562,560,627,629
915,1398,1359,1397,1156,1160,1154,1119,2030,1994,2036
916,2488,2447,2449,2452,2448,2450,2381,2409,2446,2332
917,988,417,2581,2540,2583,682,684,643,835,680
918,759,797,834,1011,872,640,565,983,985,682
919,269,343,387,424,458,611,498,571,612,497
920,957,380,379,416,418,531,568,417,415,414
921,897,2499,1436,1360,2462,2422,2650,2571,2568,2039
922,966,306,267,269,231,122,271,233,270,229
923,1125,2380,2339,1154,1160,2341,2030,1993,1995,2032
924,303,339,2742,2745,38,32,68,29,149,2890
925,1026,1645,1684,1109,1147,1226,1230,1459,1330,1413
926,983,949,947,607,948,682,643,684,907,910
927,813,941,928,926,1398,1359,1397,859,1057,1055
928,1017,1398,1359,1397,903,866,904,901,902,942
929,1400,1440,1330,1402,1405,1406,1442,988,1134,1097
930,2784,2829,720,722,757,983,985,984,987,341
931,1399,2344,1732,2455,1041,1195,1189,976,968,964
932,1165,1434,2298,1730,1691,2385,2342,2492,2538,2534
933,811,425,426,312,167,197,277,278,274,237
934,1473,2293,1666,1723,682,1242,1171,1011,843,878
935,2809,1632,2315,2316,1862,1860,2012,2014,1857,1859
936,2444,2704,1710,1631,1368,341,378,1337,377,1006
937,1359,1397,1018,3025,1054,1115,1162,1158,1125,1053
938,898,1091,1083,1117,1087,859,2965,618,617,633
939,1455,1401,1402,1453,1392,1390,1415,1378,1418,1375
940,121,409,1159,1091,1125,445,482,520,655,623
941,422,496,497,539,537,535,536,384,235,271
942,1744,1857,1859,1862,1894,1895,451,682,528,603
943,843,881,1201,1147,1438,1026,1226,1230,1039,1063
944,928,2458,828,751,789,790,826,788,791,3029
945,2295,2259,1359,1397,1955,1994,1991,1989,2028,2030
946,793,2253,2972,1109,1339,1337,1300,1338,2988,1071
947,1249,759,795,797,869,874,873,1063,1060,1064
948,832,720,798,756,796,1229,1236,1227,1250,1212
949,1330,1481,1402,1440,1438,1441,1443,1444,1405,1406
950,1075,2936,1072,1073,1416,1420,1380,1384,2949,1343
951,2778,2779,2332,2520,2526,2483,2484,2488,2368,2489
952,2384,755,2651,2689,830,1361,3008,1360,2529,2528
953,1109,1872,1291,2086,2046,2047,1822,1518,1021,1022
954,1205,1738,1742,1026,1136,1100,1099,1063,1059,1097
955,301,304,2700,36,67,2742,38,29,32,2782
956,2300,934,900,2072,899,2611,2079,2078,2415,2570
957,1017,621,618,716,2484,2561,750,2485,2519,2522
958,1823,1860,1557,1478,1480,1482,763,726,764,687
959,926,652,351,1989,2028,460,276,312,310,1081
960,2600,2602,2483,2447,1991,2030,1957,2299,1992,1996
961,1008,963,1039,1280,1135,834,1176,909,907,946
962,978,3024,422,246,3032,295,633,672,296,287
963,1434,2298,1730,1691,2385,938,2076,2080,936,2342
964,1011,1009,1201,1278,1276,1277,1414,1432,1428,1380
965,793,1912,957,2099,2086,2124,1721,1340,1339,1341
966,2292,2066,2142,832,1420,2938,870,682,643,684
967,2367,342,2744,2661,2702,2705,2784,2828,2829,2870
968,2479,1440,1424,1383,1395,1026,1345,1385,1186,1330
969,1398,2295,1359,1397,2333,2372,1092,1090,1159,1155
970,2485,699,889,697,884,890,888,847,738,851
971,1026,1025,1075,1062,2936,1098,1063,1185,1201,1420
972,2694,794,1187,960,1101,1102,1910,1949,1988,998
973,949,795,793,2089,2938,1897,1934,2088,643,684
974,2344,1399,1434,2455,2454,1732,1730,1041,976,968
975,1480,1482,1520,1479,1515,1556,1558,1557,3030,1780
976,2163,1458,2048,1858,1819,1952,1917,2997,1861,1910
977,1341,1721,793,1872,1912,2930,1962,2047,2219,2099
978,1109,1215,1328,1276,1277,1249,1101,1102,999,874
979,1557,3030,2048,2010,2011,2013,1934,2009,1670,1672
980,1130,754,896,892,752,753,859,861,858,751
981,2295,2259,734,2955,851,695,847,884,1955,1997
982,341,377,804,798,759,529,643,682,684,566
983,539,579,734,1115,2259,1057,2297,2333,2372,1055
984,1991,1989,2028,2295,2447,2449,2334,2448,2332,2409
985,978,703,862,864,295,576,237,2965,259,273
986,447,445,482,523,520,558,663,661,662,655
987,230,229,231,611,271,610,422,498,496,421
988,623,437,517,343,314,862,886,853,816,850
989,1156,1119,1157,929,816,928,926,809,813,811
990,2565,615,616,576,588,333,550,366,512,548
991,2201,2318,2313,2237,2239,2540,2694,2543,2617,2544
992,295,754,753,792,1016,787,829,864,979,978
993,117,118,84,20,124,79,17,83,88,43
994,794,1681,2543,2544,1912,1910,1949,2086,1988,2124
995,564,1018,813,670,679,716,1117,1130,3025,792
996,1991,2030,2378,2520,2447,2484,2295,1398,1359,1397
997,2521,2259,2295,2381,1155,2369,2370,2371,1154,1115
998,2259,2295,1994,1955,1991,1989,2028,2030,2484,2333
999,891,926,2299,2336,2338,1997,1955,1993,1995,2032
1000,1402,1452,1823,1824,1682,1744,1683,2952,1763,1718
1001,730,421,3024,458,506,457,611,497,571,614
1002,2914,2905,2479,3015,2444,341,378,532,493,530
1003,734,738,459,460,382,343,851,847,884,2447
1004,2295,2297,2447,2333,2372,2369,2370,2408,2409,2446
1005,2929,494,454,455,2318,3001,2273,2276,2277,2278
1006,412,736,498,700,705,497,536,633,672,541
1007,494,1893,2313,935,906,1280,718,1210,1173,1243
1008,2561,1994,1991,2030,2485,2259,2295,2484,2954,2447
1009,928,2417,2295,2299,2336,1160,1156,1154,2338,1119
1010,2030,851,846,732,768,2295,2484,2447,2954,2332
1011,340,2785,2787,2789,74,2933,34,110,76,37
1012,1083,1081,1122,1156,1115,1118,784,783,889,891
1013,2381,2299,884,929,928,886,891,2030,1994,2036
1014,2964,2645,2682,2641,2643,2487,2523,2599,2644,2642
1015,1744,1779,1783,1818,1820,883,843,920,879,880
1016,537,3032,348,497,500,2978,498,504,463,350
1017,121,716,1155,1090,1123,1125,1091,1089,1126,863
1018,2030,2520,1359,1397,2458,2381,1160,1081,1123,1155
1019,343,2301,2417,2416,2458,2420,2421,2460,2418,2380
1020,793,1401,1341,1721,1415,759,1418,718,681,719
1021,539,312,318,504,311,317,314,472,3024,460
1022,1704,2356,2389,988,983,985,831,2124,2163,2950
1023,831,2119,1738,1660,1661,1699,1014,935,933,1431
1024,1991,2030,1989,2028,2295,2259,2301,2297,2409,2446
1025,978,940,251,209,237,248,273,422,424,361
1026,795,798,2405,2442,2107,2256,2218,1914,1919,1845
1027,2169,1679,1643,1260,1336,1449,1455,1445,1372,1339
1028,496,932,926,343,243,245,345,306,268,1157
1029,2300,934,900,899,2415,2611,1194,2500,2079,2072
1030,643,684,608,644,604,570,567,606,379,416
1031,886,2419,154,2031,343,651,422,421,3024,423
1032,2804,380,414,1858,1833,1861,2012,2014,2008,1898
1033,922,380,379,417,608,644,604,453,492,527
1034,3018,2699,2739,2741,2854,2853,2737,2780,2740,2953
1035,795,798,759,2313,1975,2201,2273,2276,2240,2237
1036,957,380,379,416,418,531,568,417,415,414
1037,2483,2520,2487,2521,2523,2682,2524,2641,2564,2560
1038,1380,1831,759,718,1060,2097,869,946,2135,1328
1039,2356,2464,2930,2389,3006,682,796,794,680,683
1040,759,1048,1012,1176,1206,1204,1354,1325,1317,1315
1041,1016,1093,1056,828,788,791,3029,280,168,169
1042,603,960,959,1036,995,997,1035,1139,1306,1174
1043,1017,884,237,312,813,770,735,2965,3033,695
1044,1630,1593,1612,1569,1479,1515,1556,1508,1575,1546
1045,2342,1434,1730,1691,938,2076,2080,2118,976,1041
1046,618,1083,1130,778,781,779,929,932,926,930
1047,368,2483,2964,2645,2682,2487,2523,2643,2524,2644
1048,759,1402,1063,2694,2539,2581,2622,2579,2618,1262
1049,926,2521,2259,792,754,2382,2420,2421,2460,1991
1050,1169,944,1281,2797,1046,1058,2710,1011,1048,2720
1051,941,498,736,497,162,117,156,121,125,123
1052,2521,2485,926,891,2381,2376,2296,2259,2299,1117
1053,874,909,957,994,959,995,997,1339,1344,1214
1054,1819,1681,794,717,760,1667,1705,1742,2048,2046
1055,2119,2538,2385,1395,1741,1735,2945,1096,936,1047
1056,759,798,453,454,492,607,640,494,490,451
1057,2447,1359,1397,1989,2028,2851,1155,1154,1119,1157
1058,2485,2521,926,638,678,637,639,864,742,707
1059,1557,1623,1627,1584,1716,1965,1966,1964,1927,1925
1060,973,759,1401,907,910,797,871,872,908,1135
1061,520,526,778,564,589,598,740,595,701,628
1062,2745,450,375,263,303,376,35,32,2863,2889
1063,935,2348,2386,718,681,719,721,1171,1242,1205
1064,957,2556,2443,2979,2401,2365,1110,2402,1072,1073
1065,897,1323,2462,1436,2499,2650,2571,1396,2948,2500
1066,793,950,2177,2253,2351,2390,2350,2691,2622,2655
1067,2332,2333,2372,2366,2373,2370,2520,2369,2408,2410
1068,1361,237,330,977,785,898,861,864,862,1054
1069,130,653,655,661,664,662,520,562,558,561
1070,1402,1306,1466,1478,3035,1535,1503,1502,1459,1495
1071,118,847,813,2447,2484,1119,1157,2301,2295,2259
1072,1398,1359,1397,891,926,1016,928,929,930,1018
1073,2938,2698,1690,1987,379,417,2048,1793,1871,1873
1074,2374,2486,2487,2523,2524,2722,2560,2645,2685,2724
1075,891,926,1398,1359,1397,1055,1160,1159,1154,1162
1076,2479,2917,2919,1690,1666,1742,1704,1667,1705,1706
1077,491,417,759,1176,1356,869,842,843,1058,603
1078,2803,2804,720,416,645,415,454,456,492,455
1079,1036,1035,1139,1478,1535,1459,1495,1494,1497,1536
1080,2745,2742,35,32,68,69,152,147,70,31
1081,2404,2581,804,832,798,1006,1000,962,1002,963
1082,1130,617,929,930,752,754,886,753,891,896
1083,1989,179,332,294,731,767,768,619,652,290
1084,978,487,754,331,237,1053,1055,1087,1057,862
1085,156,497,3024,230,229,422,421,231,381,271
1086,1176,869,1393,1430,1039,946,1001,975,1011,963
1087,1994,1092,1155,1398,1359,1397,788,1130,1160,791
1088,891,712,1398,1359,822,824,826,751,1017,1130
1089,155,193,2814,2817,611,572,612,533,610,1123
1090,1039,2905,2872,2914,2704,2912,2804,2765,2806,2810
1091,295,745,1017,1361,1398,1359,1397,940,1160,1123
1092,2781,903,3018,2638,2641,2601,2599,2370,2369,2371
1093,346,851,2295,2374,2332,2487,2523,2524,2562,2564
1094,2565,602,816,783,781,679,677,712,675,667
1095,1400,1402,1401,1480,1482,1520,1558,1557,3030,949
1096,2735,2984,1249,1140,1178,1139,1174,1177,2581,2541
1097,928,1398,1359,1397,2417,2416,1994,2036,1993,1995
1098,2255,1764,1721,1577,1076,1734,1021,1022,1023,1064
1099,2742,413,303,339,376,38,32,29,68,70
1100,781,859,896,927,926,928,930,891,929,1055
1101,2600,2598,2561,2521,2519,2520,2332,2484,2447,2954
1102,1398,891,1090,1159,1155,1125,1157,1091,1160,1083
1103,1452,1458,842,920,843,881,879,880,1667,1705
1104,1359,1090,1159,1155,1157,1125,1091,1128,1160,1117
1105,926,1055,1160,1154,1125,1159,1156,1155,1162,1157
1106,903,2496,2378,2339,941,2419,3008,1398,1359,1397
1107,3018,2699,2739,2891,2854,2738,2851,2737,2740,2853
1108,2030,1130,1092,2566,2607,2608,886,2380,2382,2420
1109,1398,1359,1397,1017,1090,1155,1125,1157,1160,1126
1110,1452,1415,1458,1744,1704,1668,1602,1640,1690,1603
1111,1130,1155,1160,1398,1359,1397,896,2416,2419,2418
1112,730,903,901,902,2447,2299,2336,2297,2452,2450
1113,50,2296,2295,116,80,481,517,555,590,653
1114,153,558,556,557,555,554,741,743,739,590
1115,2447,591,484,522,3033,598,524,980,863,829
1116,886,891,1054,1055,1160,1154,1159,1156,1155,1162
1117,204,516,579,386,1055,1053,347,237,273,312
1118,603,491,1243,1704,759,1630,1479,763,804,1046
1119,1454,1458,916,995,960,959,997,1645,1763,1757
1120,2365,2691,2767,2693,2731,2179,2216,2286,2979,2287
1121,1053,1054,2299,2381,2458,2420,2421,2460,2339,2382
1122,2447,1154,1119,1359,1397,2891,3018,2851,2699,2739
1123,831,1063,1402,1139,1328,1289,1326,1287,3014,1174
1124,520,617,2965,589,926,1130,1087,1055,1092,1057
1125,2811,1527,1530,1531,1532,1569,1572,1793,1795,1716
1126,1741,1705,1740,1706,1700,1701,1703,1696,1667,1663
1127,884,731,623,652,121,197,155,193,1955,1994
1128,1302,1823,947,948,2539,2579,2618,2318,3001,1177
1129,813,1398,1359,1397,1094,1092,1155,1157,1154,1160
1130,576,534,133,197,517,159,196,438,403,439
1131,115,117,118,130,125,119,93,2966,100,2928
1132,1398,891,1090,1159,1155,1125,1157,1091,1160,1083
1133,652,731,1359,1397,1125,1091,1159,1154,1155,1119
1134,980,602,595,601,729,739,730,597,636,736
1135,2520,670,696,703,701,742,740,849,846,845
1136,978,898,496,576,534,178,172,207,210,213
1137,758,3002,2010,2011,2013,2050,2051,2052,2085,379
1138,897,1998,2689,755,1360,1436,2422,2462,2384,2499
1139,2721,1242,961,1014,793,831,2501,2494,2495,2532
1140,2379,2820,1056,1093,2740,2739,3018,2725,2560,2559
1141,2097,2138,2099,921,718,642,603,922,2938,646
1142,388,398,361,353,358,328,329,325,291,324
1143,1091,2496,768,439,357,370,371,369,829,927
1144,1398,2378,859,813,884,891,886,2030,1994,2036
1145,2565,893,713,715,857,859,861,745,751,858
1146,1063,1059,1097,1099,1136,1459,1460,1427,1438,1176
1147,759,756,796,798,1060,1063,1059,1211,1212,1325
1148,2458,2381,2299,2336,2338,2341,1160,1156,1154,1119
1149,379,1249,1215,759,795,797,834,972,982,986
1150,859,926,1018,3025,1155,1159,1157,1055,1057,1162
1151,1098,986,873,874,906,909,911,1214,1403,1213
1152,1402,1063,2356,2930,878,881,2389,988,794,2124
1153,1145,1291,1109,1400,1380,1375,1377,1378,1379,2949
1154,757,1363,1364,1402,1292,1329,1367,1136,1022,1099
1155,1459,1098,1075,1108,1107,1214,1387,1383,1385,1386
1156,571,2295,2416,2417,2334,2377,2332,2333,2372,927
1157,859,930,926,928,929,891,1130,1091,1160,1117
1158,2917,2919,379,1833,455,415,416,414,417,418
1159,988,1063,1402,1405,1406,1442,1668,1823,1775,1819
1160,792,891,926,2458,2299,1055,2381,2336,2338,1160
1161,307,2259,2295,2521,2520,2447,2484,2369,2370,2382
1162,1518,1394,1401,1022,1400,1363,1253,3038,1254,1176
1163,1099,1136,1138,1139,1137,1135,3014,1238,1174,1203
1164,2725,2599,2638,1018,751,792,979,978,980,824
1165,1704,756,796,1020,1292,1136,1025,1099,1439,1097
1166,492,804,759,529,641,643,682,684,566,527
1167,2605,1017,1056,1093,674,635,894,676,859,862
1168,769,772,739,555,744,602,707,693,601,595
1169,757,1363,1364,1402,1292,1329,1367,1136,1022,1099
1170,287,475,102,134,238,101,135,207,241,252
1171,197,807,739,517,519,516,535,536,537,742
1172,813,422,237,312,1398,1359,1397,1092,1157,1154
1173,382,459,731,767,768,652,2447,612,540,499
1174,276,1359,1397,464,465,314,382,384,388,390
1175,759,2811,961,1938,1893,1899,1719,1890,1755,1756
1176,878,1402,1438,1401,1059,1097,1099,1136,794,757
1177,1742,1668,1627,1632,1630,1479,1593,1508,1516,1510
1178,983,988,949,947,948,946,756,759,757,907
1179,935,946,869,759,798,831,797,835,836,832
1180,851,847,884,1991,2030,1989,2028,1155,1115,1118
1181,2914,2872,341,378,377,414,415,416,2829,2773
1182,27,25,62,19,54,52,4,3019,22,16
1183,537,941,978,901,902,218,172,178,207,210
1184,758,1962,1249,1248,874,1074,1400,1286,1339,1341
1185,928,751,829,884,886,847,826,825,2295,2527
1186,738,775,2447,2332,195,2333,2372,2409,2446,166
1187,1860,1400,1288,1289,1326,2242,2201,2237,2239,759
1188,1009,1060,1058,946,906,1135,1176,759,798,793
1189,603,1135,1249,1248,1286,1058,759,972,982,797
1190,1249,988,986,870,869,874,1177,946,2581,909
1191,881,2097,1402,1411,1452,1416,1418,1413,2213,2210
1192,245,284,396,346,397,320,283,285,359,319
1193,2522,2295,2333,2372,1017,3025,813,823,817,1155
1194,2581,414,870,950,1839,1858,1861,2090,2029,2069
1195,859,930,926,928,929,891,1130,1091,1160,1117
1196,682,793,794,2502,2581,2540,2584,2579,2618,2543
1197,1989,2028,1155,1154,1119,1157,2295,2447,2449,2334
1198,1082,829,929,930,896,2490,2299,2458,1959,2340
1199,2625,2668,2673,2712,2713,2881,2887,2837,2799,2835
1200,155,193,387,424,3018,2953,2638,2641,2601,2739
1201,2485,2522,2520,2519,2560,2561,2598,2600,2563,2599
1202,2295,230,1398,1359,1397,307,312,309,346,310
1203,977,896,898,895,902,978,901,293,295,333
1204,893,782,857,859,784,858,781,819,821,1056
1205,1399,1732,2344,2455,2454,968,967,965,1195,1189
1206,1339,793,831,949,988,2556,2557,2597,2594,2595
1207,1176,1169,1206,1356,1205,1254,1207,2994,1314,1244
1208,781,2416,2381,864,2341,2458,929,930,926,896
1209,2356,2121,2156,1558,2584,2543,2544,1330,1681,1854
1210,498,652,536,574,1955,535,1989,2028,2030,612
1211,738,1055,814,846,886,884,847,845,848,813
1212,1402,1558,1666,1668,1670,1785,1667,1672,1781,1779
1213,1097,1059,988,983,985,1060,1063,1025,831,680
1214,960,1012,1011,379,841,682,531,568,454,456
1215,2938,795,2088,2089,1897,1934,2842,2804,2765,2806
1216,1361,172,207,210,213,133,173,174,212,1125
1217,813,941,423,426,2958,611,537,571,539,2333
1218,759,648,842,843,1011,682,804,962,1002,380
1219,2171,1147,1220,1716,1718,880,879,1032,1030,993
1220,2300,1396,2681,885,900,934,2453,2610,2500,2570
1221,1363,3038,1229,1236,1227,1020,1002,1026,1201,1211
1222,1229,1227,1226,1230,1009,1145,2936,1076,1109,1072
1223,618,1155,1159,2449,2521,2332,2334,2411,2560,2374
1224,158,622,620,621,623,654,656,846,658,807
1225,897,2689,1360,1436,2462,2422,2038,1998,2948,2499
1226,1055,1090,1082,1091,1160,1154,1155,1157,1156,1117
1227,1011,1020,1058,1439,1364,1391,1401,1363,1629,1741
1228,795,759,2809,2811,947,948,1627,1557,1632,3030
1229,578,193,130,118,160,162,122,166,131,197
1230,827,230,3018,1994,1989,2028,2031,2815,2333,2419
1231,2982,2804,2765,2806,379,2593,2440,451,455,414
1232,2290,957,2401,2402,380,455,379,417,454,456
1233,487,564,1117,1057,1087,861,864,676,670,679
1234,346,2030,1359,1397,2521,2295,2484,2447,1160,1123
1235,814,898,815,1361,816,1398,1359,1397,1017,1054
1236,409,475,576,555,516,519,517,241,120,165
1237,491,418,415,416,718,973,975,983,985,923
1238,1402,1819,1097,843,1059,1063,2254,2219,2180,2181
1239,947,948,682,454,456,3016,832,795,759,797
1240,379,795,1344,799,1342,1346,1046,874,1214,1249
1241,2560,2598,2563,2565,2599,2604,2641,2601,2964,2722
1242,479,2379,133,173,174,212,754,789,790,753
1243,230,929,1989,2028,2295,2447,2449,2334,2332,2409
1244,929,768,2297,1989,2028,2030,1994,2036,2031,1993
1245,978,460,383,424,611,422,387,495,537,273
1246,793,2356,379,494,2584,417,2543,2544,2679,2720
1247,2242,1898,1248,1286,1553,1591,454,456,455,603
1248,2031,230,1989,2028,229,231,346,344,382,343
1249,807,485,521,560,558,520,554,556,557,738
1250,843,2943,1100,1026,1783,1059,1097,1667,1438,1779
1251,2518,2581,682,796,881,2938,756,1420,720,1136
1252,2484,813,730,729,1398,1359,1397,1092,1090,1159
1253,1398,891,1016,929,1056,1093,1117,1160,1154,1155
1254,552,696,661,160,129,158,161,84,125,130
1255,2462,897,2499,1436,1323,2650,1360,2571,2568,2039
1256,343,422,421,419,3011,460,3024,611,458,571
1257,2405,2365,2543,2544,2545,2502,2179,2216,2325,2286
1258,1160,1398,1359,1397,929,903,941,930,2333,2372
1259,230,346,310,2295,1398,1359,1397,2333,2372,1090
1260,898,940,1361,3008,1359,1397,1398,1157,1082,1090
1261,2458,2381,2295,2299,2341,2336,2338,1989,2028,1997
1262,958,1893,1478,1367,1329,1098,1324,1292,1287,1140
1263,2352,2315,2316,1793,1927,1964,1924,1926,1984,2185
1264,1328,1557,3030,2048,2010,2011,2009,1934,1670,1672
1265,1325,1401,1742,1705,1740,1667,1706,1663,1701,1703
1266,2485,679,1053,1117,1120,1055,2688,2604,2642,2603
1267,2483,2487,2964,2523,2524,2645,2682,2564,2560,2561
1268,1681,1452,2217,2124,2125,2099,2950,2175,2176,2163
1269,2348,2386,2543,2544,1815,1773,1772,2005,2044,2003
1270,2463,2502,2544,2543,2501,2545,2540,2539,2579,2618
1271,1213,1058,1098,1024,1060,1063,1021,1022,1023,1064
1272,709,665,661,662,664,666,562,558,561,627
1273,1076,3014,1176,1216,1214,1349,1347,1363,1213,1400
1274,158,168,169,815,559,553,592,590,595,776
1275,868,1262,1325,2992,1324,1327,2932,1177,1216,3014
1276,1398,1359,1397,1991,1994,1997,2034,1957,1992,1996
1277,2768,2930,793,2356,2350,2351,2389,2390,794,759
1278,1434,2385,936,2076,2112,964,1096,1047,1692,2947
1279,2378,2447,2484,928,829,3008,1398,1359,1397,867
1280,1398,1359,1397,2565,2295,1160,2332,1156,1154,1119
1281,618,617,886,929,891,1955,2031,1997,1994,1957
1282,1398,754,713,867,859,2522,860,894,2605,2648
1283,417,1704,1076,1363,1243,875,1364,1280,949,1009
1284,2456,3008,2762,755,830,2384,2340,2651,2528,2569
1285,2112,964,1004,1096,1003,1047,1112,1223,1232,1226
1286,1458,1818,1820,1783,1645,1684,1686,1682,1681,1744
1287,1558,1744,379,417,2988,1261,1299,2540,2590,2584
1288,1738,1742,2543,2544,1020,1097,1058,1100,1026,1063
1289,1888,1435,1506,1550,1471,1283,1280,1173,1169,1206
1290,2462,2422,2499,1436,1323,2650,2571,1360,2568,2039
1291,891,884,886,1122,1160,1155,1123,2381,2259,2299
1292,2779,1081,541,579,105,180,142,60,19,16
1293,308,229,231,1125,1160,1122,1124,929,891,745
1294,2365,2811,2804,2548,2556,2557,2594,2325,2769,2979
1295,1098,2009,986,1822,1824,874,909,1214,1403,1213
1296,14,33,481,443,514,95,130,166,129,23
1297,2717,982,1775,1668,1778,1665,1481,1697,1698,1702