,Ama,Ance,Antp,Blimp-1,Btk29A,CG10479,CG11208,CG14427,CG43394,CG8147
,Cyp310a1,D,Doc2,Doc3,Ilp4,ImpE2,ImpL2,Kr,MESR3,Mes2
,Nek2,Traf4,aay,apt,bmm,brk,bun,croc,dan,danr
,disco,dpn,edl,fj,fkh,ftz,gk,gt,h,hb
,htl,kni,knrl,lok,noc,nub,numb,oc,odd,rau
,rho,run,sna,tkv,toc,trn,tsh,twi,zen,zfh1
1,134,170,255,162,136,253,132,215,206,92
2,821,784,2941,781,782,819,783,785,816,854
3,2124,1705,1667,1743,1061,1097,1025,1062,1629,1704
4,85,61,53,88,89,91,19,59,57,49
5,1364,1401,1438,1442,1405,1250,3038,1099,1323,1363
6,1152,889,1151,1363,2508,1026,2544,2543,1375,1114
7,226,66,32,24,2957,20,18,2937,187,17
8,114,2933,37,32,112,71,35,73,38,74
9,1255,1296,1028,1294,1181,1106,2244,1103,1142,2207
10,38,34,12,223,15,2937,107,32,13,3019
11,796,1061,836,1137,757,1062,835,872,722,1115
12,1201,1089,1126,1125,1199,2977,1127,1163,1128,1203
13,1153,1115,1150,1148,1151,1075,2936,1077,1152,1155
14,2756,2798,2760,2754,2797,2757,2719,2755,2753,2758
15,226,187,224,222,302,185,225,2937,300,189
16,2890,2911,2894,2920,2968,3003,2921,2891,2919,2815
17,1175,1213,1212,1288,2944,874,1364,1325,873,797
18,1184,1222,1224,1226,1191,1411,1183,1181,1192,1223
19,1112,1154,1113,1116,1153,1155,1033,1151,1146,1149
20,156,459,154,572,153,155,457,612,192,689
21,1071,1146,1073,1114,1109,1110,1112,1145,1343,1385
22,1364,1363,1744,1746,2943,1325,1327,1669,1026,1667
23,1442,758,1744,1709,1746,1064,760,1708,1822,2048
24,2272,831,2273,2235,2197,1209,870,836,2310,2612
25,11,74,34,16,38,2937,20,32,18,15
26,136,60,63,176,88,138,137,252,214,101
27,172,364,286,324,215,213,285,365,210,362
28,1059,1097,1250,1099,1138,1254,1176,1137,832,527
29,2756,2719,2750,2751,2797,3028,2673,2723,2760,2759
30,1226,1191,1153,1223,1228,1192,1129,1151,1147,1148
31,958,968,1121,1111,3007,1228,1010,1886,813,972
32,2751,2875,2677,2674,2752,2663,2759,2760,3018,2676
33,291,3009,369,292,328,2269,768,976,2994,2187
34,2378,2257,883,2295,922,2219,1146,1148,956,918
35,414,494,417,454,2937,529,416,418,568,452
36,500,576,537,575,474,762,611,499,2978,536
37,414,379,454,494,417,341,380,416,532,415
38,1177,988,1216,3014,1139,1026,1102,1063,2943,836
39,1402,831,1249,1288,984,1022,873,1364,874,1516
40,2548,1978,2551,2167,2586,2400,2396,2585,2626,2243
41,2691,2692,2654,2696,679,2733,2695,2693,794,719
42,809,1115,1153,806,889,1195,1194,1152,1196,1150
43,1630,1248,946,1286,1593,1626,492,1628,1288,1596
44,840,801,839,841,876,763,837,422,384,838
45,1107,1146,1643,2179,1222,1184,1185,1145,1689,1153
46,3008,1400,1330,1361,1155,1292,1323,1362,1025,1026
47,1055,1017,1054,1245,1093,1130,1321,675,3004,1283
48,1125,2941,1128,785,822,2967,853,783,919,1129
49,1810,1735,629,1806,1772,1850,1886,1888,896,2072
50,1121,1199,1200,1125,1126,1089,771,1128,1072,1227
51,2807,2811,2999,2809,2850,2812,2804,2849,2847,2848
52,37,74,114,34,38,109,112,107,32,71
53,774,805,1013,737,825,892,775,738,858,808
54,197,578,308,153,158,346,310,195,192,193
55,608,646,644,605,607,567,603,3016,682,187
56,54,60,144,111,108,400,364,363,21,109
57,1394,1358,1395,1130,1196,1738,1391,1432,1047,1124
58,1140,1251,1178,1025,1062,1405,1063,1102,1367,1858
59,1916,1987,2060,1884,2149,2946,1923,1956,1037,1873
60,438,401,476,362,403,400,439,437,440,324
61,2654,2692,2770,2698,2735,2693,760,2695,2696,2984
62,689,345,688,690,693,731,647,572,696,609
63,173,174,212,175,280,240,172,238,278,214
64,1885,1618,2188,2189,1583,1620,1809,1619,1657,2151
65,465,467,319,430,469,389,357,436,431,433
66,2847,74,2880,2887,2968,2885,2881,2884,37,2886
67,1685,1954,1724,2256,2952,1686,922,1683,2219,2254
68,2939,2627,2589,2626,2625,2548,2638,2587,2588,2591
69,1292,1291,1329,988,1330,1367,1098,1025,1062,1063
70,2767,2691,2728,2762,2679,2682,2724,2768,2689,2729
71,265,264,301,263,266,302,225,339,376,342
72,1402,1441,1744,1478,1098,1480,1367,1743,1442,1778
73,286,324,162,438,164,210,246,401,171,362
74,1245,1055,1282,1131,1358,1321,1395,1396,1663,1130
75,1251,1671,1668,1520,414,379,1252,1557,1708,1558
76,2555,2594,2553,2600,2557,2593,2556,2478,2591,2635
77,2693,2691,2696,2654,2469,2732,2655,2692,2698,2467
78,1032,956,1001,2779,1037,768,347,1040,464,1038
79,1323,1361,1626,1020,754,1285,1741,1324,1627,1629
80,2875,2872,2873,2876,2910,2867,2870,2838,2828,2845
81,1155,1739,1777,1167,1153,1815,1129,3008,1205,1160
82,770,697,704,1047,1009,1199,1315,661,655,731
83,1055,1114,807,1039,1115,1152,1071,1074,1076,1073
84,878,1028,610,572,875,571,991,609,992,611
85,1292,1329,1291,988,1330,1253,1368,1402,1099,1025
86,1345,1386,1110,2949,1384,1385,1383,1076,1348,1071
87,92,2928,61,55,85,1989,94,164,46,2103
88,954,956,916,880,879,957,953,918,881,915
89,241,242,238,706,705,239,701,703,669,702
90,1250,1061,1102,1254,836,1100,1292,1101,1211,1139
91,88,46,53,58,89,44,49,19,59,57
92,185,226,107,224,187,2957,148,340,31,263
93,2627,2628,2591,992,2668,2792,2714,2667,1030,1028
94,2279,2278,1821,2277,2280,2318,1938,2315,2316,836
95,760,722,720,684,1706,759,756,1064,719,1708
96,712,675,711,749,2004,2560,747,748,788,3029
97,1671,2124,1668,1743,1631,1632,1634,1629,1670,1558
98,2939,2597,2636,2638,2557,2594,2639,2678,2637,2599
99,998,2330,961,2368,2331,1038,957,995,996,997
100,1634,1520,2996,1671,1672,1668,2956,3030,1631,1632
101,2648,2649,2609,2647,2687,2611,2608,2607,2571,2684
102,1213,1214,1216,3014,1252,1327,1291,1175,1212,1250
103,1329,1253,1138,1099,1292,1368,1330,1367,1291,1140
104,414,417,494,529,452,568,493,492,490,456
105,75,71,112,150,38,74,73,114,225,111
106,1226,1224,1181,1183,1192,1228,1223,1222,1184,1185
107,46,94,61,88,57,59,98,164,95,99
108,644,608,3016,3030,567,1520,379,263,2088,570
109,1104,1181,1265,1065,1142,1103,1031,1255,1069,2949
110,1634,950,1668,1672,684,1291,1671,2956,2013,1520
111,1115,1150,1075,2936,1077,2949,1153,1155,1112,1230
112,875,953,1903,878,954,951,1181,2960,1978,2207
113,873,874,1252,912,1214,1215,1251,1290,1213,3030
114,172,365,210,403,237,400,364,326,286,247
115,1093,1663,1017,1016,714,1054,713,2308,979,2998
116,1411,1183,1223,2171,1373,1412,1133,2521,1145,1185
117,1129,1049,1130,1011,1013,1168,2977,1132,1055,1315
118,2553,2594,2557,2593,2556,2635,2634,2592,2555,2516
119,1163,1156,1162,1082,1158,1122,1081,1157,1313,1391
120,2360,2244,2359,2281,2959,2320,2205,2283,2246,2243
121,1199,1196,1115,1201,1155,1204,1203,1124,1047,1125
122,1558,798,1251,1405,988,1783,1367,1671,684,1668
123,1128,2119,1700,1091,1413,1056,2192,1395,1417,1127
124,1181,1180,1218,1255,1106,875,1142,1219,1369,1333
125,2967,1270,1205,1237,1587,1125,1241,1239,1199,1236
126,442,443,406,444,3012,163,134,136,166,441
127,1897,3030,608,644,2989,1214,567,1934,1557,1520
128,684,645,682,683,643,607,756,760,719,3016
129,1319,1073,1357,1358,1143,1397,1359,1071,1103,1110
130,1114,1115,1152,1073,1076,1112,1113,2936,1080,1077
131,1037,958,1040,1038,1001,1002,733,2448,2409,969
132,38,111,144,75,32,107,109,112,71,150
133,1319,1353,1315,1049,1201,1352,1356,1164,1317,1011
134,912,2658,2696,2660,2616,2659,2735,873,2581,874
135,340,263,378,342,265,225,304,301,2935,303
136,1251,1252,1254,1253,3038,1214,1250,1290,1176,1328
137,341,380,1558,378,342,1895,1520,415,416,379
138,2512,2433,2511,2471,2550,2547,2510,2472,2588,2320
139,2202,2470,2087,1709,2090,2278,1824,2241,873,2316
140,2192,2070,2155,405,1131,2114,2193,2073,2072,2071
141,682,607,643,684,646,642,2393,645,603,950
142,2967,1239,1241,1203,1204,1276,1277,1278,1240,1237
143,3033,445,808,514,409,550,483,3017,446,805
144,900,937,975,901,898,938,902,936,973,974
145,1823,494,1558,1862,1861,798,529,1140,342,3030
146,569,798,3016,491,607,529,684,567,526,341
147,1128,1129,1163,2977,1091,1167,1200,1164,1166,1199
148,2678,2597,2939,2759,2673,2716,2717,2557,2595,2594
149,1131,1738,2420,1055,675,1663,2941,1052,1433,1395
150,1292,1367,1291,1329,988,1330,1252,1062,1025,1406
151,114,112,71,37,2933,73,38,74,76,150
152,760,757,720,758,414,796,988,759,722,794
153,680,645,683,682,719,988,684,607,643,720
154,807,888,848,849,850,2599,737,773,2636,2939
155,1204,1203,1201,1238,1202,1205,1240,2967,1236,1166
156,1405,1329,1786,1406,1748,1785,1140,342,1783,1367
157,1253,3038,1292,988,1252,1291,1140,1367,684,950
158,798,491,415,416,492,1823,341,3016,644,494
159,1251,1252,1290,1214,1254,1213,1250,3038,1253,1328
160,709,2941,676,749,748,747,711,784,750,786
161,1593,1630,2944,1556,2970,2989,1596,1479,1592,872
162,1321,1055,1169,133,1015,172,1283,1319,1053,1129
163,1706,1746,1744,1708,1704,757,1710,1519,1443,1786
164,1214,1252,1291,1251,1213,1328,1253,1215,1292,1254
165,1558,1520,3030,1634,1786,1785,1748,1743,1557,2956
166,121,161,160,123,132,159,197,204,163,206
167,1402,604,1820,1401,489,527,567,487,488,1329
168,1069,1029,2359,993,765,1068,1067,2959,2400,989
169,538,576,537,500,575,572,539,610,611,499
170,3030,873,874,1520,1557,1252,1823,1634,1558,912
171,2875,2751,2674,2752,237,2673,2874,2873,2712,2797
172,454,494,417,303,570,455,456,418,379,414
173,1205,1232,927,1167,1233,1153,1195,1234,965,1270
174,2767,2731,2772,2768,1140,1102,1097,1329,1063,1023
175,365,364,326,328,362,291,327,366,2995,440
176,2604,2598,2601,2485,2520,2483,2478,2522,2644,2602
177,2448,2650,2612,2498,939,978,2488,2954,2493,2412
178,2644,2689,2651,2652,2598,2642,2604,2485,2600,2601
179,1139,1102,1140,342,874,988,341,1101,1178,3014
180,108,76,111,144,114,147,146,145,150,106
181,38,37,34,74,114,73,28,109,2937,71
182,1903,2129,1446,2015,1977,2206,1939,2169,2131,1673
183,1663,620,1776,1683,623,444,2947,1738,369,2941
184,3016,646,608,644,798,605,454,684,567,569
185,985,872,910,988,682,722,986,987,834,759
186,1128,1315,1319,1011,1394,1049,1052,1017,1053,1625
187,1055,1125,1164,1391,1394,1090,2977,1128,1358,1130
188,510,475,511,401,476,403,472,440,3012,363
189,991,1027,1068,1067,1030,1028,1179,1105,762,1103
190,1283,1282,1130,1055,675,1321,1091,1016,1054,1128
191,1480,1482,1518,1520,1291,2944,1709,1444,1213,3030
192,341,416,379,532,415,342,454,531,530,494
193,1367,1063,1102,1062,1025,1064,1134,1101,1292,2949
194,1282,1283,1015,1055,1086,1663,1243,1280,1085,1084
195,1146,1270,1150,1075,1108,1037,2936,2949,1070,1298
196,1148,1150,1113,1154,1152,1226,1071,1227,1229,1073
197,1125,1159,1120,1124,1391,1394,1351,1388,1089,1126
198,556,3017,661,629,558,482,553,554,627,557
199,2630,2589,2626,2585,2592,2587,2628,2588,2591,2668
200,2485,2561,2523,2524,2598,2487,2601,2600,2560,2482
201,1319,1243,2994,1358,1361,1323,1020,1394,675,1052
202,2360,2281,2283,2320,2362,2447,2322,2954,2247,2359
203,2968,2885,2884,2835,2902,2922,2813,2911,2888,2895
204,1292,1253,3038,1329,1140,1291,1367,1252,988,1330
205,1125,1055,1089,1049,1126,1129,1115,1196,1394,1391
206,614,612,650,572,688,3023,686,647,648,459
207,2753,2755,2757,2711,2679,2758,2681,2678,2717,2716
208,414,341,340,417,377,2935,494,303,380,454
209,2947,1230,1232,1167,1150,1190,1854,1226,1421,1193
210,2826,2855,2920,2864,2854,2889,2892,2902,2861,2862
211,2677,2678,2676,2759,2673,2712,2675,2641,2599,2637
212,414,303,2935,417,454,452,418,455,456,416
213,234,438,479,3010,501,198,440,541,475,403
214,263,225,265,304,303,340,301,570,528,189
215,1086,1084,1085,1083,1128,1124,970,1049,1125,1009
216,2645,2682,2722,2685,2684,2647,2687,2644,2680,2643
217,654,619,656,658,618,617,732,620,2961,2965
218,1214,1252,1213,1251,1215,1216,1253,1289,3014,1254
219,1053,1283,1319,1243,1280,2994,1282,1015,1055,1245
220,172,207,134,173,250,213,438,789,249,245
221,1099,1367,1098,1097,1061,1063,1329,1136,1062,1138
222,680,602,716,678,679,682,608,646,644,605
223,1847,1883,1199,1811,1009,1810,1123,1881,1348,1806
224,2660,2659,1976,1972,1937,1936,1897,1935,379,874
225,2181,2180,2182,2102,1840,2064,2030,2183,1880,2144
226,2939,2638,2681,2678,2639,2637,2847,2679,2749,2597
227,478,236,3031,274,201,239,1241,1239,199,966
228,341,380,1102,491,836,909,492,873,874,379
229,2461,1154,1399,1131,1436,1148,1145,1096,2460,2421
230,794,756,1062,1367,1102,1097,1063,1059,1101,1064
231,1270,1230,1305,1232,1345,1306,3035,1190,1150,1226
232,38,74,34,32,109,2937,37,14,144,111
233,2,2981,2974,17,60,10,12,52,20,9
234,1916,1918,1919,1955,2952,1109,2256,2221,2141,1873
235,2488,2483,2531,2412,2493,2451,2530,2526,2562,2409
236,839,803,801,840,763,765,841,876,879,838
237,1752,1255,1715,1716,1221,1713,1751,951,1939,1218
238,1031,989,1029,991,953,1293,990,1068,954,1332
239,1482,1558,1823,1520,1824,3030,1444,1140,1557,1861
240,300,148,224,2957,151,189,342,265,225,227
241,1103,2209,2395,1867,2434,1866,2512,2169,2513,2439
242,1069,429,1104,466,430,427,425,1103,1142,1065
243,483,446,547,445,549,519,407,409,514,370
244,1140,1367,1329,1178,1330,1292,1252,1102,950,1405
245,754,2081,564,2193,2156,2197,2198,2119,2121,792
246,2625,2626,2587,2635,2548,2627,951,2677,2585,2623
247,2996,1634,1631,3038,2956,1672,2013,1671,1520,2467
248,3038,1251,1250,2943,528,1252,1254,3014,494,453
249,2216,1460,1218,1187,1191,1193,1036,1259,1219,1103
250,1294,1255,1256,1977,2015,1028,1296,1027,1257,991
251,1739,1777,2947,1778,1131,1435,1321,2004,1815,1434
252,1215,1214,1213,873,874,1252,1254,912,1253,1328
253,1292,1291,1329,1330,988,1098,1367,1063,1102,1062
254,1277,1278,1276,1239,1316,1241,1279,1244,1237,1010
255,2193,2081,2947,1739,1738,1816,1663,1698,1854,1741
256,1214,1253,1254,1252,1291,640,603,564,1212,1213
257,1073,1076,1072,2524,2606,2567,2523,2488,1071,1074
258,1391,1123,1051,1279,1316,1056,1014,1110,2222,1112
259,950,873,492,1291,607,988,1709,1214,1328,1253
260,1962,1742,1427,1732,1439,1504,1695,1613,1472,882
261,2363,2446,2256,1228,1422,1683,774,2179,1344,1346
262,2949,1110,1650,2000,1961,1921,1959,1998,1384,1881
263,951,1229,1230,1028,1777,1270,1304,1839,1266,1268
264,24,2937,30,32,36,18,35,114,16,38
265,2189,2188,2967,2149,2151,2190,768,1315,2113,2150
266,658,657,731,693,621,624,696,889,3029,2459
267,682,643,607,565,684,605,644,608,646,3016
268,147,114,38,76,75,112,109,71,110,37
269,2646,2609,2644,2566,2648,2682,751,2570,2722,2685
270,1028,1030,991,992,1031,953,764,1068,989,951
271,2767,2730,2728,2769,2804,2768,2729,2806,2766,2733
272,2048,2393,2050,2013,2052,2051,2011,2088,2930,3006
273,1965,1923,1922,1885,2004,2998,1962,1886,1924,1963
274,618,2965,619,617,657,682,660,658,656,654
275,2131,2169,2244,2129,1943,1905,2094,2130,1982,2170
276,2131,954,2168,2130,2170,1903,2169,1943,2960,2091
277,2802,2751,2791,2790,2882,2673,2831,3028,2718,3016
278,595,636,363,675,400,364,676,366,712,599
279,711,747,748,749,883,824,822,786,847,922
280,2967,1308,967,1237,731,768,968,1239,1241,1279
281,1291,1097,683,1253,1099,1323,722,1368,1292,1064
282,3030,1897,2989,1934,1557,1593,1630,1823,1520,873
283,172,364,286,324,210,362,285,365,287,237
284,1053,1091,1125,1128,1055,517,478,555,3029,481
285,949,987,988,985,680,984,645,683,2469,950
286,1245,1282,2994,3004,1243,1283,1055,1322,1246,2962
287,1077,2949,1081,1115,1075,2936,1116,1384,1156,1083
288,1215,1214,1292,1178,1139,1062,1025,1252,1063,1329
289,305,572,535,495,345,306,270,269,499,457
290,875,1181,951,1903,2169,1409,913,1446,1445,1408
291,1772,1458,1733,1734,1771,1155,1735,2952,1776,1695
292,1129,1345,1386,1110,239,1128,1348,1385,1084,1085
293,2409,1035,2258,1037,2366,2371,1001,2369,2412,2408
294,1028,1031,992,1027,991,913,1030,951,989,687
295,808,847,811,807,844,846,884,1133,2124,731
296,1077,2949,1613,1112,1043,1118,1113,1081,1045,1116
297,1397,1395,1181,1131,1141,1358,1357,1359,1103,1433
298,1520,1672,1668,1671,2956,1558,1634,1670,1709,1444
299,1358,1353,1319,1391,1394,2994,1352,1356,1282,1052
300,1291,1406,683,1442,2543,2431,2544,2507,2048,1064
301,1033,1270,997,995,1150,2936,1037,1075,959,1073
302,2219,883,2257,2299,884,2256,921,847,2295,922
303,1174,1140,1178,1139,3014,1216,1213,1175,1212,832
304,415,416,570,454,608,644,3016,567,379,414
305,2619,2620,873,2660,2659,2616,912,2697,795,836
306,2967,1205,1201,1241,1239,1204,1203,1315,1167,1125
307,2941,1128,709,1201,1205,1125,1129,2967,824,1319
308,378,380,417,494,341,493,492,414,415,456
309,1252,1253,1214,1251,1254,1215,3038,1213,1290,1250
310,1269,1230,1228,1270,1304,1268,1266,2949,1229,1384
311,1939,2169,2206,1978,2167,2207,2244,2129,2130,2168
312,341,379,414,380,454,494,377,417,340,456
313,1071,1039,1078,1047,1114,1091,1110,1043,1083,1073
314,1098,1063,1102,1442,1136,1099,1134,1402,1064,1101
315,646,682,683,684,680,643,607,645,719,949
316,1205,1242,1203,1204,1167,1199,1236,704,1125,1240
317,764,690,689,763,765,2448,2409,727,649,685
318,1273,1205,1245,1083,1047,1082,1316,1279,1009,1236
319,1965,1923,1922,1885,1963,1962,1966,2149,2004,1886
320,1064,1291,1097,1063,1102,1253,988,1138,1099,1368
321,1193,1232,1230,1228,1266,1268,1304,1222,956,1498
322,193,155,191,232,156,117,157,153,194,196
323,2592,2631,2593,2630,2551,2591,2672,2632,2633,2553
324,683,684,646,682,3038,950,643,645,607,1140
325,1230,1150,1190,1188,1226,1194,1229,1155,1153,1156
326,2400,2398,2399,2209,2362,2322,2435,2478,2438,2360
327,2947,1685,1150,2980,2952,1724,1686,1687,1148,1146
328,1027,1065,1103,1142,1179,1181,1028,1104,1218,1141
329,1345,1690,1651,1077,1116,1076,1383,1385,1384,2949
330,492,379,378,454,608,417,646,644,340,263
331,1175,1212,1213,1328,1214,1215,1216,1292,1254,1252
332,11,34,16,24,107,18,32,30,15,20
333,1343,1350,1120,1347,1313,1388,1386,1082,1122,1159
334,714,713,675,712,676,2998,711,2004,1736,747
335,2301,2559,1994,2036,2338,2076,2075,1995,2299,2114
336,929,589,1048,1086,625,555,733,273,1045,624
337,646,644,608,605,1214,1253,567,607,1291,988
338,2260,2256,2214,2179,2218,2220,2173,1914,1951,2215
339,642,684,603,646,682,607,643,683,641,605
340,342,1140,340,341,263,1861,1178,1558,380,378
341,951,1028,2015,1977,991,1027,913,2281,2244,2243
342,1413,1645,1786,2081,1785,1748,2956,1672,1668,1747
343,1074,1571,1644,1646,2256,1690,2221,1608,807,1873
344,1367,1405,1708,1402,1746,1744,1783,1671,1668,491
345,84,630,124,85,667,123,595,122,698,696
346,1288,874,873,492,1364,1325,2943,912,1363,608
347,1049,2967,1205,1055,1279,1241,1239,1316,1204,1203
348,1783,1367,1062,1405,1063,1102,988,2048,2051,2011
349,338,413,450,378,793,756,447,412,374,719
350,1150,2936,1075,1193,1153,1270,1230,1228,1035,1232
351,903,942,291,353,362,941,978,939,206,330
352,1130,1385,1358,1357,1396,1195,1395,1397,1359,1191
353,900,1239,1241,896,929,930,1276,1277,1278,1012
354,669,706,705,1315,1312,1316,1279,401,476,403
355,1055,1093,1130,133,172,1053,1017,1321,1054,331
356,1099,1367,1098,1329,1061,1063,1097,1102,1062,1136
357,1252,1250,1212,1175,1251,1292,1214,1253,1329,1254
358,517,621,558,657,522,623,590,556,588,443
359,1245,1055,1700,675,172,400,330,1011,247,2941
360,1078,1003,1270,1040,1114,1150,1115,1155,1153,1039
361,518,519,517,442,656,654,3033,481,515,443
362,684,2938,2469,683,2508,2546,682,2696,2733,646
363,342,454,494,417,303,2935,301,263,341,340
364,263,340,2935,303,342,265,301,264,378,338
365,2727,2173,2210,2730,2689,2729,2172,2212,2213,2938
366,1216,1289,1254,1026,1137,2943,1326,3008,1327,1364
367,1916,2003,1873,1965,1956,2946,1918,1964,2097,2118
368,1190,1150,1771,1196,1115,1685,1188,1226,1645,1194
369,1140,1178,2584,2581,2618,2543,1026,2544,1102,1174
370,1178,1139,1173,1250,1212,1175,1140,1252,1138,3014
371,341,380,414,379,454,340,494,377,417,378
372,1065,1142,1103,1028,1181,1104,1141,991,1066,1029
373,1424,1083,1387,1423,1388,1386,1160,1462,1425,1466
374,670,633,672,706,705,599,634,804,667,669
375,2064,1914,2030,2102,2219,2175,1913,2258,1994,883
376,607,640,603,605,644,3016,608,646,682,645
377,414,454,494,417,452,379,493,418,416,532
378,162,158,164,168,134,424,163,206,437,3012
379,1085,1084,1120,1049,1114,1125,1308,1196,1115,1079
380,824,826,3029,788,786,827,784,2640,2603,823
381,970,898,744,669,937,975,1083,1279,1316,1048
382,114,38,75,71,112,37,2933,73,74,76
383,1042,2949,1043,1081,1115,1040,1078,1003,1039,1071
384,1292,1175,1250,1213,1212,3014,1139,1216,1214,1063
385,766,729,769,631,675,478,2941,736,768,767
386,709,777,2941,707,671,741,780,710,785,786
387,684,646,682,2938,683,645,607,1140,643,988
388,1146,1071,2936,1075,1150,1114,1078,1109,1110,1148
389,151,189,226,187,300,224,225,185,227,304
390,1153,1183,2641,1145,1151,1155,1077,1190,1154,1411
391,2124,2088,2086,2013,1671,1668,2049,1672,2956,1634
392,786,787,2941,824,858,825,823,900,821,789
393,1190,1149,1189,1230,1150,1229,1075,2936,1188,1186
394,684,3016,682,644,646,608,605,683,607,567
395,3030,1823,1557,1900,1861,1862,1972,1976,1213,1937
396,683,645,607,1292,760,1099,682,494,646,798
397,23,52,2937,20,15,22,14,33,17,62
398,1063,1102,1101,1064,1140,1098,1367,1097,1062,1026
399,667,709,400,478,631,777,2941,629,636,595
400,1292,1062,1025,1367,1098,1291,1102,1063,1329,1328
401,1321,1169,1245,1093,1130,2532,1283,1055,1132,902
402,1861,1140,1899,1938,1823,1558,1178,1139,2240,1177
403,769,766,804,807,844,809,774,772,633,729
404,2790,2791,2830,2793,2815,2831,2884,2881,3028,2910
405,1199,1810,1691,1806,1683,1201,2952,1157,1158,1159
406,913,762,687,725,763,761,723,647,801,951
407,760,1062,1063,1102,1367,988,2163,2203,798,720
408,61,138,136,92,99,519,94,403,54,46
409,523,560,751,478,485,561,559,558,596,520
410,1167,1776,1695,2114,1205,1201,1738,1735,2115,1771
411,2227,1130,1683,2219,1230,884,2182,2180,732,2256
412,341,491,492,377,494,454,380,529,342,489
413,1040,970,962,925,967,1004,1001,1002,900,963
414,1482,1634,1252,1520,414,2996,379,1291,1140,1671
415,2882,2847,2885,2880,2968,2887,2884,2881,2843,2875
416,157,158,196,615,197,156,616,572,153,154
417,341,494,377,454,529,489,491,418,455,456
418,995,1994,997,2149,768,1037,2147,1887,2187,957
419,3019,14,2937,15,20,52,23,54,38,16
420,1121,1152,1113,1115,1114,1124,3007,2594,2557,1112
421,1178,1251,1250,1063,1140,1367,1098,1252,1292,1064
422,559,558,596,522,590,556,588,561,517,632
423,342,414,379,304,341,263,340,453,417,303
424,3038,2943,760,1558,1519,798,1631,1405,1250,1251
425,153,191,192,155,158,270,269,193,156,268
426,812,801,805,802,808,840,844,807,777,811
427,2243,1065,2205,2246,687,725,1104,764,1028,2244
428,85,87,92,172,1237,1205,2967,162,88,55
429,2956,2013,1672,1668,1671,1670,2052,2051,2048,1634
430,520,518,481,617,662,556,590,485,517,2961
431,873,836,2619,2620,912,835,872,2660,2616,2659
432,828,789,1167,1168,827,1055,829,1130,1093,1056
433,1406,1405,1786,1785,1748,1783,1824,1330,1746,1747
434,1242,1205,1201,1811,1810,1200,1472,1240,3029,1470
435,1240,1204,1203,1242,1239,1241,1125,1201,1202,1238
436,1009,1003,1110,1047,1114,1078,1082,1316,1279,1273
437,1159,1196,1205,1320,1121,1242,1047,1048,1125,1318
438,1072,1073,1037,1075,2936,1115,1150,1035,1034,1155
439,873,872,910,912,986,834,871,909,836,874
440,265,263,264,304,266,302,225,340,301,299
441,951,2282,2244,2207,1028,2205,2243,2246,953,2167
442,1083,1049,1047,1315,1011,1115,1081,1086,1965,1045
443,1255,1181,1028,1522,1294,1333,1559,1331,1332,1447
444,1214,1252,1291,1251,1213,263,340,1292,1253,1215
445,1055,1663,1738,2382,1131,1661,1092,1701,1323,2119
446,2407,2447,2448,2409,2445,2486,2954,2369,2522,2482
447,341,492,491,487,380,454,417,377,494,456
448,1214,1253,1291,1252,1254,1292,1368,1215,1328,1175
449,1042,1043,2949,1118,1003,1012,1048,1078,1040,1115
450,992,954,1030,1106,1282,1031,915,952,991,956
451,1065,1104,1106,1105,1144,1142,1302,1340,1344,1346
452,1292,1102,1329,1063,1291,1098,988,1213,1250,1212
453,1254,1061,1328,1251,1290,1175,1212,872,1250,1367
454,2366,2408,2371,2369,2370,2367,2409,2329,2327,2326
455,365,364,330,326,331,362,327,291,366,2995
456,529,569,567,644,3016,608,606,570,528,568
457,407,517,481,518,409,443,514,555,482,552
458,2130,2168,2131,1977,2015,2055,2092,2054,1446,2129
459,3008,1091,1361,1323,1020,1130,1358,1399,1438,1055
460,709,1125,2941,824,443,785,786,822,783,478
461,709,2941,1013,711,749,748,747,786,787,1049
462,61,92,138,91,19,49,59,57,46,94
463,1091,839,1661,2081,1738,1816,2947,1662,920,809
464,2633,2630,2592,2631,2632,2672,2629,2593,2589,2666
465,178,223,107,139,177,215,136,253,228,216
466,686,647,384,690,803,689,685,156,3026,382
467,2943,1288,1368,644,608,646,1253,1214,605,683
468,1255,2015,1977,954,951,1294,1028,2207,992,991
469,533,306,382,343,535,610,496,497,498,572
470,1217,1218,1068,1028,1294,1219,1256,1066,1257,991
471,1153,1194,1155,1119,1151,1683,1230,2952,1232,1154
472,1001,2219,1040,2256,2182,2299,2257,883,2258,731
473,1385,1196,1345,1308,1270,1153,1348,1310,1305,1123
474,1364,1288,1250,1363,3038,1401,1365,1254,1325,1326
475,804,811,807,735,1071,1383,775,1076,1072,849
476,960,956,999,998,997,923,922,962,919,2370
477,1738,1737,1663,1049,1130,1083,1701,843,1776,1736
478,1887,1125,1308,967,1237,1166,1199,1236,1161,1163
479,2605,2687,2644,2643,2648,2647,2565,2642,2684,2604
480,843,682,889,595,696,559,596,561,643,645
481,1125,826,1163,788,1419,1160,1392,1390,1162,891
482,1668,1251,1596,1631,3038,1632,2989,2354,1670,1634
483,417,454,645,455,456,492,418,414,490,568
484,1353,1391,1394,1055,1282,1352,1090,1013,1392,1390
485,1671,1668,1670,1708,1744,1746,1669,1672,1706,1783
486,896,898,822,783,891,928,859,1239,1241,824
487,910,872,874,873,836,946,909,871,1254,834
488,1152,1194,1226,1115,1192,1228,1114,1121,1149,1189
489,3030,1556,2970,1520,1824,1553,1591,1633,1823,1515
490,572,537,614,612,609,611,688,610,535,495
491,1024,1062,1064,2772,2734,1023,1061,1063,1025,2774
492,340,303,2935,263,379,414,339,342,376,338
493,2480,807,805,773,2481,2443,845,576,848,840
494,1146,1145,1071,1452,1103,1142,1411,1065,1144,1181
495,1452,1685,1682,1954,1683,2952,1724,1686,1684,1720
496,602,525,562,526,561,600,564,678,601,790
497,2323,2322,2285,2245,2057,2019,1753,2362,2015,1790
498,2875,2794,2795,2845,2834,2838,2885,107,108,2884
499,1309,1311,1613,1343,1350,2949,734,1389,768,806
500,1316,1279,1312,973,1276,1277,1278,1314,1317,2967
501,1199,1009,1167,1131,1055,1201,1282,1237,1205,1082
502,38,75,107,37,144,149,111,31,34,114
503,425,365,364,201,462,168,366,2995,478,437
504,380,1292,341,492,1291,489,491,1214,337,1329
505,2343,2382,2458,2420,2119,788,1815,2156,1131,787
506,1291,1292,1368,1253,3038,1329,2956,1672,1668,1706
507,1109,1148,1146,842,1147,1383,2041,1075,809,1421
508,478,833,1006,1239,1241,976,768,870,836,1001
509,994,993,996,956,1222,955,1030,2370,995,997
510,1074,770,704,236,629,807,1155,1153,809,768
511,1125,1128,930,1163,1090,824,2941,478,896,859
512,844,846,807,883,809,806,773,920,850,881
513,571,723,498,725,685,687,724,990,459,953
514,1163,1200,1313,1427,1504,1125,1162,2967,1238,1202
515,2435,2360,2395,2434,2512,2433,2471,2511,2398,2959
516,120,157,162,122,123,164,168,134,206,3012
517,1011,752,1049,1125,891,2941,824,826,859,1200
518,642,608,644,646,682,3016,605,643,607,604
519,380,340,341,342,378,263,416,415,414,379
520,612,572,153,345,229,270,156,651,193,120
521,1055,1130,1131,1739,3008,1093,1436,1245,1323,1092
522,621,739,849,850,771,660,657,772,808,709
523,168,163,503,3012,437,280,161,162,238,130
524,647,1218,609,800,838,648,1219,686,1180,801
525,1596,3030,1520,873,874,2996,2970,1556,797,1630
526,1129,1128,2977,1394,2941,675,1125,783,1126,1089
527,1229,1230,2992,1150,624,1190,1155,1188,1226,1227
528,301,303,3016,2935,224,187,148,2957,264,300
529,1776,1738,1055,1663,1700,1701,1737,1661,1435,1130
530,369,134,695,404,443,514,170,409,407,366
531,1073,1109,1114,1115,1353,1315,1152,1075,2936,1071
532,1266,1304,1268,1228,1264,1233,1231,1262,1267,2992
533,478,438,401,475,476,403,400,367,437,439
534,1042,2949,1290,1040,1109,1078,911,1017,1252,2936
535,1097,1064,1361,1368,1099,1063,1329,1291,1098,1399
536,384,880,382,503,468,172,422,314,347,433
537,1200,1125,1128,1130,2977,1090,1163,1315,1167,1353
538,878,953,875,913,951,954,914,2986,838,876
539,384,347,879,387,765,916,802,917,956,803
540,1282,3004,1245,1283,1055,1052,1017,1280,1243,1358
541,1597,1865,1635,1636,1180,1181,2960,1825,1639,1826
542,801,1028,876,878,839,1977,953,2015,991,992
543,2815,2817,2830,2911,2781,2910,2953,2818,2779,2791
544,1181,1196,1065,1142,1157,1183,1180,1106,1179,951
545,75,76,38,147,144,111,110,106,107,113
546,1913,1994,1873,2105,2064,2227,2269,1914,2030,2102
547,237,172,312,238,276,201,210,239,199,280
548,2989,1596,1592,1632,1594,1555,1557,1554,377,1517
549,2699,2711,2704,2663,2915,2705,2791,2790,2673,2739
550,676,602,709,2565,2523,636,2524,639,678,404
551,1230,1229,1226,1188,1194,1150,1190,1199,1155,1153
552,684,682,646,603,607,643,2996,642,1634,3016
553,790,751,791,752,677,789,3029,828,754,676
554,2009,870,1971,2008,1134,1974,1210,1897,1895,2048
555,1114,1076,1115,1152,1345,1120,1151,1112,1567,1343
556,1778,1740,1702,1093,1738,1739,1816,981,791,1056
557,1208,2932,1242,1204,1203,1888,1852,900,2231,2495
558,1495,1494,1492,1497,3021,1764,1531,1530,1417,656
559,1055,1322,1091,1315,1324,1323,1319,1253,1285,1360
560,189,226,151,187,300,303,225,304,227,188
561,2813,2911,2826,2920,2785,2863,2868,2822,2823,2926
562,1109,1569,1265,1074,2936,1037,1071,1075,1073,1042
563,865,673,942,979,977,901,938,902,903,674
564,2641,2678,2602,2601,2637,2642,2639,2681,2604,2598
565,38,2937,20,17,2132,2171,14,22,26,33
566,644,646,3016,608,605,189,300,151,607,684
567,3014,1330,1098,1406,1329,1063,1442,1216,1139,1178
568,2881,2926,2888,2779,2884,2968,2924,2662,2815,1339
569,1181,1180,1141,1218,1255,1408,1409,1219,1142,1369
570,2203,760,2165,2127,1405,1783,1820,2086,2239,2125
571,28,38,34,11,2937,32,26,33,22,14
572,523,599,600,369,136,580,597,558,636,331
573,514,478,550,516,443,409,513,446,477,517
574,997,1149,1189,1228,1034,959,1036,1190,1150,1152
575,2376,2607,2608,2609,2565,2605,2567,2606,2648,2335
576,798,1139,1173,1140,569,529,567,490,568,719
577,891,1771,699,1812,892,894,858,893,1695,560
578,1140,1178,797,1558,1482,1139,1138,3014,1099,798
579,763,764,801,803,800,765,687,725,726,840
580,1150,1075,1077,2936,1155,1153,2949,1112,2219,2256
581,1316,1279,1277,1278,1276,1354,1314,1317,1275,1312
582,1015,1128,1053,1052,1055,1130,1125,1088,1131,1091
583,2673,2675,2637,2678,2717,2716,2674,2679,2982,2714
584,172,210,362,332,579,237,541,364,330,399
585,203,201,202,239,579,159,163,240,3012,204
586,99,61,46,91,136,138,98,57,49,59
587,1718,1719,2939,2559,2597,2682,1720,2679,1679,2639
588,1017,1356,1093,1245,1055,1357,1358,1660,2941,1052
589,2792,2663,3018,2836,2815,2667,2623,2910,2666,2714
590,341,377,494,454,798,1250,1212,1175,683,491
591,949,987,1043,947,911,948,1025,1024,2427,641
592,876,837,913,916,875,838,839,879,878,914
593,2598,2485,2561,2606,2567,2524,2523,2648,2604,2565
594,790,751,791,789,754,753,796,792,715,752
595,1270,1212,1175,1055,1167,1115,1168,1194,1037,1001
596,1104,1333,1144,1446,1409,1408,1065,1103,1142,1370
597,2535,2536,2532,2534,2533,2612,2498,2574,2575,2497
598,2004,2040,1776,1774,1613,2998,2003,2081,1963,1965
599,2197,2193,2235,1243,1553,2232,1209,2269,2270,1591
600,1015,1055,1278,1277,1276,1053,1054,1125,749,748
601,684,682,683,950,607,643,759,2996,642,988
602,1150,1146,1145,2936,1075,1190,1115,1144,1189,1148
603,1204,1203,2967,1240,1202,1201,1238,1205,1279,1239
604,2662,1040,2737,1034,2814,2409,2228,2740,2151,2779
605,1228,1222,1191,1108,1193,1195,1226,3035,1306,1223
606,38,112,2937,75,36,71,76,73,62,114
607,2281,2207,2244,2243,2246,2283,2320,2205,2322,2360
608,2790,2791,2792,2752,2711,2794,2793,2830,3028,2709
609,763,765,764,840,913,917,803,839,879,687
610,157,461,622,556,120,551,588,626,478,517
611,1177,832,874,869,870,909,949,1139,911,948
612,2987,800,765,764,774,802,729,767,803,763
613,2847,2790,2791,2848,2849,2793,2830,2887,2850,2880
614,2647,2646,2685,2684,2722,2487,2485,2645,2566,2602
615,341,416,379,415,342,454,494,414,455,456
616,1003,1078,1270,1039,1309,1273,1315,1311,1307,2949
617,1315,1354,2967,1317,3004,1205,1308,1237,1279,1316
618,1224,1187,1185,1192,1191,1188,1186,1226,2178,1416
619,759,760,798,1062,1026,1102,1063,2541,529,758
620,1125,1055,1091,1128,1093,1130,1738,1179,1182,1357
621,2568,2526,668,2530,701,733,2567,2606,2527,2569
622,1405,1367,1402,1062,1406,1442,1443,1329,1063,1102
623,2157,2269,2228,1130,2180,2181,2182,2229,1093,885
624,682,2431,949,2694,2467,981,2389,2468,2501,988
625,1243,675,1055,1245,670,136,140,141,637,599
626,1199,1201,1431,1204,1203,2977,1127,1159,1315,1236
627,1253,1214,1252,1254,608,646,644,605,1215,607
628,988,1292,1291,985,1097,1063,1329,950,1061,1102
629,1291,1214,3038,1289,1253,1324,1362,1368,1292,1330
630,912,871,985,874,873,988,949,986,987,872
631,1668,1671,1744,1746,1708,1670,1745,1748,1405,1443
632,2967,1127,1128,1241,1316,1279,1239,1203,1204,1125
633,1142,1103,1065,1179,1181,1146,1104,1141,839,1031
634,827,786,709,523,862,172,752,2941,824,558
635,478,475,514,204,513,437,442,405,547,159
636,44,1,53,58,41,80,46,59,98,5
637,341,1558,1251,380,378,1367,342,1140,1668,1671
638,442,512,443,444,441,479,405,438,403,401
639,1072,1077,1037,1022,1023,1025,1078,1047,1118,1043
640,492,454,417,494,341,416,415,414,379,455
641,1064,758,1102,1063,1026,1024,1062,1025,1101,722
642,1329,1330,1292,1062,1063,1102,1367,1098,1291,988
643,3004,1245,1283,1280,1243,1282,2994,1358,1093,901
644,1055,1092,2422,981,1019,949,1054,2383,1321,2348
645,1868,2086,3022,1831,2052,2051,2011,2047,1602,1678
646,1879,2000,1613,1878,1920,1881,1918,2946,1956,1658
647,1253,1214,1291,1254,1252,1368,1292,1175,1212,1251
648,1022,1023,987,1364,1327,1403,1060,1404,985,1366
649,2943,1824,1709,1746,1747,1330,1292,341,1822,1368
650,1072,1073,1071,1078,1114,1109,1121,1110,1112,1340
651,1254,1214,1253,910,1250,1251,872,1288,873,874
652,500,425,461,464,462,503,458,764,765,426
653,796,1177,832,1899,1137,795,2943,797,759,1819
654,330,367,293,295,296,331,404,334,259,258
655,1146,1075,2936,1345,1150,1153,1070,1383,2949,1384
656,664,630,668,666,888,559,596,733,665,595
657,1214,1253,874,873,1630,2943,1593,1252,1254,644
658,788,2601,2682,2461,826,824,825,2645,3029,2727
659,89,49,55,53,58,84,63,176,65,46
660,675,878,1128,1127,1255,1181,1055,1130,712,1093
661,1279,1316,1315,1245,1276,1277,1278,1205,2967,1314
662,1316,1279,1049,1048,1312,1011,1315,1277,1276,1278
663,1064,1099,3038,1063,1097,1102,1367,1098,1291,1364
664,155,156,193,690,647,572,153,610,686,269
665,1153,1151,1383,1431,1420,1459,1191,1226,1195,1152
666,1214,1215,1252,874,873,1251,1213,1139,912,1253
667,478,1129,2941,887,824,859,889,825,823,239
668,874,873,912,1214,1215,1328,1213,1291,1709,1327
669,1064,1099,3038,1102,1097,1063,1291,1098,1367,1364
670,1086,1085,1013,1084,1348,1350,1120,1083,1124,1049
671,794,760,756,2085,757,720,2123,1062,1405,1102
672,1249,909,1215,872,874,869,873,871,1248,946
673,1030,993,992,2282,989,951,1028,1031,991,2322
674,133,172,139,177,215,368,331,201,365,327
675,683,684,645,719,760,682,646,2938,680,607
676,3030,1671,1668,2956,1672,2013,1520,1824,1709,1252
677,1229,1496,1230,1270,997,996,2947,1304,1268,1682
678,988,684,2469,683,2938,950,2508,2546,1024,2767
679,1212,1250,1175,3014,1216,492,2943,1330,760,1292
680,379,986,608,644,2048,646,988,1328,454,605
681,1026,1175,1212,1330,1216,1368,1100,1099,1363,3014
682,958,925,883,920,956,918,999,1038,957,998
683,1150,2949,1075,2936,1148,1110,1345,1109,2947,1115
684,976,1053,1239,1241,3029,977,1277,1278,1276,1015
685,2641,2681,2678,2682,2680,2602,2723,2645,2683,2759
686,847,887,813,924,817,853,855,891,886,843
687,1282,1283,1206,1316,1279,1245,2994,1205,1013,1394
688,1361,754,1130,751,1247,1245,1132,1322,1208,1246
689,379,492,378,454,304,566,417,263,341,380
690,2277,1823,341,1558,2314,2201,2275,2276,1862,1861
691,1250,1175,1212,1213,1251,1216,1214,494,3014,377
692,1139,1177,1140,836,874,873,988,1213,1173,1250
693,136,164,120,3012,437,163,137,125,162,216
694,523,443,441,442,481,588,590,484,556,626
695,2369,2408,2366,2371,1682,1568,1190,1913,2370,1230
696,74,38,75,37,34,114,150,145,36,30
697,1963,1812,1697,1657,1776,1774,2004,2001,2998,1696
698,3004,1246,670,1282,1092,599,600,1055,1283,636
699,162,438,401,249,362,164,251,134,209,440
700,714,748,749,747,711,709,712,676,675,750
701,2219,1725,1405,1406,1442,2952,1687,1726,1686,1724
702,1252,1214,1253,1251,1291,1254,1368,1292,1482,1215
703,1252,1214,1251,3030,2124,1291,1671,1672,2956,2470
704,937,975,1245,901,938,940,936,1007,2740,903
705,997,1264,1225,2064,1034,959,1229,2025,2026,2027
706,2941,862,823,898,785,709,786,816,861,824
707,2603,2642,2600,2682,2598,2559,2602,2640,2643,2645
708,125,19,164,518,61,85,120,92,478,437
709,1130,1055,1131,1129,1394,1167,1738,1663,1396,1168
710,2171,2172,2217,2170,2210,2173,2254,2256,2177,1945
711,2124,988,679,2163,719,2086,2160,1022,645,983
712,1746,1444,1709,1747,1558,2048,1292,1822,1823,1748
713,378,492,416,415,414,379,340,341,263,3016
714,60,21,100,11,68,74,17,16,19,31
715,11,2937,3019,14,38,6,62,17,16,34
716,646,684,607,642,608,682,3016,644,605,567
717,1227,843,1217,761,839,1071,1226,1255,799,1446
718,578,496,953,533,534,612,614,990,957,421
719,864,751,206,134,896,752,790,3029,789,787
720,685,724,686,647,614,630,3026,662,649,651
721,38,11,34,16,74,52,12,24,32,18
722,1433,1700,1701,1434,1736,1776,1737,2945,2947,1738
723,198,3031,232,310,122,196,160,234,120,193
724,2395,2434,801,2959,2396,2512,876,2435,2478,838
725,1250,1175,1212,1140,797,1252,836,1178,3014,1139
726,970,1195,1237,1308,1114,1228,1236,1166,1199,1274
727,1028,991,2015,1977,992,1027,953,1939,2017,2016
728,1822,1786,1748,1785,2956,2013,1783,1672,1747,1709
729,80,130,156,79,129,77,116,117,122,155
730,2219,2104,1033,2184,2256,2189,2186,2188,2070,997
731,341,798,342,379,492,380,494,453,454,378
732,2315,797,2316,759,416,415,492,491,1935,1976
733,917,1001,956,963,1032,919,1040,846,958,915
734,1251,1405,1367,1140,1252,339,1402,1292,1250,1290
735,1203,1204,1504,1201,1202,1238,1503,1125,1240,2967
736,942,2832,2754,867,828,904,903,2755,2753,2757
737,2118,1990,2217,2080,1988,2079,1950,2156,2026,1989
738,754,790,753,829,791,715,864,830,677,713
739,497,571,459,685,724,498,535,3024,496,457
740,2648,2609,2684,2645,2383,2649,2687,2607,2608,2682
741,51,62,19,46,61,15,99,2976,100,44
742,1840,1037,1852,1038,1927,1847,1839,1926,1851,998
743,263,340,342,265,339,38,301,150,2935,303
744,1315,669,739,744,937,975,1126,1047,1089,1048
745,88,57,59,98,80,41,81,95,53,58
746,176,177,63,139,136,141,140,214,252,101
747,2485,2478,2447,2561,2567,2524,2523,2606,2461,2516
748,1093,1017,1053,1016,1054,1130,1132,977,979,1170
749,796,1175,1212,1250,1824,832,1821,2970,1556,1097
750,1634,1252,1520,2996,1291,1672,2956,1668,1671,950
751,1017,816,709,815,708,746,807,781,747,711
752,1230,1191,1193,1229,1192,1232,1190,1424,1150,1167
753,1663,2941,1738,2947,1129,1737,1661,1776,1701,1777
754,687,725,762,647,723,800,763,764,685,609
755,1321,1169,1283,1243,1130,133,1282,2994,1055,172
756,2645,2759,2680,2682,2685,2681,2722,2718,2723,2720
757,644,608,567,1709,339,492,873,874,1593,2943
758,2086,1254,1328,1596,1251,1290,1288,2944,2970,1556
759,1176,1213,1479,1897,2201,2242,1328,1477,2508,2543
760,873,874,608,3016,2935,644,303,912,646,607
761,2124,2163,2203,2930,3006,2356,2165,2127,2469,2049
762,363,400,438,440,366,402,362,365,476,403
763,1965,1777,2155,2193,2963,1855,1815,2156,2118,1887
764,1126,1089,1361,3004,1315,1394,1164,1391,1129,1125
765,1668,1671,1744,1746,1402,1708,1782,1634,1558,1670
766,1230,1229,1192,1225,1264,1167,1190,1150,1193,1226
767,1199,1160,1167,1124,1093,1169,3029,1155,828,1206
768,716,679,754,1020,1131,753,675,2387,2648,3004
769,1831,1794,1866,1914,1833,1797,1795,1832,1800,1868
770,1903,2960,1724,1726,954,2170,2216,2179,1460,1940
771,1367,1254,1176,1099,1102,1405,1329,1443,1061,1328
772,1125,2941,1051,1431,1128,1088,1126,1432,1468,1089
773,988,950,1025,949,1024,1062,948,947,912,911
774,650,577,615,616,690,652,612,613,614,651
775,2124,1634,265,2088,263,1520,2996,2086,2049,2013
776,120,122,164,163,3012,162,125,157,166,165
777,3006,2930,2469,1668,2393,2124,2470,2086,2394,2391
778,839,803,763,878,685,840,801,2167,916,913
779,2169,1939,1028,2244,993,1979,2207,1902,2018,991
780,1252,1214,1213,1251,1291,1292,3014,1482,1139,1178
781,2255,2256,2215,2254,2220,2260,2218,2004,1954,1918
782,1130,1131,1092,1321,1091,672,2965,629,157,597
783,2716,2982,2679,2758,2753,2755,2757,2710,2760,2800
784,1032,1065,1255,1031,1027,1071,1070,1033,1282,1068
785,454,418,456,416,379,415,532,414,493,455
786,995,997,1037,1070,999,2408,2366,2369,2371,1001
787,1152,1111,1110,3007,1148,1114,1089,1109,1126,1115
788,1100,1099,1026,1097,1102,1442,1406,1405,1063,1367
789,75,38,114,73,76,150,112,113,71,110
790,1093,1315,1049,1011,1130,1055,1663,1626,1625,1013
791,1140,1861,1178,1823,1858,1899,988,1819,2199,1558
792,2769,2806,2969,2765,2804,2810,2847,794,2730,2728
793,1294,1257,1256,1255,1939,1218,1217,2017,2016,951
794,2570,2571,2491,2474,2488,2569,2306,2438,2531,1926
795,1348,1050,2977,1307,1353,1345,1347,1391,1351,1313
796,879,841,839,917,840,880,878,765,876,881
797,2010,2050,2013,1897,2009,2051,2048,2052,2011,2047
798,1251,1252,1254,910,1253,3038,1214,872,1290,1250
799,1939,1980,1978,2207,1979,2167,1943,2960,1905,2016
800,1541,1587,1503,1542,1578,1537,1580,1549,1574,1460
801,1152,1124,1114,1158,1122,1113,1115,1155,1117,1121
802,1367,1062,488,1097,1063,1329,1405,489,1098,1059
803,789,3029,824,826,787,751,788,846,781,859
804,682,646,684,643,607,605,454,644,608,417
805,1315,1051,1050,1353,1011,1391,1088,1048,1125,1126
806,2081,791,750,1779,2083,790,755,1818,883,2460
807,1245,1125,1129,1205,1282,2941,2967,1128,1167,896
808,2728,2938,2729,2769,2689,719,794,2730,2806,2767
809,1252,1214,1251,3030,1520,874,873,1823,1557,1634
810,1649,1648,1610,1608,1644,3020,1688,1647,1646,1611
811,1289,1215,1634,2048,949,2047,1440,1326,2996,1327
812,404,2973,366,367,175,134,176,63,136,137
813,880,2118,879,2447,1990,1188,1194,2041,1953,2081
814,2193,2155,2233,2156,1984,2022,829,2197,2119,2232
815,1110,1384,1265,1192,1109,1114,1228,1230,1078,1193
816,2919,2917,2792,2910,2911,2667,2870,2815,2834,2838
817,1230,1192,1268,1304,1266,1191,1226,999,1229,1227
818,747,748,749,711,2941,121,2187,1278,1277,1276
819,1049,733,1081,1085,1084,669,1120,1083,1117,810
820,160,172,1199,232,201,276,957,170,133,1169
821,1315,1697,1695,1696,1047,1049,1963,2304,781,1011
822,684,682,607,643,683,3016,646,2698,642,645
823,831,2124,3001,2163,796,1858,2086,2047,1819,1402
824,462,382,421,464,384,422,539,3024,497,345
825,873,874,946,950,911,912,646,1215,1253,684
826,1226,1149,1189,1148,1110,1228,1125,1192,1109,1190
827,942,1245,1032,1040,865,1017,902,1327,904,2941
828,909,873,874,1249,1897,872,947,948,912,2989
829,633,709,786,824,673,706,705,672,823,595
830,2662,1027,3018,1257,2779,1255,1031,1219,1181,1179
831,1946,2119,1777,2947,1947,2193,1869,2118,2117,2116
832,3029,1205,478,1049,935,859,777,782,826,559
833,1643,2156,2118,1413,2041,1645,1965,1739,1378,1608
834,608,644,646,605,567,569,607,379,570,606
835,1218,1445,1219,1978,1181,1180,2131,1447,1217,1939
836,1218,1028,989,1181,1180,1219,1255,991,1029,1256
837,1621,673,709,1315,1011,1055,2941,1625,1659,1348
838,673,738,2459,788,481,2480,520,737,517,2961
839,790,681,751,750,752,716,715,791,826,824
840,1592,1895,1824,1821,1591,1857,1553,1859,1517,1938
841,2791,2790,2830,2793,2881,2831,2884,3028,2839,2835
842,792,790,828,864,886,787,826,824,753,788
843,1668,1671,1708,1670,1405,2956,1367,1706,1291,1672
844,675,1245,3004,599,712,1055,597,2941,636,1052
845,2208,1979,2018,1939,1980,2056,1791,2019,1790,1753
846,843,847,1115,887,883,809,889,890,922,885
847,1292,1330,1140,1291,1329,1102,1214,1216,1177,1215
848,915,841,878,840,954,2986,914,916,875,913
849,1620,1315,1273,1275,1316,1279,1580,1238,1202,1583
850,1055,1168,1054,3029,1091,789,1125,1129,1167,1199
851,1167,1201,1205,1776,560,1130,1125,1200,1199,1315
852,2193,2119,2499,790,1855,1815,2156,3008,2382,2421
853,2781,3018,2663,2705,2826,2700,2661,2744,2670,2669
854,656,654,626,519,556,617,619,618,702,2961
855,1978,951,1028,2017,2016,1218,1939,1980,953,2015
856,1666,1705,1667,1709,1704,1740,1742,1518,1593,1630
857,1101,1250,1139,1102,1063,1098,1211,1100,1292,1134
858,873,874,379,909,912,646,644,608,1254,454
859,1055,1131,1092,1091,1115,1739,1130,1093,1125,1089
860,832,869,1286,836,1248,1556,2970,831,908,835
861,2485,2562,2606,2524,2567,2523,2607,2600,2608,2568
862,1217,1028,1294,991,1256,1255,1257,1787,1977,1788
863,537,611,536,574,576,575,539,535,572,610
864,1292,1253,3038,1329,1367,684,1291,1140,1252,988
865,1978,875,2054,951,1218,2016,2986,990,2091,2129
866,2239,1858,3001,2240,798,1861,2242,2199,2201,1859
867,3030,2989,1557,1630,1593,1520,379,492,873,874
868,1104,1108,1029,1307,1142,1065,1179,1105,1106,1144
869,172,210,237,364,238,236,286,275,273,207
870,2279,2240,2278,1824,2239,1821,2277,2280,1938,1823
871,3038,1405,1367,1402,1292,1251,1250,1290,1099,1138
872,3016,646,608,644,605,603,607,567,684,565
873,1686,1114,2952,1684,1115,844,807,846,1152,1645
874,988,836,986,798,910,872,1250,835,1025,1062
875,1216,1213,1212,1175,1327,1368,2943,1176,1254,3014
876,2728,2806,2767,2729,2772,2768,2689,2810,2731,2804
877,379,414,529,454,494,3016,417,341,528,455
878,1144,1298,1335,1347,1219,1182,1105,1106,1183,1333
879,407,445,520,558,482,406,409,523,446,408
880,10,54,9,2937,21,14,2976,19,11,16
881,843,619,957,926,886,887,883,846,239,618
882,2989,1897,1858,1593,1630,1557,1934,2048,1632,1935
883,178,259,139,177,215,216,213,135,174,217
884,485,790,524,526,662,449,450,486,487,523
885,1250,1175,1212,1140,1252,1292,1139,1178,3014,1099
886,798,1938,494,1861,2240,1975,2279,1936,1935,1897
887,734,1037,1074,768,810,728,833,539,580,869
888,1001,1346,1344,1037,963,1072,1002,1384,1038,1110
889,656,660,658,657,618,662,588,450,517,2961
890,1824,1823,794,756,719,2273,2314,1558,2201,1216
891,520,556,560,1130,482,558,518,522,445,481
892,1178,1063,798,1250,1251,1098,1367,1140,414,796
893,1753,1488,1030,993,1715,1797,1800,992,953,1752
894,75,114,38,150,36,112,71,2937,37,111
895,489,529,528,341,526,524,494,377,453,566
896,2088,3016,644,646,608,605,3030,2956,2470,2013
897,189,300,187,2957,226,227,304,188,225,184
898,824,892,825,823,788,859,860,857,786,822
899,2547,2586,2551,2587,2588,2548,2626,2589,2550,2939
900,1209,1245,1169,1361,1206,1513,1475,2932,1626,1243
901,164,120,163,3012,157,162,153,122,158,130
902,891,821,850,784,820,1086,813,846,782,781
903,1585,1583,958,1586,1814,1584,1888,1622,1242,1241
904,122,193,156,120,125,162,157,117,116,118
905,1210,870,1286,1248,836,832,835,798,1172,757
906,1251,1252,1254,1214,1253,3038,1250,1290,1176,1215
907,984,983,985,1061,1025,1062,1136,757,721,722
908,2947,1854,1815,1776,1230,1816,2945,1739,1777,1814
909,2911,2847,2779,2921,2968,2872,2881,2815,2919,2867
910,1934,1976,1935,1897,1972,1937,1936,1858,874,873
911,1358,3004,1168,1130,1052,1132,1319,1360,1623,1129
912,867,941,1016,979,905,943,942,901,2003,2267
913,364,365,249,133,366,212,170,172,363,435
914,2961,522,481,626,591,556,590,588,551,561
915,1685,1724,1230,1686,1687,1185,2219,1643,1725,1413
916,1460,1496,1264,1840,2612,2498,1777,1797,1800,1223
917,798,607,684,567,569,643,605,760,682,3016
918,981,677,2613,754,676,753,2650,1094,3025,715
919,574,536,537,575,535,572,611,499,612,576
920,341,415,416,414,379,378,380,454,494,417
921,1697,1427,1343,1696,1695,1089,1735,1125,1126,1082
922,306,269,161,162,233,168,271,155,122,158
923,712,675,1090,883,1391,1394,1109,886,1432,884
924,2881,2919,2845,2847,2848,2849,2917,2625,2968,2887
925,1405,1402,1364,1668,1671,1365,1367,1401,1442,1406
926,759,798,602,528,797,793,795,721,682,3016
927,1228,1165,1226,1242,1166,1189,1149,1220,1431,1470
928,972,975,937,898,1012,1088,785,1278,1277,1276
929,1062,1025,1026,1102,1063,1405,1367,988,1440,1330
930,30,16,34,74,37,14,145,32,24,2937
931,2941,1245,1738,478,1196,824,3029,745,2943,768
932,2188,2189,2151,2149,2190,2233,1852,2150,2193,2114
933,174,425,175,168,201,214,252,132,173,316
934,1682,2952,737,1645,889,1643,1683,739,1607,1691
935,1900,1862,1860,1520,1824,1899,1823,1859,1482,1558
936,30,16,11,34,74,21,14,37,3019,22
937,1092,1394,1055,1054,1358,1321,1436,1661,1131,3025
938,1389,1697,1622,706,1541,1620,705,1700,1049,1048
939,1669,2996,1672,2956,1291,1671,1706,1668,1631,3038
940,2967,1205,1279,1316,1239,1241,1203,1204,1312,1315
941,310,399,240,508,306,278,312,422,460,473
942,566,453,1819,2621,1744,1857,1859,452,1858,451
943,3038,1330,1368,1292,1364,1291,1367,1329,1405,1406
944,2257,2256,2372,2333,995,3029,2263,2379,2217,2291
945,2949,1192,1230,1608,1190,1150,1188,1458,1077,1075
946,950,949,988,984,1022,1021,1025,1024,911,948
947,988,1140,874,873,797,1252,986,1064,912,1178
948,1136,798,1062,1061,1367,1140,796,1137,1059,760
949,1190,1188,1226,2116,2117,2219,1222,1149,2170,1184
950,2949,1077,1119,1154,1196,1150,1157,1081,1075,1116
951,2281,2358,2319,2321,2359,2283,2320,2959,2396,2244
952,1205,2967,1239,1242,1241,1167,970,1203,1204,900
953,2086,1668,1671,1670,2011,2051,2052,2047,1708,2010
954,1125,1159,1196,1157,1163,1127,1428,1195,1431,1156
955,2815,2791,2790,2813,3036,2781,2820,2853,2788,2925
956,1356,1318,1357,1660,1621,1392,1390,1352,1089,1125
957,813,735,734,840,808,1110,774,810,1112,922
958,1213,3030,1520,1557,1823,1252,1482,1558,1900,1862
959,956,957,879,880,951,958,955,540,913,539
960,1866,1636,1902,2960,1825,1826,1712,1865,1673,1864
961,1252,1214,1253,1251,874,873,2943,1254,912,910
962,364,314,365,327,287,363,289,288,281,3032
963,1110,1174,1215,2009,1533,1933,1934,1833,2048,1139
964,1055,1358,1125,1391,1394,1164,1052,1359,1090,2977
965,1668,1671,2124,2086,1708,2930,3006,2047,1290,1251
966,658,657,879,841,840,877,587,652,889,802
967,2759,2683,2641,2681,2678,2792,2751,2758,2982,2714
968,1383,1191,1148,1192,1195,1193,1224,1226,1186,1188
969,1109,1148,1147,1188,1075,2936,1150,1183,1110,1185
970,840,801,876,841,838,837,880,914,842,879
971,1329,1330,1292,1062,1063,1291,1367,1098,1064,1368
972,911,988,986,1292,2694,946,909,874,1291,1025
973,2088,684,2013,1634,2052,2355,2051,2011,646,263
974,778,746,771,739,703,744,1431,633,741,816
975,1634,1671,2956,1668,1672,1520,2996,1709,1708,3030
976,1783,2052,2051,2048,2011,1708,1819,2163,2090,1746
977,2013,2047,2088,3006,2930,2011,2051,2048,2052,1634
978,1251,873,874,1252,909,986,912,1214,1328,1215
979,3030,1520,1824,1823,1557,1558,1862,1861,1900,1556
980,1130,790,1739,1738,1663,1626,1168,1625,1245,752
981,1952,1991,1913,2997,1685,1950,1917,922,1724,1686
982,492,607,569,529,605,454,798,3016,608,494
983,1916,2000,1613,2256,1873,1879,2221,1965,2218,1956
984,1037,768,1847,1840,2409,733,1923,2149,1916,995
985,1055,1053,1283,1091,1093,1282,172,1015,1245,1169
986,2163,2124,2128,2162,2203,2950,529,2125,378,606
987,384,2978,343,382,497,422,381,305,533,231
988,437,134,168,172,163,3012,478,206,384,162
989,843,880,842,847,886,887,883,920,918,881
990,442,443,406,408,370,369,367,444,405,371
991,2616,874,909,2694,2620,2579,2619,912,2541,2539
992,1283,978,1282,1245,901,940,938,904,902,939
993,49,2928,86,44,48,19,5,46,55,41
994,2124,2048,2047,2163,2389,988,2086,2050,1102,1063
995,1283,1055,1282,1131,675,1015,1019,3004,1018,1321
996,1181,1226,1188,1168,1150,1190,1219,1180,1183,1228
997,2960,1522,1486,1485,1483,1220,1940,1903,1447,1524
998,2023,2064,2062,1979,2104,2061,2060,2247,2030,2173
999,1683,1155,1734,1733,1772,1994,1691,2036,1771,1995
1000,1824,1823,1558,1861,1862,3030,342,1821,1520,1899
1001,801,913,457,533,763,381,876,420,725,685
1002,150,75,38,114,144,111,379,37,145,151
1003,1028,2244,2281,991,1027,761,2205,2283,876,2320
1004,2017,2016,1939,1980,2019,1977,2015,2018,2931,1979
1005,831,759,453,910,798,872,640,3001,2616,832
1006,633,1245,672,706,705,599,634,636,328,597
1007,830,754,2963,829,791,792,832,526,790,794
1008,994,2409,2448,995,997,2369,2408,2371,2406,2366
1009,1685,1686,1724,1687,2219,1762,1763,1765,1802,1767
1010,951,953,913,1028,801,990,991,915,952,723
1011,74,30,37,114,34,38,16,11,24,36
1012,842,1114,1109,2952,844,813,1081,2941,1115,1086
1013,1298,1302,1460,1110,1112,1683,1148,1185,1228,1114
1014,2603,2682,2681,2639,2642,888,2378,2641,2381,2338
1015,1783,1405,1708,1818,1744,2203,1746,2090,2464,1668
1016,422,425,463,500,462,497,460,3024,419,426
1017,1622,1055,3029,1125,1618,1849,1776,1812,1662,1697
1018,1150,1190,1188,1226,1224,1413,1450,1189,1149,1185
1019,1978,2017,2016,1939,1980,2092,2931,2054,1979,2960
1020,2086,1629,1631,1706,1667,1668,2124,1705,1671,1401
1021,353,350,351,354,388,352,3032,422,393,313
1022,988,2124,683,682,719,722,2125,2163,2950,2086
1023,1661,1623,1738,1625,1699,1660,1624,1243,1701,1472
1024,2269,2344,2079,2156,2062,2105,2064,2023,2228,2230
1025,1316,1279,1276,1277,1278,1280,1314,1354,1240,1317
1026,798,1861,1140,567,342,529,797,795,1823,528
1027,1061,1099,1746,836,796,3001,1367,1098,1784,1743
1028,1088,1012,1015,1050,1051,1013,972,973,971,1128
1029,1397,1359,3004,1358,1357,1280,1243,2994,1282,1055
1030,303,264,2935,263,301,266,265,225,304,302
1031,463,425,462,464,500,2881,423,461,191,305
1032,340,263,378,339,342,265,1898,301,1900,1861
1033,341,380,340,263,304,379,529,491,342,376
1034,2847,2882,2917,2926,2924,2885,2880,2887,2919,2843
1035,798,1858,759,760,646,1861,2240,1975,1062,1102
1036,341,380,378,492,379,416,415,414,342,454
1037,2601,2598,2560,2641,2600,2604,2642,2682,2599,2724
1038,831,1015,1325,869,2046,1286,1287,1248,978,976
1039,679,2950,2200,2166,2161,681,721,718,2160,2127
1040,1015,1054,1016,1361,1052,1207,898,1282,2994,602
1041,2732,2543,2544,2579,828,2693,196,2584,2694,2772
1042,3014,1139,568,490,529,1140,489,491,1250,1175
1043,1916,1873,1956,773,2946,1918,1878,1921,2000,1613
1044,3030,1520,1557,1634,1558,1632,2989,2970,1556,1596
1045,1055,1245,1091,1054,1093,1663,1052,1053,1017,1090
1046,485,733,805,806,737,843,770,670,842,556
1047,1145,1107,2598,2551,2600,2601,1146,2471,2729,2644
1048,1216,1212,1213,1175,874,2579,912,3014,1139,1174
1049,1946,1950,2173,1910,1948,1952,2252,2997,1871,1687
1050,982,1019,1057,1020,3025,676,981,716,1058,944
1051,426,425,710,343,382,424,500,462,464,669
1052,1190,1149,1189,2216,1181,958,991,1191,1193,1188
1053,1213,1897,874,873,909,836,795,912,1934,1254
1054,2203,1783,1706,2165,2127,1710,2051,2048,2011,2052
1055,1245,1361,1131,1741,1738,1209,1395,1740,1437,1703
1056,529,570,566,453,494,606,530,531,454,798
1057,1027,1028,2244,992,991,1031,761,989,951,1030
1058,1055,675,2648,438,476,401,2487,2609,2485,2684
1059,340,263,150,75,342,304,225,265,301,114
1060,759,1024,1062,1176,1254,1061,1477,1214,910,1253
1061,2233,485,524,790,751,564,525,829,450,676
1062,38,10,14,3019,9,2937,144,111,143,11
1063,2941,781,782,896,820,749,748,788,747,711
1064,1071,1348,1110,840,1109,1397,1359,1357,1385,1350
1065,935,970,896,934,972,2941,900,937,975,897
1066,950,2508,2503,911,912,949,2584,2505,2468,2545
1067,2359,2244,2959,2205,2360,2322,2357,2209,2281,2167
1068,1390,1392,1314,1352,1089,1126,1009,1391,2941,1353
1069,596,559,558,661,664,666,590,556,662,694
1070,1139,3014,1140,1175,1213,1212,1250,1173,1174,1214
1071,1991,1990,2028,2067,2068,1951,1913,2997,1952,2030
1072,1129,1166,1056,1163,1127,1168,1270,1165,1155,1016
1073,683,2938,645,988,1064,682,646,2048,759,1102
1074,2643,2603,2602,2524,2562,2523,2722,2685,2642,2563
1075,1121,1123,1075,2936,1391,1155,1115,1150,1086,1196
1076,74,34,38,30,32,36,2937,37,2976,14
1077,3038,684,722,646,682,1253,1631,1290,1251,950
1078,149,111,188,144,146,145,150,226,148,151
1079,1250,3014,1139,1176,1102,1442,1480,1140,1098,1478
1080,2751,2752,2800,2712,2718,2797,3028,2792,2670,2750
1081,798,341,492,607,491,569,602,605,454,646
1082,1130,790,1245,1093,1738,1055,1739,1625,1168,1663
1083,733,768,1037,1001,774,769,766,1040,2409,731
1084,172,978,327,977,133,1015,1055,330,286,247
1085,384,382,2978,1031,422,381,420,305,231,343
1086,1254,1328,1596,872,1251,1290,1327,2970,1556,1288
1087,1155,1736,1695,1737,1683,1735,1738,1160,2980,2945
1088,3029,2941,1196,883,826,1115,824,1150,1130,1129
1089,1293,1298,1105,1031,1069,1103,1294,1217,1218,1104
1090,75,37,114,38,74,150,145,107,112,71
1091,1625,1663,1623,1661,1245,1701,1776,1702,1660,1624
1092,2790,2841,2835,2875,2791,2839,2882,2878,2830,2793
1093,913,1905,1943,954,880,878,1942,875,916,883
1094,683,645,682,719,569,680,607,684,643,565
1095,1634,950,1291,1668,1671,1672,2956,1520,2996,1252
1096,873,874,836,909,912,1215,1177,835,872,1249
1097,1150,1148,1230,1228,1190,1075,1226,1188,2936,1193
1098,1251,1252,1482,3038,1214,1290,1405,1367,1671,1668
1099,74,37,34,38,114,110,150,145,71,30
1100,2967,1125,1241,1239,1166,1203,1204,1163,1278,1276
1101,2207,2167,2244,2959,2243,2246,2320,2283,2205,2360
1102,1150,1115,1148,1153,1155,1075,1194,1188,1226,2936
1103,1669,1783,1706,1671,1668,1631,2052,2051,2048,1710
1104,1115,1150,1075,768,2936,809,1153,1039,1232,1035
1105,1358,3004,1161,1395,1123,1197,1198,1159,1196,1055
1106,1205,1165,1228,1167,3008,1166,1200,1190,1150,2967
1107,2700,2666,2782,2781,2739,2779,2663,2704,3018,2665
1108,1438,1399,2128,1361,2200,2161,2162,2163,1440,2203
1109,1071,1073,1112,1110,1114,1109,1113,1077,1075,1116
1110,2956,1668,1671,1672,1709,1708,1634,1670,1748,1785
1111,1854,1245,1815,1776,1130,751,1587,1167,1055,1738
1112,1040,2105,2228,2151,2190,2149,2299,2219,2150,2113
1113,2131,913,647,954,2130,2168,1940,1941,1903,2169
1114,686,647,3026,609,3023,648,685,687,725,649
1115,2408,2366,2369,2371,2370,2227,2409,2329,2448,2105
1116,2967,1201,1199,1391,1009,1241,1316,1279,1239,1353
1117,239,237,136,204,478,172,240,312,238,273
1118,1596,491,2970,1556,415,416,492,1630,1593,341
1119,1821,1824,1859,1938,1823,1557,1558,2240,1975,798
1120,2730,2731,2729,950,2540,2732,2938,646,2691,682
1121,1054,1053,1738,1055,2081,1093,1661,1737,1131,747
1122,1522,1255,1524,1483,1028,1485,1486,3034,1521,1294
1123,1175,1212,1213,1216,1250,1214,1174,1215,1177,3014
1124,2124,2048,2047,1292,2163,2086,1669,2050,1291,2013
1125,224,189,151,300,379,225,227,265,188,304
1126,1591,1553,1705,1667,1596,1592,2989,1629,1515,1555
1127,2189,2256,2188,2152,2115,2149,2260,2151,2190,1954
1128,2239,1823,1859,795,2201,2242,1861,1862,2240,2618
1129,1077,2949,1075,2936,1116,1384,1118,1146,1112,1114
1130,478,367,438,404,476,401,403,443,366,439
1131,81,44,88,49,41,53,2928,78,45,93
1132,1148,1152,1226,1113,1154,1150,1114,1109,1192,1228
1133,1270,1035,1150,1307,3035,1306,1265,1153,1193,1037
1134,764,728,726,762,763,765,729,671,725,687
1135,801,844,807,802,838,839,876,841,845,840
1136,400,362,440,2995,326,325,247,361,328,402
1137,416,414,415,376,378,417,2935,263,340,301
1138,790,829,751,1130,2233,791,789,677,3029,754
1139,2415,931,896,934,1242,1241,1239,932,2492,1240
1140,2887,2836,2752,2845,2830,2757,2755,2753,2793,2711
1141,684,683,646,682,642,603,680,645,607,643
1142,324,247,286,255,3009,327,323,291,362,365
1143,369,1128,1129,2532,478,3017,444,1200,162,482
1144,2219,1995,1994,1691,1772,2033,1954,2037,2035,2074
1145,2941,781,709,1093,673,1394,1391,782,777,712
1146,1292,1402,1212,1175,1290,1328,1253,1748,1405,1785
1147,796,1176,1099,1097,1063,798,1098,1212,1250,1175
1148,1452,1687,1686,1185,1148,1643,1682,1950,1725,1417
1149,873,874,1252,608,646,644,3016,912,1214,605
1150,2967,1205,1049,1394,1166,1241,1239,1242,1204,1203
1151,1214,1291,873,874,1252,1292,912,1328,1253,1215
1152,683,988,2124,684,1367,2163,2203,760,719,1292
1153,1064,1102,1063,1101,1024,1062,1026,1025,1021,1097
1154,1292,1099,1097,1406,1329,1102,1063,988,1367,1291
1155,1328,1251,1290,1327,379,1252,1254,2658,2696,1289
1156,267,229,571,270,953,990,269,268,191,573
1157,2967,1237,1241,1239,1204,1203,1274,1235,1277,1278
1158,263,340,378,342,379,304,265,225,301,341
1159,1405,1783,1668,1367,1671,988,1744,1746,1402,1708
1160,1124,1737,1152,1122,1433,1158,1157,1115,1691,1432
1161,2960,1940,1978,1901,1903,1939,1941,1942,1866,2092
1162,1253,3038,1291,1252,1368,1292,1214,1290,1251,1329
1163,1254,1250,1175,1212,836,2943,1176,1289,1328,1216
1164,937,975,936,935,974,896,1239,1241,1242,900
1165,1099,1442,1097,1406,1329,1063,1098,796,1444,1330
1166,607,608,3016,646,682,644,605,567,643,569
1167,708,742,778,743,746,780,709,1049,1011,777
1168,671,636,707,633,669,121,478,710,709,599
1169,1367,1364,1402,1292,1099,1363,1025,1026,1062,3038
1170,438,476,403,401,365,362,2995,366,367,364
1171,478,443,516,514,707,403,1053,633,739,703
1172,1071,1110,1073,1072,1115,1114,1078,1109,1121,1075
1173,2990,2323,2322,2371,2369,2408,2366,2362,3015,2326
1174,918,956,1222,1228,1230,1034,1190,1150,1270,1193
1175,1861,2240,2239,1858,1821,2278,1899,795,1938,1823
1176,1405,1671,1367,1668,1706,1783,1666,1669,988,1746
1177,379,1557,341,377,454,1632,2989,3030,1251,1596
1178,835,797,836,757,798,832,873,912,3016,988
1179,798,1250,492,2943,836,341,1254,494,831,646
1180,924,851,884,921,885,922,847,2175,961,1949
1181,263,265,340,301,303,378,264,342,379,414
1182,38,34,19,54,23,28,25,52,32,20
1183,328,291,362,365,2995,364,172,359,326,312
1184,949,1249,1022,984,1400,1364,1326,982,987,2046
1185,958,883,998,1038,1228,886,921,884,997,1302
1186,164,3012,163,162,134,166,165,120,170,168
1187,2847,2850,2242,2809,341,2239,2772,379,416,2318
1188,1215,1254,1135,830,1211,1249,831,906,1214,1253
1189,873,874,872,646,644,912,608,1253,1215,1214
1190,836,1102,1177,835,873,874,379,870,909,2620
1191,2124,1744,2163,1746,1402,2047,2048,2544,1026,2543
1192,1027,1255,951,1028,1218,1217,1031,1256,1257,991
1193,809,922,919,1150,1115,883,2936,889,920,1075
1194,304,263,303,342,225,227,265,266,301,340
1195,2967,1237,1205,1241,1239,1203,1204,1274,1235,1278
1196,2728,2767,2729,2689,2768,2772,2545,2584,2695,2730
1197,1028,991,1977,2015,953,1218,2053,951,2960,1181
1198,1809,2149,1767,2150,2114,2113,1316,1239,1241,1279
1199,2809,2847,2882,32,66,2735,2751,2812,2884,2885
1200,2548,2586,2509,2549,2625,2588,2587,2591,2627,2589
1201,2512,2433,2471,2513,2511,2588,2472,2510,2547,2550
1202,1188,992,1031,1030,1230,1147,1184,1148,954,1222
1203,1315,1279,1316,1205,1012,1276,1277,1278,2967,1314
1204,1086,1013,1391,1088,1049,1390,1392,2941,1127,1051
1205,172,1125,824,2941,789,3029,406,822,786,785
1206,2767,2768,2772,2773,2728,2769,2731,2689,2597,2729
1207,1245,1282,2994,1283,1206,1169,2962,1246,1322,1588
1208,482,1201,585,520,481,445,556,1203,1204,589
1209,1167,1229,1504,1270,1205,1201,1230,1854,1150,1190
1210,1891,1031,1037,2270,2269,992,955,1030,2983,2155
1211,884,847,845,1991,1952,1115,2997,1913,2030,1990
1212,1708,1744,1444,1746,1707,1671,1706,1367,1668,1098
1213,683,719,760,794,721,757,720,2938,680,645
1214,341,379,1249,795,377,1019,982,1934,1933,758
1215,263,303,379,414,265,340,570,301,2935,3016
1216,1700,1083,1315,1273,1082,1047,1009,1045,1052,1122
1217,425,500,465,464,462,461,542,463,306,2958
1218,340,107,2937,302,14,339,145,299,263,301
1219,1328,1895,1820,1288,1249,1858,1327,1292,1819,1782
1220,1159,1125,1427,1431,1163,1161,1198,1197,1429,1428
1221,2943,1140,988,1330,1250,1173,1175,1212,1292,1100
1222,1305,1343,1270,1347,1199,1009,1345,1116,1077,1123
1223,2679,2597,2681,2288,2720,2721,2680,2638,2682,2250
1224,843,842,811,846,807,844,809,889,849,845
1225,1239,1241,1278,1277,1276,2967,1240,1125,1316,1279
1226,1071,1065,1039,839,1114,1109,1078,1146,1104,1332
1227,1125,1128,2977,1090,2941,1391,1394,1164,781,1700
1228,3030,1823,1557,1900,1862,1861,1213,1860,1937,1936
1229,120,156,157,153,116,154,155,158,122,118
1230,1445,1333,1522,2132,2133,2170,2094,1559,2017,2168
1231,74,38,37,34,114,145,150,379,109,36
1232,340,263,301,2935,378,342,376,416,415,414
1233,670,556,589,1049,1011,740,1315,701,558,806
1234,1409,1408,1410,1220,1407,1371,1217,2951,1370,1255
1235,1126,1089,1125,1394,1351,1391,1052,1428,2977,1090
1236,437,161,438,160,168,476,475,201,401,511
1237,2937,14,38,34,16,23,36,18,2957,187
1238,720,757,719,760,756,796,645,798,681,2048
1239,907,1515,831,908,604,1705,983,1667,1974,1897
1240,379,528,795,341,1557,377,454,1976,1897,1972
1241,2644,2682,2681,2643,2680,2645,2641,2721,2642,2639
1242,212,173,213,442,403,174,443,406,133,367
1243,953,992,1030,989,951,954,990,952,991,993
1244,2022,2068,2067,2219,2070,997,998,2104,957,731
1245,422,312,350,424,351,388,311,3032,275,425
1246,2847,2807,2882,414,684,2843,2805,683,2850,494
1247,224,2957,148,262,302,299,190,113,151,189
1248,459,497,498,460,3024,343,382,3011,420,344
1249,657,658,621,661,691,660,618,662,619,659
1250,760,1363,1026,1820,1783,758,1401,1706,1364,796
1251,796,1098,1367,1140,1062,1063,1102,798,1178,1099
1252,1311,1309,1662,3004,1071,1358,1385,1549,1434,1280
1253,1043,1115,2936,1075,1073,1072,1093,1112,1118,1114
1254,120,122,164,156,3012,437,163,153,125,154
1255,1110,1109,2936,1075,1071,2949,1073,1385,1384,1072
1256,382,343,422,3024,497,3011,381,2978,419,420
1257,2543,2544,2545,2584,2691,2580,1026,2546,2508,1102
1258,1031,953,1030,1028,951,955,992,991,1070,2246
1259,1181,1183,1147,1148,1180,1409,1219,1408,3039,1218
1260,1274,1235,1243,2967,1238,1202,1205,2994,1237,1125
1261,1685,1452,1679,1720,1642,1681,1686,1724,2219,1683
1262,1891,2963,1133,829,1893,1216,1175,1212,1213,1250
1263,2316,2315,2317,2354,2279,2313,2242,2240,1897,1935
1264,1557,1671,2009,341,1708,1898,1936,1937,1897,1972
1265,3016,644,608,567,1596,605,646,1594,1555,1633
1266,888,2602,2603,844,807,2565,2642,882,2604,2521
1267,2471,2512,2472,2475,2598,2513,2433,2511,2601,2478
1268,2165,2127,2203,2166,2163,2090,2087,2950,2125,2124
1269,1964,2118,2003,2421,2081,2460,1181,2420,1965,1773
1270,2684,2724,2686,2645,2687,2726,2560,2722,2685,2647
1271,1291,1292,1329,1367,1252,1330,1064,1368,1251,1290
1272,481,556,590,588,514,443,517,3017,550,596
1273,1252,1215,1289,1216,1214,1251,1290,1213,1327,1520
1274,673,709,484,523,514,443,407,409,675,483
1275,1093,1130,1205,1245,3004,1017,1018,1016,2004,788
1276,1459,1533,2949,1537,1574,1460,1613,1644,1646,1611
1277,37,304,225,38,719,114,74,303,150,71
1278,1130,1168,1345,1129,1093,1442,1406,1738,2947,1196
1279,1216,1032,1175,1212,1213,3014,1177,1174,995,1270
1280,1148,1383,1188,1150,1109,1375,1153,1185,1147,1337
1281,1998,1961,1959,1921,1962,1963,1956,2002,1958,2946
1282,2261,2648,2302,2264,1093,2349,3000,2485,2303,2298
1283,682,1254,1631,3038,643,684,985,1668,1706,1596
1284,2188,2189,2115,2228,2227,2151,2149,2190,2116,2075
1285,1270,1228,1230,1190,1150,2936,1193,1226,1075,1188
1286,1783,1444,1744,1748,1442,1786,1745,1063,1443,1743
1287,1629,793,1742,1782,1781,1747,1330,1744,1741,1400
1288,1431,1389,1159,1196,1055,1738,1315,1391,1351,1394
1289,1205,2967,1167,1283,1208,1435,1206,1203,1204,1241
1290,1440,1150,1405,1442,1739,1438,1192,1230,2219,1148
1291,2114,2075,1995,2076,1883,2258,1771,1963,1994,1691
1292,2875,2841,2751,2839,2712,3028,2874,2838,2677,2793
1293,896,558,824,784,3029,703,633,741,898,1205
1294,2767,683,2938,29,26,988,379,793,2769,2728
1295,3030,1213,1520,1824,873,874,1558,912,1252,1823
1296,134,170,132,136,95,174,135,131,96,168
1297,1860,758,1520,1709,340,1822,263,301,3014,1558
