,Ama,apt,CG10479,CG43394,CG8147,D,edl,ftz,h,Ilp4
,ImpL2,Kr,noc,odd,prd,run,toc,Traf4,trn,tsh
1,139,133,177,178,215,145,135,134,170,282
2,2941,784,785,782,781,815,816,819,783,813
3,66,1119,1099,1039,1115,888,811,29,27,1438
4,477,513,515,198,234,58,57,56,5,53
5,66,2941,926,721,12,18,24,27,29,32
6,851,785,820,2521,818,2941,2727,1954,1691,1820
7,66,109,108,111,144,259,29,12,18,24
8,150,71,112,114,222,2933,70,109,111,108
9,999,2244,2205,2192,992,993,1255,1031,1939,2197
10,4,34,38,74,14,69,680,145,218,220
11,143,66,11,16,30,29,27,12,18,24
12,1009,1199,935,738,1310,1201,1272,969,1004,1041
13,2949,1039,1073,1741,1070,1072,851,785,1029,820
14,121,2233,288,255,253,322,321,283,123,162
15,75,71,112,38,452,414,225,264,301,266
16,2890,2891,2855,2854,2838,2834,2876,2877,2889,2892
17,2944,1592,1591,1213,1551,1590,1515,1554,185,190
18,1450,1371,1407,1224,1220,1187,1222,1639,1219,1183
19,1154,1402,1153,1155,1157,1691,1116,1160,1113,1151
20,380,660,657,267,414,452,230,270,153,154
21,1071,1076,1112,1116,1151,1113,1121,1120,1072,1073
22,1740,1091,1738,1703,1361,1700,1701,1128,1437,1119
23,1064,758,882,1024,1063,1480,1098,1442,2938,818
24,221,1590,1551,1173,1591,106,139,177,178,257
25,74,34,16,11,30,107,37,6,68,69
26,403,406,444,443,442,479,408,333,474,175
27,177,139,178,215,133,285,365,364,327,135
28,1518,1519,1250,1167,1477,1040,1479,1176,1137,1517
29,1799,2057,2065,2284,2799,2719,2723,2764,162,123
30,1402,1149,1096,1226,1191,1129,1192,1189,1782,1154
31,2650,1817,1820,1328,1327,1362,2009,2619,1954,2727
32,2851,2710,2982,2673,2664,2661,2674,2663,2718,2717
33,291,292,328,3009,2271,178,139,177,2233,249
34,1954,1154,1691,1160,1157,1116,1151,2257,1113,2219
35,452,414,450,486,66,416,415,417,380,372
36,474,73,64,179,256,75,263,265,340,23
37,486,521,451,621,656,488,485,380,528,532
38,1139,3014,1174,1177,832,1216,1173,988,1063,797
39,290,244,245,105,436,395,170,29,143,134
40,2809,2811,1978,269,659,79,115,155,156,685
41,2081,1950,2691,2653,2692,2652,2654,2651,791,2032
42,1119,847,752,781,782,784,785,811,820,1039
43,678,639,676,602,601,716,257,947,638,946
44,2767,2763,1830,1029,1335,1336,1338,2768,1065,2723
45,2081,1748,1786,1785,1185,2083,2127,2165,2166,2203
46,1819,1744,1812,770,1820,380,1025,1062,2619,1683
47,1321,637,1625,1623,1322,1624,709,1013,1319,174
48,929,930,927,931,932,964,820,785,896,249
49,1806,1810,738,441,1009,198,234,477,479,513
50,673,776,741,778,743,775,1599,1637,1676,1402
51,183,2848,2849,2850,2846,2842,2812,2807,2805,2803
52,37,107,2802,2632,2880,2882,2926,34,74,71
53,805,1059,843,771,776,775,743,778,741,887
54,194,118,195,164,163,120,130,159,165,166
55,565,567,604,644,608,605,148,187,640,151
56,295,256,179,330,331,332,366,368,293,327
57,1740,1091,1738,1701,1700,1119,1361,1437,1115,1703
58,380,2589,2583,486,341,2356,770,2660,1025,1062
59,1884,2317,2315,1972,2621,1935,1937,1976,2656,2615
60,479,476,438,251,401,403,441,319,356,2973
61,2081,841,676,2501,791,2768,801,803,1723,2651
62,696,693,694,524,525,494,526,489,529,341
63,73,37,107,172,212,213,64,138,145,34
64,2989,909,1042,1035,1040,1037,2291,1620,2188,2189
65,357,397,465,399,463,99,96,396,319,356
66,34,74,2880,2882,2926,105,31,72,2634,11
67,1954,1691,2257,2219,1683,2256,2260,2258,2295,1995
68,2843,2887,2801,2799,79,96,115,155,156,269
69,1329,1292,1330,988,1291,1744,1747,1062,1025,2949
70,1950,2600,2032,1990,1948,2566,1952,2565,2562,1988
71,2584,1480,380,2635,70,759,882,851,828,341
72,1744,1402,1098,1442,1367,1405,1119,1099,1115,1782
73,173,246,207,211,210,2800,135,212,172,213
74,1738,1091,1473,1661,1737,902,1128,1167,1196,1245
75,1721,451,1251,1668,1482,2585,1024,2589,1405,1367
76,2810,2767,1950,2636,2680,2681,2683,2720,2765,2768
77,2733,2693,2695,2655,2770,2732,2691,2653,2689,2654
78,2620,999,2151,2152,2154,2190,2113,2149,2150,1040
79,676,641,716,680,714,780,678,806,748,777
80,2870,464,1038,2326,2327,2364,2367,2845,2853,2861
81,2540,987,1023,947,948,1026,1440,1744,1478,1025
82,735,733,697,589,699,702,703,734,738,632
83,707,807,710,983,1058,1060,808,777,671,773
84,154,192,153,230,270,50,46,194,155,115
85,1368,988,1329,1292,1330,3038,1099,1119,1253,1744
86,1024,1400,1365,1077,1404,1403,1366,1690,1021,1668
87,486,523,451,521,621,656,485,488,414,452
88,153,154,192,230,270,879,954,533,609,610
89,89,83,99,97,2815,2953,3018,273,516,70
90,910,1250,908,872,871,869,66,1061,1592,2943
91,43,94,550,57,58,56,5,53,45,46
92,110,259,37,107,152,263,265,340,106,145
93,183,1139,146,1174,1177,3014,97,1138,149,184
94,2659,2660,1821,1972,2317,2697,1975,2318,1935,1937
95,2734,2698,684,638,414,452,721,842,2728,760
96,2727,715,788,2732,2559,2521,749,2562,2515,851
97,3038,1559,1333,1405,1367,1446,1338,1335,1336,1668
98,2636,2632,2802,2675,2674,2759,2637,2679,2678,2638
99,2330,2368,2293,2331,2979,1800,995,996,994,2029
100,1634,2996,1631,1632,3038,1520,2956,1672,1668,1482
101,1055,1093,1131,747,1020,1053,2525,1054,1092,749
102,1213,3030,2310,1931,3014,146,1214,1592,762,7
103,3038,1253,1039,1593,988,1368,2943,1329,1292,1330
104,486,488,485,1989,2031,656,521,451,621,1723
105,12,24,18,32,68,70,34,35,38,71
106,1181,1741,1136,1450,1180,1182,1129,1222,1187,1639
107,550,441,439,43,94,583,305,308,198,234
108,1252,3016,2589,1860,3030,2585,912,874,873,1215
109,1031,1775,1030,1070,1069,1034,1035,1040,1068,1494
110,684,1634,2996,1672,643,2956,682,1668,2013,1822
111,1153,1155,2949,1154,1077,1690,1150,1119,1115,1305
112,878,916,914,837,875,876,801,877,913,838
113,1634,1214,1860,1632,3030,1520,1252,911,1672,2956
114,212,213,172,37,107,173,207,211,210,246
115,777,1625,1663,1661,714,676,1623,709,1013,1322
116,1954,2254,2252,2179,1183,3039,1411,2560,1185,2521
117,1573,1047,1013,1616,1045,1011,1623,2977,1480,1064
118,2597,2557,2594,2593,2680,2681,2767,2595,2634,2596
119,2977,1076,1310,1117,1080,1114,1152,1158,1073,1072
120,2104,2405,2327,2360,2322,764,2367,3015,2326,2445
121,1196,935,1199,1045,1047,1011,1201,1272,1236,1167
122,486,1723,1721,1989,2031,451,656,521,621,2585
123,1128,1437,1741,1395,1052,831,1091,1738,1323,1157
124,837,875,876,1606,1181,1457,1186,878,1188,1450
125,1588,1586,2962,1245,1587,1585,1269,1306,905,941
126,406,444,443,442,550,61,483,446,441,403
127,1214,1252,2989,1213,1251,640,874,873,912,1215
128,645,756,684,110,1558,2773,2774,719,225,641
129,1629,1741,1285,1628,1341,1071,1104,1359,1323,1319
130,1076,1013,1120,1121,1363,1364,1401,1704,1667,1666
131,999,2151,1177,2150,1038,1174,2620,960,961,2113
132,38,35,32,68,71,114,34,112,150,74
133,1041,1310,1340,1303,2975,1629,1319,1050,1082,1073
134,2629,2515,2553,2596,2551,2630,2658,2689,2690,2729
135,2354,265,340,263,2394,2355,378,266,302,301
136,1596,1251,1555,2970,1594,910,3038,1252,1254,1253
137,1755,1758,1759,1760,1761,1796,1723,957,1481,2583
138,2167,2206,1978,2207,1939,2169,1712,1673,1980,1979
139,2658,2984,1822,2657,2660,2659,2696,2735,2734,2698
140,337,372,448,540,297,335,373,410,411,412
141,949,643,950,682,1291,1822,988,1480,684,263
142,2777,2814,1572,1574,1537,1576,1580,1269,1306,1535
143,28,104,33,22,52,335,412,70,805,9
144,1245,1588,2962,1586,2737,1250,1284,1592,1585,1205
145,1862,1823,342,2585,3014,532,528,1894,1859,569
146,342,148,151,187,189,188,223,224,416,415
147,1472,1136,1059,1129,1057,1138,1128,1437,1361,1703
148,2630,2592,2591,2631,2597,2594,2593,2557,2628,2847
149,749,2941,782,781,785,748,711,788,747,820
150,1444,1406,1748,1785,1786,1405,1367,988,1329,1292
151,71,114,112,150,222,2933,76,108,144,109
152,1099,760,486,889,887,1783,1194,756,1136,1706
153,791,713,680,716,751,715,641,676,790,714
154,104,73,105,71,112,114,150,222,2933,64
155,1171,1550,1549,1512,1510,1511,1244,1207,1243,1236
156,3038,1558,2939,1783,1634,2355,1975,1785,1786,1748
157,2996,1631,3038,1669,1706,1519,1633,1634,988,1748
158,186,184,149,342,75,453,189,223,415,416
159,1251,1252,1596,2989,1290,1555,1594,2970,1557,1254
160,676,641,714,719,716,713,680,1623,748,709
161,1254,1592,1288,1596,1325,2989,871,869,872,1593
162,174,133,139,177,178,215,135,172,212,213
163,1194,1669,1706,1595,1519,1026,1744,1097,1099,66
164,1252,1214,1253,1291,1213,1251,2989,2943,910,3014
165,1558,1444,1785,1406,1786,1748,1634,2773,2774,1520
166,307,306,268,233,121,162,123,2798,2756,382
167,261,299,447,926,26,843,7,20,13,36
168,2006,2267,1932,1969,2045,945,2613,1855,2650,982
169,546,582,1854,421,545,2194,2459,380,517,2269
170,1860,3030,1252,1928,874,912,873,1215,1557,1596
171,2710,2982,2718,2717,2716,2674,2673,37,107,72
172,488,485,658,662,529,524,526,489,494,525
173,969,1004,1007,1003,831,1002,1205,1284,935,973
174,2597,2557,2594,2593,2515,2553,2634,2596,2595,2592
175,365,327,364,212,213,172,435,328,292,291
176,2485,2523,2687,2724,2524,2565,2566,1986,2487,2646
177,901,1283,2197,944,2082,2044,902,1932,2499,868
178,1946,1950,2129,2169,2600,1990,2032,1952,2562,1948
179,1139,1177,1174,3014,1821,1824,1861,1899,2276,2277
180,76,147,108,144,109,111,152,259,112,71
181,37,107,75,73,67,299,222,2933,71,114
182,1332,1331,1825,1827,1826,2053,763,1066,1065,1673
183,888,820,782,785,784,781,2941,852,817,813
184,184,149,186,75,189,187,188,151,223,224
185,12,18,24,985,70,32,35,68,1024,527
186,1701,1700,1625,1663,1661,1013,1047,1045,1011,1699
187,23,62,2976,1130,854,888,3,8,474,475
188,1807,2071,2072,2073,2335,2337,2377,2376,1881,708
189,2235,2498,2575,2159,1030,2197,2538,2539,829,2234
190,252,214,738,584,407,204,203,1009,167,202
191,1480,1095,1665,982,1703,1361,949,106,950,1291
192,342,659,528,532,685,269,183,693,694,569
193,3002,2514,3038,2734,2698,1367,1405,2355,1975,1062
194,1282,1280,1247,939,940,978,1052,285,1586,1590
195,2620,999,2152,2154,2190,2113,2149,2151,2150,1035
196,1154,1153,1155,1402,1764,1496,1266,1268,1199,1229
197,1159,1427,1196,1127,1125,1087,1122,1124,1086,1085
198,282,134,170,405,443,444,442,406,439,215
199,1801,2636,2592,2939,2633,2630,2847,2597,2679,2678
200,1679,1678,1680,1720,2524,2485,2523,1988,2687,2724
201,1566,2988,1029,1361,1703,1629,1335,1336,1338,1563
202,2197,2990,2251,2288,2022,2023,2027,2247,2248,2249
203,2791,2793,2790,2751,2749,2704,2712,2666,2700,2739
204,3038,2996,1595,1631,1558,1669,1634,1706,1633,684
205,1196,27,239,969,240,1004,241,279,242,1159
206,660,657,662,658,621,656,2029,651,688,661
207,1093,1965,2557,2593,2594,1074,1660,1658,2637,2638
208,372,75,337,299,448,26,447,409,46,446
209,1812,1854,1849,1167,1771,2580,1747,1819,1230,1824
210,2855,2854,2838,2834,2876,2877,2889,2892,2893,2894
211,1799,1801,2801,2799,2633,2723,2637,2638,2679,2678
212,451,684,266,302,375,264,304,303,301,225
213,479,440,23,62,401,403,438,441,476,2976
214,340,265,263,299,266,302,304,264,378,301
215,285,255,288,253,1247,133,139,177,178,215
216,2566,2565,2684,2604,1907,1910,2647,1869,1949,2525
217,1982,617,2285,2018,1984,480,549,770,738,2062
218,1252,1214,2989,1213,874,873,912,1215,1253,1254
219,178,139,177,133,215,1245,288,255,253,174
220,2721,2800,2676,2720,2639,2683,2681,2680,212,172
221,1099,1119,1115,66,3038,1039,1059,1744,1061,888
222,298,680,716,260,678,602,601,676,259,714
223,2419,2107,2186,1838,738,2071,2072,2073,2335,2337
224,1972,1976,1935,1937,2315,2317,2660,2659,1821,2615
225,2619,2366,2371,2369,2409,2411,1840,2448,2575,1896
226,2633,2630,2759,2637,2678,2679,2638,2675,2674,2592
227,250,249,1205,248,3009,1591,292,291,396,328
228,2619,909,1025,1062,908,871,1249,869,872,986
229,2121,2158,2120,2421,1057,1020,1131,1954,2560,679
230,1946,1950,2545,2203,2127,2165,2166,2464,1905,2733
231,1812,1854,1815,2947,1819,2580,1849,1167,1771,2115
232,14,69,34,74,38,145,4,3019,108,15
233,68,24,12,35,32,18,29,10,9,22
234,2513,2511,2510,2512,1878,1919,1877,1722,1918,1958
235,1889,867,1930,2155,865,2268,2499,2151,2113,2149
236,801,803,800,840,839,838,684,841,876,642
237,763,2447,761,1716,1068,1030,1752,765,1069,1070
238,989,1258,1294,1369,1256,1180,1255,687,990,1181
239,1558,1444,1406,1481,66,1178,1140,1519,3030,29
240,183,415,416,340,265,263,342,151,226,2624
241,1946,2169,2206,1950,2129,1943,1942,1941,1681,2562
242,2527,2834,2838,2854,2855,2876,2877,2889,2892,2893
243,3011,3024,419,458,460,423,535,497,457,495
244,1634,1748,1786,1785,1406,1444,1367,1405,2996,1330
245,716,790,749,680,718,2159,2119,106,676,677
246,2365,540,1752,1790,610,609,533,153,230,270
247,3038,2996,1368,684,1634,1631,1253,950,1291,1595
248,598,527,1894,1859,486,528,532,489,494,525
249,1179,1456,1223,1133,2235,2498,2121,2120,2158,2421
250,1027,1256,991,2498,2235,1932,989,1028,1713,1255
251,2423,2043,2422,1131,1474,1437,1138,1395,1472,2521
252,912,1215,874,873,1213,2989,1214,2943,1252,909
253,1292,1329,1330,1744,1747,1291,988,1786,1785,1748
254,1281,383,1509,1546,1547,1548,1585,1280,1247,1277
255,1305,1577,1579,1009,1590,2989,1473,1741,2501,3008
256,602,601,113,190,185,3013,146,1253,221,259
257,2253,2215,2560,2609,2608,2607,2567,2605,2606,2648
258,1880,1882,1924,2145,2187,2451,1885,1843,1842,1021
259,2657,1291,1822,2658,1253,1330,1329,1292,1368,1709
260,1705,1742,849,1667,1401,1704,1363,1364,1666,1013
261,2009,1954,2183,2258,2260,1995,1820,2295,1856,2182
262,2559,2519,2516,2558,2517,2518,2514,2515,2551,2553
263,2459,730,695,2331,2979,2230,2275,2291,688,2029
264,1100,1439,722,1138,1099,1368,1101,1061,1102,1170
265,2188,2189,2150,2151,2149,2113,2154,2190,2152,768
266,2459,662,658,791,485,488,655,661,449,660
267,565,567,604,605,608,644,152,643,682,527
268,147,76,2935,303,225,304,302,301,264,266
269,2644,2604,2684,2640,2603,2642,2643,2647,2487,2646
270,764,2360,2322,2407,1030,1855,2192,2293,2447,765
271,2759,2767,2636,2680,2681,2761,2632,2800,2802,2764
272,2013,2088,1822,2085,2048,2050,2518,2517,2734,2698
273,633,672,865,674,635,600,527,598,795,902
274,641,676,1138,1137,1629,143,1473,1623,1472,97
275,2169,2252,2179,2254,2461,2460,2421,2121,2158,2120
276,885,878,914,916,837,875,876,883,922,913
277,72,31,37,107,2632,2802,2880,2882,2926,70
278,259,111,109,144,108,181,182,219,218,220
279,679,747,711,755,748,792,716,790,749,714
280,2945,2980,1775,1812,1585,1245,1737,1738,1091,1817
281,259,721,109,111,144,108,145,18,683,680
282,1213,874,873,912,1215,3030,2310,1931,795,601
283,133,215,327,365,364,214,252,175,135,212
284,752,1473,788,25,1738,1091,255,288,1474,160
285,2389,2426,2425,2427,2388,680,2047,2124,2128,2084
286,178,139,177,2233,1245,1586,1588,2962,288,253
287,1365,1400,1077,1690,1115,1404,1403,1366,1024,1120
288,988,1139,1178,1140,1174,1177,3014,949,950,1137
289,194,229,618,153,230,270,154,192,50,116
290,2083,1681,1677,1903,1865,2960,1940,1686,2169,1181
291,1734,1733,1695,1697,1693,1771,851,1155,1153,1160
292,1305,21,1160,27,888,29,1402,851,1129,1420
293,1038,1001,1035,2107,2186,2619,999,1032,1036,1304
294,1255,1031,647,992,953,993,951,1265,1495,3014
295,2196,1817,2157,2159,1777,2120,2158,2121,2421,2619
296,1077,1690,1613,1660,1658,1043,1155,1153,1078,1071
297,1782,1818,1781,1437,1779,1359,1323,1362,1185,3008
298,1444,1406,1482,1668,2956,1672,1595,3038,1558,1520
299,1013,1052,1319,1082,1050,1090,1625,1629,1394,1360
300,715,882,785,784,818,783,854,2727,758,721
301,1767,1809,2291,1858,2616,1763,1765,1802,997,2152
302,884,847,2299,2295,2296,2257,2260,2258,2256,1995
303,1862,1216,1823,1859,1894,1175,1212,3014,797,1174
304,3016,642,564,563,567,565,604,644,608,605
305,2619,2660,2659,1931,2310,2694,2620,2269,2575,602
306,406,442,443,444,820,1473,249,827,967,1245
307,369,503,506,2941,1629,1131,1305,1395,405,406
308,380,265,342,263,75,378,266,264,340,485
309,1214,1252,1596,1556,2996,1253,1482,1633,1251,1368
310,1478,1328,1327,2620,1441,1784,1746,1745,1743,1230
311,2206,2167,2169,1978,1939,2079,2207,991,1946,2118
312,380,265,340,263,342,414,452,378,266,264
313,1043,1076,1699,1118,1156,1081,1740,1319,1039,1011
314,1098,1442,2544,2543,882,1063,851,880,881,1099
315,641,110,680,152,718,719,643,682,676,949
316,935,1236,596,1205,562,1048,1167,593,594,1246
317,1855,2577,1858,2616,2499,1891,1929,1856,1893,1890
318,1245,1003,1007,1284,249,250,1008,1005,1273,973
319,2150,2151,2149,2113,865,2152,2154,2190,2155,1844
320,722,1064,1097,152,12,18,24,32,68,988
321,3008,1478,1817,1587,1627,1328,1327,1209,2620,867
322,41,196,80,39,77,1,119,47,81,232
323,2630,2631,2591,2803,2805,2807,2812,2842,2846,2848
324,76,296,152,683,684,413,110,259,950,721
325,1230,1229,1190,1155,1153,1194,1149,1191,1226,1192
326,2167,2246,2206,2985,2250,1939,2207,1978,765,2247
327,1683,1687,1685,2952,1724,2949,2559,1693,1771,1954
328,1070,1033,1741,1027,1460,1029,1551,1222,1065,1066
329,1400,1365,1021,1363,1364,1116,1112,1151,1113,1362
330,643,682,263,265,340,376,339,2355,949,950
331,2943,2989,1213,874,873,912,1215,1254,3030,1747
332,34,74,11,16,30,107,37,35,68,32
333,1013,1082,1050,1629,1045,1011,1047,1052,2941,1319
334,2043,2422,2423,716,713,2047,680,2084,2389,714
335,2559,770,2519,847,2514,1954,2518,884,2517,2557
336,89,516,83,44,97,5,40,45,53,56
337,7,640,186,184,149,1253,20,13,2,36
338,679,755,792,2160,847,825,924,1954,824,2941
339,684,76,641,152,643,682,110,2768,642,680
340,1178,1140,1899,1861,2583,486,1862,656,451,521
341,2538,829,2234,2539,991,2498,2235,1028,1713,1255
342,1775,1748,1786,1785,1481,1519,1744,1783,1520,1558
343,773,810,2595,2393,1925,2265,1879,807,1881,1023
344,1405,1367,1025,1062,1668,1443,1481,1744,3038,1631
345,254,101,2973,63,103,102,255,288,253,176
346,1703,1590,1551,1740,602,601,2943,2310,1931,1361
347,1004,969,1245,1284,249,250,1002,935,2943,976
348,2697,2735,2734,2698,2090,2728,2514,2939,2355,1975
349,14,69,38,34,74,3019,4,37,107,2
350,2619,1330,1292,1329,2620,1819,1252,1824,2659,2660
351,2834,2838,2854,2855,2876,2877,2889,2892,2893,2894
352,888,851,785,820,882,788,1136,818,817,852
353,250,249,3009,248,291,292,396,328,209,171
354,631,899,667,669,701,705,706,936,700,1048
355,145,641,133,139,177,178,215,425,135,172
356,1099,1119,1115,1438,1194,1081,1136,1156,1118,1706
357,2943,1596,1252,1555,2970,1594,1250,1253,184,149
358,486,450,414,452,485,447,380,488,339,376
359,175,214,252,133,215,177,139,178,330,101
360,1858,2616,968,1478,832,1040,3001,1078,1477,1479
361,26,3033,447,483,446,29,583,10,9,51
362,2690,2729,2730,2689,2725,2733,2693,2655,2695,2770
363,75,266,264,225,450,302,304,301,303,2935
364,265,340,263,2624,378,302,266,304,303,301
365,1946,2732,1950,2600,1948,2208,1990,2032,1952,2521
366,1744,1481,1229,1167,1518,1478,1402,1153,1155,1519
367,2080,2081,2003,2040,2042,2562,2079,2118,2007,2344
368,2580,1099,889,1439,1441,1745,1784,1746,1743,1136
369,1948,1953,1949,1869,1907,1910,2178,2584,1950,2029
370,185,190,113,3013,1139,1178,1140,184,149,186
371,486,657,660,451,521,621,656,380,488,485
372,1332,1331,1065,1181,3039,1411,1183,1066,1559,1333
373,1812,1462,1458,1305,1577,1579,1420,1771,1693,2949
374,670,634,701,669,705,706,667,148,151,187
375,925,2326,2327,2364,2367,3015,2405,960,847,2105
376,601,602,563,564,565,567,644,298,148,151
377,450,452,414,486,380,485,488,339,417,376
378,160,161,512,475,275,311,312,305,308,158
379,888,1125,1161,1162,1163,1198,2977,817,1200,1470
380,3029,826,752,788,785,784,820,851,819,852
381,1007,1003,1005,1273,1279,1006,1008,972,973,971
382,75,112,114,71,222,150,2933,38,76,2935
383,1040,1042,1245,1254,768,1003,1007,1078,2332,869
384,184,149,186,342,66,185,190,113,3014,18
385,2974,2981,7,42,261,3,8,9,10,22
386,785,2941,786,172,213,819,783,709,212,403
387,2773,2774,2938,880,881,684,1444,1406,1558,263
388,1153,1155,2949,1154,1119,1077,1150,1690,1744,1073
389,2585,183,75,342,265,263,340,186,149,184
390,2200,2950,2502,2162,2163,2161,2542,2934,2125,2426
391,2691,2653,3002,2654,2651,2692,2652,2081,841,2562
392,785,172,212,213,786,173,207,210,211,246
393,1230,1034,1441,1743,1784,1745,1746,1442,1098,1229
394,684,38,3016,452,414,264,225,266,301,303
395,3030,1860,1900,1213,1862,1823,1558,1824,1520,1861
396,1330,1329,1292,760,342,1250,1253,453,1368,2938
397,2976,62,23,25,34,74,38,54,14,69
398,1063,1062,1025,1064,1097,1026,1102,1101,2355,1975
399,400,327,364,365,367,404,1245,714,2941,713
400,1744,1062,1025,1098,1367,1405,1442,1402,988,1329
401,1169,1473,902,1207,1243,1170,1137,1623,1474,145
402,342,1861,341,1899,416,415,2318,1975,453,1140
403,634,670,636,599,672,597,633,640,600,598
404,2663,2661,2664,2627,2623,2712,2739,2704,2666,2700
405,843,926,771,619,654,805,1157,1683,1691,632
406,762,2404,2403,761,725,723,1751,2986,1825,1827
407,2695,2733,2655,2770,2693,2728,2734,2698,1946,2696
408,75,403,2800,109,111,144,108,550,367,216
409,405,439,406,442,443,444,175,84,93,259
410,1167,1091,1738,632,1047,1045,1011,1199,935,1812
411,2105,2662,2446,1840,2227,2228,2229,2366,2369,2371
412,693,694,569,570,526,529,524,489,525,494
413,832,1592,1250,836,835,1205,1175,1555,1594,2944
414,1634,949,950,684,2996,1482,982,1631,1632,1520
415,2926,2880,2882,105,2802,72,31,2632,2800,2804
416,3033,196,231,158,191,617,77,583,157,50
417,832,796,1517,1477,1479,1176,1894,1859,795,1175
418,2228,2227,2229,2105,2371,2369,2366,1840,2446,2409
419,2758,2760,14,54,69,34,74,145,4,2844
420,1365,1400,1021,1073,1072,1362,1116,1151,1120,1121
421,1894,1859,1481,2583,486,1519,451,656,1862,521
422,588,551,517,407,446,483,521,444,443,442
423,1558,265,340,263,380,342,1178,1140,1482,2585
424,3038,66,1519,451,417,339,70,376,152,259
425,154,192,153,230,270,194,79,115,155,156
426,2939,808,777,2763,641,643,682,676,707,710
427,2197,1030,2313,2499,1753,2498,2235,1855,2159,2083
428,2233,896,396,967,1205,1473,826,3029,2195,523
429,2956,1672,1668,1291,1822,2734,2698,3038,988,1708
430,447,373,481,445,410,411,297,449,450,617
431,2619,2660,2659,2620,2694,1819,1858,2616,2697,2198
432,1137,37,107,832,145,31,72,110,797,835
433,1783,988,1824,1444,1405,1367,1406,1748,1786,1785
434,369,405,395,436,371,503,406,442,443,444
435,291,292,396,328,3009,1308,1205,250,249,1591
436,1309,1312,1008,973,972,1279,1005,1273,1006,971
437,1196,1048,1467,1469,935,1046,1047,1045,1011,1236
438,1229,1481,1167,1518,1744,1478,1519,1199,3014,1062
439,910,909,908,869,871,872,1249,986,874,873
440,263,340,265,299,264,225,266,301,303,304
441,2206,2016,1713,688,1978,1939,2207,2282,651,2169
442,806,1043,1115,808,777,1013,1047,810,773,1076
443,1217,1218,1449,1448,1447,1445,1181,1219,1331,1180
444,1214,1482,1822,643,682,1520,949,950,1291,1480
445,1738,1091,1740,785,782,784,820,781,752,1128
446,2106,2537,2614,1030,2322,2360,2407,2577,1821,2659
447,450,417,372,339,376,337,86,66,380,485
448,1253,1254,1368,2943,910,1214,1252,1592,1288,1291
449,1040,1078,1003,1007,1012,1275,1311,1613,1315,1214
450,1817,2532,1818,1779,2196,2650,2575,2197,1855,2619
451,1249,1288,2989,906,1287,1324,1326,1035,1010,1589
452,1250,3014,988,1568,1444,1406,1098,1292,1330,1329
453,1596,1594,2943,2970,1555,2660,2659,1443,1710,1367
454,2292,2333,2334,2372,1847,1856,1886,1885,1846,2332
455,365,364,327,366,331,330,215,133,326,289
456,686,3026,528,532,489,494,525,570,524,526
457,824,862,482,518,520,407,864,789,792,755
458,1072,1073,2763,982,97,273,275,311,312,313
459,1091,1738,1740,1663,1661,1700,1128,1437,752,1361
460,172,213,212,199,171,244,245,819,135,174
461,709,710,707,749,2941,777,781,782,785,711
462,196,77,158,231,191,26,50,157,514,3017
463,716,1740,1091,1738,1737,2119,1437,714,1703,676
464,2633,2630,2637,2638,2679,2678,2592,2759,2673,2674
465,177,139,178,2800,141,216,217,140,37,107
466,77,2029,621,656,1823,1862,41,46,653,686
467,1253,1254,2943,910,1252,1214,1368,1592,7,1250
468,1028,1030,991,989,916,1255,914,954,723,725
469,77,41,1757,1792,1798,155,115,156,79,80
470,1030,762,1028,1068,761,724,2403,725,723,1568
471,926,843,1119,1812,889,809,632,1155,1153,1157
472,1001,2196,768,868,2107,2619,1000,2186,2620,2157
473,27,1091,1738,1305,1577,1579,1775,204,1245,203
474,1059,1250,1009,1288,1402,1438,1136,1666,29,1062
475,2294,807,1881,2253,1879,2255,2298,2221,2220,2218
476,2412,998,2182,2408,2410,2370,2329,2328,2181,2180
477,744,704,594,739,928,593,890,1048,1119,1166
478,929,930,927,931,932,964,966,1166,1161,817
479,2344,2607,2567,2560,2608,2609,2605,2606,2043,2422
480,760,225,264,266,301,302,303,304,450,2935
481,785,820,851,819,818,783,852,817,788,854
482,1251,1252,3038,1290,2585,1594,1555,70,1482,1668
483,299,106,110,266,264,301,225,302,303,261
484,1013,1052,1319,174,1050,1082,1321,1394,1629,1625
485,1367,1405,1443,1668,1025,1062,1744,3038,1671,1708
486,820,283,322,321,822,752,817,852,896,895
487,910,908,869,871,872,1254,909,907,1248,1286
488,888,1125,1161,2977,1162,204,203,202,817,1136
489,1824,1252,1860,3030,1555,1594,2970,1482,1253,298
490,2282,2016,650,615,614,613,612,573,572,2054
491,1024,12,18,24,32,68,987,1064,70,2559
492,2806,2769,2772,2766,2635,340,265,263,75,2632
493,575,576,580,2359,2402,2436,2509,1833,2552,2396
494,1452,1460,1416,1417,1413,1185,1070,1073,1072,1033
495,1820,1817,2157,1724,1685,1954,1782,1781,1818,1779
496,298,260,259,148,151,187,188,189,223,224
497,1839,2368,2356,1229,2583,1481,2275,1494,1034,2291
498,2845,2883,105,2925,2920,2916,2919,2926,2917,2897
499,1613,1315,1075,1012,1275,1311,968,2393,1846,1078
500,249,250,973,1008,1005,1273,972,1006,1279,971
501,171,244,245,1009,831,133,215,1013,172,212
502,37,107,75,38,2933,71,150,34,222,114
503,1169,425,422,350,327,364,365,462,1131,133
504,1329,1330,1292,1822,926,988,3014,1783,1744,1721
505,747,711,748,2343,2420,1131,749,825,1128,714
506,3038,1706,1669,1368,1710,2996,1668,1672,1291,2956
507,1645,1039,1748,1786,1785,1367,1406,1405,1444,2949
508,1173,1210,1211,464,1177,1174,1172,1038,870,835
509,2245,1983,2243,992,993,2235,2498,2576,2236,2083
510,2208,826,2108,1615,1160,1658,1660,776,3029,780
511,785,820,178,139,177,788,25,285,255,288
512,776,808,780,707,805,710,641,806,643,682
513,725,723,687,990,1788,1789,1749,1750,1787,762
514,1200,1129,1125,1199,1472,1013,1163,1198,1162,1161
515,2169,2167,1988,2482,1718,2246,2083,2442,1866,2129
516,161,160,165,166,132,131,159,130,157,164
517,172,212,213,171,245,752,199,173,784,785
518,3016,149,184,186,640,642,605,608,604,644
519,380,342,265,340,263,75,452,414,2632,378
520,2965,618,229,447,297,617,373,661,410,411
521,2559,2949,143,204,1039,97,851,818,1130,854
522,104,70,73,64,67,138,722,12,18,24
523,2719,1953,25,2030,923,924,51,883,922,1954
524,1333,1559,1065,1331,1332,1029,1068,1066,1183,3039
525,1860,3016,797,2996,642,567,565,605,608,604
526,1052,785,782,781,1090,1360,1358,1394,813,252
527,2979,2331,1811,2275,2291,2029,2028,2204,998,1852
528,223,224,189,226,188,148,187,151,227,228
529,784,752,854,788,785,820,1091,1738,749,1130
530,405,404,367,503,506,327,364,365,369,175
531,1120,1121,2996,1071,1341,1076,1356,1353,1352,1350
532,1516,1209,1514,1476,1210,1211,1554,1515,1172,870
533,785,252,175,214,749,2941,783,819,854,782
534,1844,1634,2088,2013,1632,1822,911,1672,2956,1613
535,12,18,24,32,68,70,34,35,38,71
536,2719,235,478,25,506,2639,61,409,514,3017
537,309,1130,1472,1623,1473,204,174,1091,1738,1333
538,878,837,875,876,914,916,879,913,954,877
539,384,386,347,385,387,95,168,169,131,132
540,1282,285,288,253,255,1245,1247,139,177,178
541,1597,1635,1181,878,1638,1903,1865,1639,837,875
542,801,1716,878,1818,1779,800,914,916,837,875
543,2910,2737,2953,3018,2815,2777,2814,2816,2817,2818
544,1157,1120,1121,1080,1117,1114,1437,1119,843,1090
545,683,684,759,2351,2390,721,719,643,682,451
546,2269,2310,1931,1777,2320,221,768,2105,298,342
547,2917,2919,2923,2920,2925,2897,2719,2916,105,64
548,2989,1254,909,948,947,1288,1592,1557,1596,874
549,2710,2672,2677,2715,2754,2668,2713,2714,2753,2755
550,181,182,219,218,220,258,177,139,178,259
551,1230,1229,1026,999,1190,961,1177,1174,1155,1153
552,684,2996,643,682,1631,1634,642,1669,1706,1368
553,752,259,143,170,133,257,215,134,106,790
554,918,1914,2143,921,2182,2183,1953,2009,2445,956
555,1121,1120,1152,1080,1117,1114,1158,1115,1076,1051
556,2559,2949,143,1070,1039,1020,818,34,74,145
557,1888,2191,2231,2494,2495,2572,2940,1231,1267,2456
558,2992,1265,1495,1522,1486,1257,1178,1140,1445,1447
559,1625,1623,1322,1624,1319,1313,1321,1360,1358,1663
560,298,258,220,218,219,182,146,181,144,109
561,2705,2701,2702,2703,2706,2707,2708,2740,2665,2670
562,2621,2656,2316,1936,1858,2616,2199,2051,2393,2620
563,1014,900,938,977,865,936,937,899,976,2910
564,2723,2720,2683,2680,2681,2767,2645,2602,2764,2761
565,38,3002,818,2,13,15,17,20,26,36
566,3016,605,644,608,604,565,567,642,646,607
567,1481,1473,1518,3014,1099,1216,1230,1482,1136,1181
568,2731,2555,2736,2596,2600,2623,2627,2926,2704,2712
569,1183,3039,1411,1181,1185,1410,1408,1409,1369,1180
570,1985,2024,673,2767,1714,1721,1723,2206,1979,1980
571,34,74,38,14,69,15,17,2937,2,11
572,2271,866,904,2193,260,253,288,255,289,298
573,51,19,26,483,446,550,61,25,409,27
574,2944,1516,1209,1514,1476,1211,1210,1032,1036,1304
575,2376,1807,1881,2071,2072,2073,2335,2337,2377,2419
576,448,337,372,334,369,86,2928,182,181,298
577,632,629,928,591,590,704,553,554,555,557
578,1519,1482,1178,1140,1481,1558,1520,797,1175,3014
579,800,1712,2197,1673,1711,2499,840,839,838,678
580,2117,2257,2116,2295,2219,2260,2258,2256,1691,1995
581,1009,1273,1005,1309,1006,972,1008,973,971,1279
582,2649,749,1131,1130,309,1128,752,2458,1395,96
583,2633,2630,2679,2678,2638,2637,2759,2847,2674,2675
584,331,368,332,366,330,217,216,295,327,293
585,23,62,2976,474,475,512,3,8,10,142
586,2928,86,92,91,90,49,55,48,80,39
587,2938,2597,2594,2593,2557,2559,643,682,760,2515
588,1621,1619,1615,1013,1045,1047,1011,1658,1660,1082
589,2757,2668,2713,2714,2753,2755,2797,2836,2750,2752
590,1250,453,342,298,2943,341,1175,1824,1212,190
591,949,2393,2540,2085,2595,1023,810,773,987,758
592,878,954,879,610,609,533,952,915,914,837
593,2485,2523,2687,2724,2524,2561,2598,2512,2487,2646
594,145,25,4,790,14,69,677,259,753,715
595,832,836,835,1175,1212,797,1177,1174,834,833
596,1634,1672,2956,2996,1709,1748,1786,1785,1631,1520
597,2575,2310,1931,925,221,1590,1551,2532,2269,2196
598,1332,2652,2651,2692,2654,1333,1559,1066,3002,1029
599,896,864,897,898,934,1171,790,751,253,1207
600,255,288,253,284,286,287,247,180,249,250
601,3038,684,2996,641,643,682,676,639,2768,1631
602,1784,1743,1441,1746,1745,1782,1781,1150,1643,1366
603,935,831,937,1236,936,1002,593,594,1048,2150
604,1034,1032,1036,1304,1568,1193,1230,1537,1572,1574
605,918,2182,1228,1802,997,1685,1724,1193,1149,1191
606,38,13,2,36,15,17,20,2937,75,263
607,2207,1939,2244,2205,2167,1979,1711,1980,1981,2020
608,2709,2663,2664,2661,2750,2752,2792,2794,2528,2670
609,1106,1718,2441,990,687,917,840,839,838,913
610,789,523,519,521,443,444,442,406,826,3029
611,1177,1174,832,1216,1139,836,835,1175,1212,797
612,2763,802,2547,1793,1832,2592,2636,2767,2939,807
613,2637,2638,2678,2679,2759,2670,2674,2675,2716,2717
614,2566,2604,2525,2565,2647,2646,2487,2684,2129,2567
615,342,659,528,532,685,183,269,529,526,525
616,1284,1007,1003,1254,1246,1245,869,871,872,908
617,1624,1322,1246,1320,1467,1469,1245,1473,902,1472
618,2083,1682,1453,1455,1182,917,1224,2500,2460,2421
619,2541,759,598,341,1858,2616,453,86,1975,1025
620,752,788,785,784,820,1573,1616,851,1702,1738
621,700,631,665,668,600,705,706,701,669,667
622,3002,1783,879,1367,1405,1816,2081,881,880,841
623,29,1096,1134,923,26,960,999,926,961,1102
624,2501,1138,676,641,949,950,1137,1629,1615,1473
625,140,141,216,217,177,139,178,101,63,102
626,1199,935,632,1047,1045,1011,1272,1201,1048,1167
627,149,184,186,113,3013,185,190,146,71,640
628,66,12,18,24,20,70,1061,988,1059,2943
629,1480,949,950,1291,1629,1446,1013,1214,1634,1368
630,797,908,871,872,869,832,874,873,912,1215
631,1405,1367,1668,1443,1025,1062,3038,1744,1670,1671
632,969,1004,250,249,1002,831,973,971,972,976
633,1779,1818,1437,1782,1781,3008,1359,1323,1362,1395
634,172,212,213,37,107,207,210,211,173,246
635,167,21,100,204,203,202,27,29,19,51
636,80,39,1,923,46,40,41,960,961,5
637,1481,486,1721,1367,1723,1025,1062,451,1519,656
638,476,438,404,367,401,175,23,62,403,2976
639,2540,828,831,987,2501,2541,1023,2200,2125,2162
640,109,111,144,108,450,75,339,376,145,417
641,1064,1024,1063,722,758,1025,1062,1026,987,1021
642,988,1292,1329,1330,1822,1744,1291,1747,1062,1025
643,1245,939,940,978,902,941,942,905,2962,1586
644,676,641,716,680,678,714,639,711,747,748
645,2203,2545,2127,2165,2166,2464,2081,2728,2090,2049
646,949,810,773,2595,2393,1925,2265,1879,807,2218
647,1368,1214,1291,1253,1477,1176,1479,1254,1517,1330
648,2560,2559,2521,2557,2562,2593,2594,2949,1074,2597
649,2943,66,7,20,186,184,149,13,36,1329
650,1629,1076,1071,1013,1341,1400,1073,1365,1072,1343
651,1254,910,1592,1253,1288,869,871,872,908,1250
652,542,2516,2515,2553,2376,2559,2521,2332,2261,2596
653,796,1137,832,828,962,485,488,2275,1175,1212
654,537,536,499,220,218,219,182,181,334,367
655,1743,1784,1441,1746,1745,1781,1782,1150,1366,1403
656,93,84,101,63,752,288,255,253,3,8
657,1253,1214,2943,1252,910,1254,873,874,912,1215
658,2212,1911,2170,2175,2176,1945,2134,1907,1910,1869
659,216,217,141,140,179,218,219,298,102,367
660,2159,143,2196,1741,2121,2120,2158,2421,97,1027
661,1246,1245,1048,1007,1003,1206,970,1284,249,250
662,1245,1003,1007,1284,249,250,973,971,972,1006
663,1669,1706,3038,1064,1097,1595,722,1668,1099,1710
664,954,1751,723,725,647,686,951,953,914,916
665,1154,1683,1157,888,1160,1691,1121,1120,1116,1151
666,1214,912,874,873,1215,911,950,910,909,1252
667,29,26,66,22,9,19,10,27,100,21
668,2657,1822,874,873,912,1215,1709,1213,2989,2658
669,1706,1669,3038,1064,1097,1595,722,1099,1668,1710
670,1013,1050,1082,1629,1350,1352,1046,1313,1011,1045
671,2734,2735,2698,2984,2513,2695,2733,1025,2655,1062
672,867,909,1249,948,947,911,871,869,2989,908
673,1851,2029,2330,2537,2614,652,1861,1899,2459,2583
674,256,133,139,177,178,215,34,74,145,179
675,683,718,721,719,760,680,414,452,794,2655
676,1252,3030,1860,602,601,1824,2659,3002,1214,1251
677,2275,1895,1857,1854,1229,2276,2277,2204,2583,1481
678,2600,2599,2762,1921,1959,1961,1867,1916,1956,1946
679,66,20,7,184,149,186,38,13,36,2
680,640,379,2585,2589,2657,341,602,601,986,377
681,1175,1212,1194,1195,1633,1476,1216,832,1477,1479
682,870,1177,1174,956,958,1210,999,1173,1139,1216
683,1747,1462,1458,1441,1784,1745,1746,1743,1330,1420
684,752,250,249,1002,831,832,1588,1591,1586,2962
685,441,550,2723,2720,2683,2681,2680,43,94,583
686,888,843,26,811,887,847,22,28,19,33
687,249,250,1279,1005,1273,1006,1008,973,972,971
688,139,178,177,285,253,288,255,180,133,215
689,378,339,376,417,380,340,265,263,379,375
690,1216,342,1213,1174,1177,3014,2943,1139,1823,1862
691,3014,1250,1216,1139,832,1894,1859,1517,1479,1477
692,1139,1177,1174,3014,832,1216,342,1173,1140,1178
693,474,512,475,142,109,111,507,144,108,127
694,406,444,443,442,441,407,483,446,403,550
695,2577,2619,731,2575,2105,2269,768,2230,2409,2411
696,34,74,38,14,69,107,37,2,16,11
697,1655,2084,2047,2124,2128,2389,2388,2426,2425,2427
698,714,713,716,680,678,711,748,747,600,639
699,217,216,141,140,179,219,218,479,102,63
700,133,215,175,214,252,253,288,135,174,172
701,2952,1448,1449,1447,1445,1682,1683,1450,1333,1559
702,1368,1214,1291,1252,2956,1672,1292,1329,1330,1482
703,2696,2617,2695,2770,2655,2733,2693,2658,1252,2690
704,976,1245,975,974,1007,1003,291,292,328,3009
705,2238,2579,2314,2237,2201,997,1802,1849,1264,1225
706,542,2941,335,412,2727,1131,143,21,22,2515
707,2643,2642,2603,2640,2076,2210,2075,2116,2156,1951
708,484,518,520,482,446,483,521,522,449,587
709,1130,1091,1738,1474,1132,1128,1663,1661,752,1700
710,2252,2179,2254,2299,2296,2258,2260,1951,2256,2295
711,2160,2125,2161,2163,2542,2162,2934,2200,886,2502
712,1098,1442,1444,1406,1330,1329,1292,1099,1102,1101
713,2802,2632,265,340,263,2769,75,2806,2766,2772
714,11,16,30,68,35,32,24,12,34,18
715,4,3019,74,34,38,14,69,6,15,11
716,642,646,607,603,684,638,682,643,3016,950
717,1227,1033,1069,1070,1071,3039,1411,1183,1181,1683
718,496,534,533,609,610,577,578,616,762,571
719,134,170,282,139,177,178,133,215,259,106
720,685,724,696,693,694,524,525,494,526,489
721,34,74,11,30,16,107,37,67,35,68
722,749,711,748,747,2688,782,781,714,1358,1360
723,516,41,59,5,57,58,44,56,53,45
724,2129,2609,2608,2607,2605,2606,2648,2567,2485,2523
725,1250,184,149,186,1555,1594,2970,3014,2943,1175
726,1195,1166,1157,1125,1308,1161,1038,1162,1154,1119
727,1028,1751,1027,991,1030,1787,1788,762,1749,1750
728,2013,2088,2956,1672,1822,1748,1785,1786,1709,2734
729,46,43,94,39,1,77,156,79,155,115
730,1765,1808,1763,961,997,1802,1691,1764,1496,1154
731,341,379,453,2928,86,342,380,48,494,525
732,415,416,148,151,187,188,189,223,224,226
733,1551,1590,1209,1514,1247,1513,1171,1437,2944,868
734,685,486,1721,1723,803,801,451,1989,2031,656
735,1805,1803,1804,966,932,931,964,930,929,927
736,109,108,143,111,144,183,259,97,71,112
737,1946,1950,2217,2513,1943,1687,1941,2562,2952,1942
738,298,678,260,676,677,639,641,259,569,570
739,611,571,725,459,2626,2804,499,2844,723,533
740,2569,2131,2607,2567,2608,2609,2605,2606,2648,2342
741,550,583,43,94,2719,19,51,198,234,305
742,2577,2105,2227,2228,2369,2366,2229,2371,2409,2411
743,2802,2632,2629,2354,2926,263,340,265,75,37
744,1003,1007,1048,1006,1008,1005,1273,1011,1045,1047
745,2590,2364,2367,3015,2327,2326,960,1797,961,41
746,216,217,141,140,179,218,219,181,182,220
747,2083,2458,2007,2421,2121,2500,2158,2120,2460,2461
748,133,174,135,139,177,178,215,145,172,212
749,796,2660,2659,1821,1824,1859,1894,2619,1594,1555
750,1634,2996,1482,2956,1672,1668,949,950,1291,1520
751,807,808,773,810,1076,1058,1060,983,780,2218
752,1442,1098,1101,1102,2580,1819,1099,1230,1330,1292
753,680,782,781,784,785,820,811,2941,718,783
754,647,1711,953,951,990,687,915,952,1716,2207
755,252,214,175,143,133,215,104,174,253,63
756,2723,550,441,2759,43,94,583,2719,198,234
757,2943,1822,871,869,872,1254,680,1740,1081,1156
758,2617,2086,2349,2470,2690,2689,2729,2730,1591,2727
759,2727,2233,1525,2352,2271,2388,2425,2124,2084,2427
760,1245,2943,1252,3016,1596,874,873,912,1215,1253
761,2545,2203,2166,2165,2464,2127,2198,2090,1061,2125
762,296,399,363,440,368,332,1009,214,175,252
763,2972,2320,2233,2283,2281,2062,2499,2539,829,2291
764,1039,1156,1081,1118,1740,680,784,782,781,1629
765,1402,1780,1684,1689,1148,1147,1744,1668,1400,1443
766,1230,1229,956,958,1190,1784,1743,1441,1746,1745
767,290,827,785,172,212,213,403,828,750,2941
768,2462,2424,2387,2386,2347,2348,2385,2082,2044,2007
769,2289,2405,960,956,958,1800,2326,2364,2367,3015
770,1691,1779,1818,2252,2179,2254,2421,2121,2158,2120
771,1443,1710,1519,1367,1405,1748,1786,1785,1556,1596
772,888,2941,785,782,781,820,1728,1729,1395,1131
773,988,949,950,1062,1025,1138,643,682,2540,1024
774,660,657,231,191,158,662,658,229,230,270
775,2728,2768,3038,2939,2689,2729,2730,1559,2355,1634
776,89,472,473,500,83,515,477,513,198,234
777,2390,2351,1714,1446,2087,2122,2049,2728,2126,2164
778,1825,1827,1826,2053,2206,763,1681,2167,2169,1751
779,2492,2445,2954,764,2244,2205,1840,2104,2107,2186
780,3030,1252,1213,1482,2970,1594,1555,1557,1444,1406
781,2650,2009,2046,2615,2657,2048,2050,2045,2085,2694
782,108,109,111,144,143,204,203,202,104,1039
783,2675,2674,2717,2716,2718,2982,2673,2664,2661,2670
784,868,1209,1514,1513,1516,1285,1628,1552,1475,1171
785,642,223,188,189,148,151,187,224,226,227
786,2196,2104,2411,2409,1840,2371,2448,2369,2366,2107
787,1426,1021,1057,1061,1365,1072,1073,1158,1060,1058
788,1097,1099,1063,3038,1100,1406,1367,1405,1444,1098
789,299,225,2935,76,304,301,303,264,302,266
790,1623,1740,1629,1625,143,1472,1473,1013,676,1322
791,1178,1140,486,2583,1899,1861,656,451,621,521
792,2761,2764,2806,2766,2772,2769,2635,2639,2721,2767
793,1030,1028,2407,2016,2322,2360,991,2447,498,725
794,2531,2569,2306,2440,2474,2491,1926,1927,2526,2488
795,1347,1348,1343,1050,1082,2342,708,1660,1658,673
796,2483,2520,2522,2478,2476,2486,2475,2439,2441,2479
797,645,720,758,719,1132,981,845,1170,677,753
798,1251,1596,910,1252,3038,1254,1253,1594,1555,2970
799,2167,1978,1939,2207,2206,1979,1981,2020,1980,2169
800,1034,1213,1551,1590,1216,1589,3030,1264,1225,1027
801,1704,1742,1705,1667,1401,1363,1364,1666,1021,1057
802,1367,1405,1062,1025,1744,1443,1668,1481,1721,1723
803,820,822,824,817,788,819,783,852,786,826
804,643,682,759,603,607,646,684,641,676,639
805,1658,1660,1074,2593,2637,2638,2678,2679,1047,1045
806,791,879,1871,922,883,878,2439,825,2081,790
807,896,935,831,934,1236,209,249,250,970,139
808,1948,1953,2178,1949,1869,1907,1910,794,791,1950
809,1214,1252,1860,1251,1482,989,1632,1520,1634,1823
810,1709,1403,1366,1404,1672,1822,2956,1747,1291,1075
811,949,641,911,947,948,950,987,1023,1629,2389
812,367,401,404,216,217,141,140,403,214,175
813,2969,2771,2810,2765,879,2447,2635,2766,2769,2772
814,2320,2283,2281,2018,2062,731,2205,2244,2016,768
815,1533,1532,2944,1195,1228,1439,1110,1149,2949,1226
816,402,295,361,362,325,394,363,326,323,350
817,1134,1173,1102,1101,1178,1139,1172,870,1136,999
818,288,255,253,180,247,286,287,284,750,2532
819,735,733,697,667,706,705,669,701,2619,869
820,864,232,119,143,755,792,790,145,157,195
821,2680,2681,2683,2720,2557,2593,2594,2597,2641,777
822,684,2768,2939,643,682,641,2728,2767,2635,642
823,831,2619,2694,962,925,261,2660,2659,2943,796
824,2963,1133,539,2285,2282,577,578,616,2459,2575
825,2613,911,2088,2013,946,907,1248,1286,1973,2996
826,1470,1200,888,1420,1125,1191,1192,1226,1305,1573
827,1328,1327,1709,1289,1176,1214,1213,2989,1366,1403
828,948,947,2779,863,2630,795,909,867,2591,2631
829,370,787,595,371,824,786,675,721,711,748
830,1139,999,2662,1177,1174,3014,1034,1852,998,1038
831,2950,2200,2502,2162,2163,2161,2542,2125,2934,2694
832,2619,27,2777,851,1812,2727,928,826,3029,25
833,2156,2344,2118,2079,2252,2179,2254,1643,2119,1950
834,570,569,148,605,187,608,604,644,151,565
835,2309,1445,1447,1217,1218,1448,1449,1219,2963,1181
836,989,1827,2053,1826,1825,1600,1901,1217,1218,1256
837,2720,2683,2681,2680,2721,2641,2637,2638,2678,2679
838,449,619,654,520,299,447,482,518,263,265
839,790,791,754,753,794,715,752,718,751,789
840,2237,2314,2579,2238,2201,2543,2544,2198,796,2539
841,2926,2881,2670,2884,2885,2886,2888,2918,2922,2924
842,755,792,793,449,794,828,862,824,864,407
843,1668,1708,1671,1707,1670,1669,1706,1367,1405,1780
844,298,8,3,601,602,38,146,181,182,218
845,2985,2250,2211,2026,2022,2023,2027,2247,2248,2249
846,888,843,811,781,782,784,847,809,889,817
847,66,1250,1330,1292,1329,873,874,912,1215,2619
848,1752,610,609,533,952,915,2512,611,571,1779
849,1809,1620,1767,1012,1275,1311,1846,968,1844,1003
850,789,796,824,826,3029,828,787,827,794,890
851,369,406,442,443,444,738,371,27,61,403
852,2499,731,2119,768,716,790,2320,678,2271,2193
853,2663,2664,2661,2709,2750,2752,2792,2794,2666,2700
854,450,697,339,376,407,417,447,453,517,640
855,1978,991,2576,2236,1217,1218,2167,2498,2235,1713
856,1081,1156,1118,1666,1706,1669,1364,1363,1401,1740
857,1250,1102,1139,1101,1063,910,2619,2659,2660,1098
858,2616,1858,1289,2989,1214,3001,867,1478,1328,1327
859,143,1039,108,109,111,144,259,174,1057,97
860,2659,2660,908,871,872,2697,832,1594,1555,2970
861,2156,2344,1954,2254,2179,2252,2118,2079,2560,2609
862,991,1028,1713,1255,992,993,1217,1218,2498,2235
863,1300,1570,1530,1531,1564,1565,1335,1336,1338,1563
864,2996,1631,3038,1633,1519,1669,1706,1634,684,1785
865,650,615,614,613,612,573,572,2054,2396,1834
866,2199,2622,2239,2274,2280,2618,3001,1938,2621,2656
867,1214,1213,2989,874,873,912,1215,1216,3030,1517
868,1613,1289,1346,1349,1104,1075,1287,1324,1326,1341
869,172,212,213,215,133,246,173,210,211,207
870,1821,1824,1859,1894,1755,1758,1759,1760,1761,1796
871,3038,1631,1367,1405,1706,1669,1595,1062,1025,1039
872,601,602,3016,564,563,567,565,298,642,415
873,1120,1121,808,1076,777,1686,1954,1687,2952,1157
874,910,908,869,871,872,1250,453,832,1025,1062
875,1592,1213,2943,1175,1212,2970,1594,1555,1517,1479
876,2761,2764,2721,2766,2806,2635,2772,2769,2639,2767
877,486,657,660,621,521,656,451,2804,488,485
878,1402,2975,1629,1782,1781,1154,1400,1341,1741,1071
879,407,406,443,444,442,408,371,824,445,481
880,54,2958,14,69,11,17,2976,62,23,68
881,447,449,450,481,445,373,410,411,297,617
882,2989,909,1254,874,873,912,1215,2352,2616,1858
883,2672,2677,2715,2754,2758,2760,2800,281,135,174
884,790,864,791,754,794,753,677,676,828,485
885,1250,1444,1406,1555,2970,1594,3014,1175,1212,2943
886,532,528,341,486,494,525,489,526,524,529
887,2352,833,834,1934,1897,869,871,872,908,768
888,1108,1111,1146,1384,1422,1651,1110,945,2218,2220
889,450,414,452,267,407,259,517,486,657,660
890,715,298,342,3005,2320,790,791,718,1216,677
891,445,481,239,240,242,279,241,29,27,167
892,685,486,686,657,660,656,621,521,451,488
893,2929,2582,2279,2581,2278,1938,2240,2276,2277,2578
894,75,38,71,114,150,112,222,2933,76,225
895,453,415,416,341,450,486,489,494,524,525
896,2690,2730,2729,2689,3002,602,764,2799,2801,3030
897,149,184,186,75,223,151,189,224,188,187
898,920,887,885,846,926,919,922,883,843,878
899,2547,2588,2550,2140,46,2763,43,77,94,1752
900,177,139,178,285,1586,1551,1590,1591,181,145
901,658,662,485,488,2961,624,449,487,522,657
902,784,785,820,783,819,852,817,890,854,782
903,1030,2269,1034,1568,3008,1775,1193,1230,2577,2619
904,2966,116,117,118,193,194,156,155,115,79
905,29,757,66,870,1172,1210,1211,1137,6,835
906,1251,1596,910,3038,1252,1254,1555,2970,1594,1253
907,1057,1020,29,1131,1059,143,204,1437,1128,1130
908,2580,1819,2275,1230,1441,1784,1746,1745,1743,1442
909,2909,2911,2853,2861,2862,2864,2865,2867,2869,2872
910,1936,2316,795,2656,2621,948,947,1935,1937,1898
911,1623,1439,1039,1740,1358,1360,784,785,1625,1551
912,2942,764,2624,1884,2589,765,498,723,725,2987
913,212,172,213,37,107,173,246,207,211,210
914,450,486,452,414,485,488,380,483,446,517
915,2198,2950,2542,2934,2502,2200,2162,2125,2163,2161
916,2498,2235,2574,2536,2535,2273,2272,2006,1893,1978
917,450,225,264,266,301,302,303,304,2935,417
918,106,145,109,108,147,76,110,143,221,1020
919,1836,2629,2845,2883,2401,2626,2625,2628,2881,2847
920,380,452,414,2632,2802,378,450,486,341,416
921,777,780,1050,1082,1120,1121,778,743,1047,1045
922,77,43,94,235,59,58,57,41,5,46
923,2094,884,847,2479,2254,2179,2252,886,2121,2158
924,499,2931,295,2054,334,367,404,457,495,497
925,1402,1367,1405,1684,1689,1780,1148,1147,2952,1443
926,727,528,532,564,563,451,455,490,491,492
927,1195,1228,1165,1193,1149,1191,1226,1189,1192,1470
928,1575,1578,1581,1582,1277,1278,1583,1303,1340,1654
929,1062,1025,1405,1367,988,2697,1024,1063,3038,2734
930,34,74,11,107,37,30,16,6,72,35
931,1473,831,1167,896,927,929,930,931,932,964
932,768,2062,2233,2972,396,3001,2019,2324,2325,2362
933,2710,100,21,60,425,1702,462,350,327,105
934,737,621,656,889,1119,1138,1099,771,1043,2952
935,1860,1862,1823,1482,1900,2585,3014,1214,1861,1899
936,34,74,6,11,30,16,107,37,67,68
937,981,1054,1092,1053,1020,1740,985,3025,1058,1060
938,895,1079,1049,1083,1737,1048,1654,1003,1655,1115
939,1669,1706,2996,1710,1368,1631,3038,1672,2956,1668
940,1245,969,1004,1003,1007,2943,935,1002,249,250
941,273,73,64,138,309,240,279,242,241,311
942,1744,828,2540,2353,380,1816,1402,2198,1441,2541
943,3038,1669,1706,1406,1367,1405,1444,1710,1368,1785
944,2198,828,2619,2950,2200,2542,2502,2125,2162,2163
945,1190,1098,1442,1191,1192,1226,1189,1188,1101,1102
946,949,673,950,1021,2350,1446,1629,1014,982,1013
947,797,185,190,113,3013,1252,3030,986,1594,1555
948,1721,1059,1519,842,926,2952,523,484,1764,449
949,1683,1442,1190,1098,1612,888,1724,1685,1687,1693
950,1747,1744,1153,1155,1402,1743,1709,1748,1786,1785
951,729,766,764,1926,1927,2492,2954,2551,761,498
952,1205,1236,1167,965,1206,970,966,932,931,964
953,2695,2733,2655,2770,2693,2617,2728,2049,2087,2122
954,1157,1121,1120,888,843,1125,1127,1114,1080,1117
955,2925,2920,2923,105,2916,2897,2919,2917,2719,60
956,1307,1344,1123,1653,1041,1009,1348,1347,1658,1660
957,1022,984,2157,1019,1023,987,1021,1974,2048,2050
958,1860,1862,1900,1823,1899,1861,1520,1824,1859,1894
959,2275,957,2459,2204,959,955,2578,2277,2276,2028
960,2167,1940,2960,1902,1866,1978,1939,2079,2118,1946
961,1214,1252,1556,1596,2996,1482,1253,1633,1251,1368
962,364,365,327,145,133,215,177,178,139,330
963,1974,2009,2310,1931,1933,2619,2650,2352,2575,1249
964,785,783,819,1052,1130,854,175,214,252,888
965,803,801,800,1714,2081,2390,2351,841,1446,2164
966,2808,1834,2771,2765,106,2773,2774,145,2804,2844
967,2759,1801,2680,2681,2678,2679,2638,2637,2723,2060
968,1457,1186,1878,1877,2368,1188,1192,1149,1226,1191
969,1748,1330,1786,1785,1292,1406,1329,1367,1405,1444
970,879,1863,1864,840,839,838,1681,1677,880,2512
971,1330,1292,1329,988,1744,1747,1291,1062,1025,2949
972,2167,2205,2209,2244,2732,1866,1902,1939,1940,1978
973,949,2013,2088,2391,2392,1634,2052,2011,2393,2051
974,1061,843,1099,1292,1329,811,1816,2519,2518,2517
975,1634,2996,949,2956,1672,1668,1632,1520,1631,1708
976,2697,2090,1025,1062,2735,2734,2698,1783,3002,2355
977,2390,2351,2049,2013,2087,2122,2088,2164,2126,949
978,1251,910,909,2659,2660,1252,1596,2623,2627,908
979,1824,1860,3030,1900,1862,1823,1213,1557,1935,1937
980,1137,143,1473,1623,1472,752,1474,676,1130,1138
981,1991,2296,2299,2258,2260,1995,2256,2295,2257,2219
982,570,569,693,694,529,524,526,525,494,489
983,2393,773,810,2085,2540,2218,1925,2265,2220,1879
984,2188,2189,2291,1858,1037,2616,2619,2369,2366,2105
985,143,902,177,178,139,133,215,145,901,1283
986,2200,2162,2125,2163,2161,2934,2502,2542,2950,2047
987,2804,158,191,231,2844,2843,2887,235,1031,131
988,3017,514,478,61,409,25,235,550,446,483
989,926,26,843,29,447,887,811,19,22,297
990,2725,333,367,404,461,2689,2690,2729,2730,4
991,2499,3001,829,2234,2538,2539,2193,2197,1858,1855
992,939,940,978,1282,901,1283,944,976,975,974
993,91,92,90,49,55,48,43,94,409,61
994,2728,2727,2732,2689,2730,718,2695,2733,2125,2161
995,178,139,177,288,255,253,978,940,939,1282
996,1102,1101,1134,1442,1098,1100,1063,1138,1440,1099
997,1220,1219,1187,1222,2960,1940,1450,991,918,1857
998,2251,2288,2022,2023,2990,2027,2247,2248,2249,1951
999,1691,1683,1155,1153,1734,1695,1697,1733,1693,1771
1000,1824,342,1823,1862,2984,341,1861,1899,2659,2660
1001,533,609,610,571,611,723,725,878,879,913
1002,265,340,263,75,183,108,144,109,111,378
1003,2016,1028,2281,2018,2283,2282,577,578,616,2285
1004,2197,2235,2498,2244,2205,1855,2499,1893,1856,1939
1005,962,598,527,1059,449,489,494,524,525,526
1006,736,634,670,2958,37,75,107,149,184,186
1007,298,260,790,259,676,641,677,489,494,524
1008,2313,2324,2325,2362,2694,2019,1840,2366,2235,2498
1009,1809,1767,1812,2620,1763,997,1802,1747,1819,1824
1010,1752,952,915,2986,954,1711,913,647,723,725
1011,34,107,37,30,66,74,6,110,35,71
1012,842,1363,1364,1120,1121,1057,2952,1021,843,1365
1013,1691,1460,919,1154,1724,929,930,927,956,958
1014,826,3029,1944,1948,1942,1908,789,885,441,516
1015,1783,841,2952,1405,1367,1816,842,1668,2090,2081
1016,2917,2919,2897,2923,2920,2925,2916,2891,2890,2834
1017,1583,785,784,830,290,2941,783,819,255,288
1018,1098,1442,1102,1101,1099,1450,1190,1136,1743,1784
1019,1978,2167,2206,1713,2092,2016,2960,1940,1939,1902
1020,1629,679,1669,1706,1364,1363,1631,1013,1341,641
1021,350,462,327,364,365,391,393,353,145,425
1022,1059,983,1058,1060,679,1629,1057,988,680,1020
1023,1137,143,1473,1623,1472,174,145,1474,752,676
1024,2499,2694,2283,2281,2320,2062,2119,2619,2538,829
1025,323,2995,1245,428,429,426,427,940,939,978
1026,2984,2660,2659,2735,2658,342,2697,2106,2589,2696
1027,1099,1061,1250,1438,1519,1518,1136,1368,1098,1442
1028,935,1128,1236,1427,1159,1166,1127,969,1004,831
1029,2568,2383,2384,2345,2649,2529,1282,2082,2044,942
1030,108,144,109,111,75,414,452,38,71,225
1031,409,25,503,506,461,372,235,61,337,369
1032,574,537,536,457,495,497,535,265,340,263
1033,488,485,380,524,487,489,529,526,525,494
1034,2926,2880,2882,105,2802,31,72,2632,2718,2670
1035,2589,2735,341,598,486,642,2541,1025,1062,528
1036,486,1899,2583,2029,1861,521,621,451,656,1178
1037,2485,2523,2687,2524,2724,2601,2598,2561,2560,2487
1038,2345,2383,2384,2046,2386,2387,2424,2462,2348,2385
1039,679,847,2728,755,792,886,718,2733,2695,2693
1040,1552,1475,1513,897,898,728,678,563,564,676
1041,828,1137,2204,2584,1026,1138,3029,826,830,832
1042,3014,1216,1139,1823,1862,1175,1212,1861,1899,342
1043,2088,2013,949,2391,2392,2393,2051,2052,2011,1634
1044,1252,3030,912,874,1215,873,1557,1596,2989,1251
1045,288,253,255,1245,174,749,2941,1663,1661,714
1046,485,488,632,624,449,598,556,558,2961,487
1047,2560,2521,2600,2562,2559,2524,2687,2515,2643,2485
1048,828,1862,1823,2318,1213,1216,830,3014,1212,1174
1049,2081,2562,2079,2118,847,2080,2217,2041,2078,1950
1050,676,864,143,257,716,639,259,106,133,215
1051,2763,2682,461,2553,2515,2636,2596,2767,2681,2680
1052,1818,1779,1136,1098,1442,1816,2543,2544,3008,2121
1053,2352,1897,1934,2353,2989,1213,1592,1557,795,909
1054,2203,2166,2165,2545,2464,2127,2081,718,2655,2733
1055,1629,1552,1475,1128,1361,1703,1437,831,143,1209
1056,526,529,524,489,525,494,798,488,485,832
1057,1031,2963,1035,1589,1027,1033,1070,1030,762,1779
1058,711,747,748,745,779,749,2565,2566,2941,2525
1059,340,265,263,75,1482,1252,2624,375,1634,2730
1060,1254,910,1288,1592,1596,1250,1253,2989,869,871
1061,298,177,139,178,181,260,182,145,119,232
1062,2804,2844,2562,158,191,231,2632,2672,2677,2715
1063,321,322,283,788,785,820,752,25,253,255
1064,2726,2483,2520,2522,2478,2688,2652,2692,2654,2651
1065,896,831,250,249,935,209,248,171,934,970
1066,2393,2425,2426,2389,2388,2427,2047,2124,2128,2084
1067,2209,2167,2205,2244,2403,761,1716,2068,2067,1719
1068,246,173,210,211,207,245,244,171,212,172
1069,523,662,658,487,624,522,449,655,485,488
1070,3014,1216,963,1173,1139,1209,1514,1475,1175,1212
1071,1037,767,768,1991,1001,847,1440,1061,757,2694
1072,1166,1461,1129,1270,1026,1744,1193,1160,1745,1478
1073,2938,20,38,15,758,2,13,17,36,75
1074,1950,2997,2600,1948,1990,1952,2032,1988,2643,2642
1075,1330,1292,1329,2949,1747,1744,1402,1153,1155,1784
1076,38,74,34,645,14,69,719,54,683,680
1077,1631,3038,1669,1706,1710,2996,1043,1668,1115,1595
1078,145,74,14,54,69,2937,3019,4,34,38
1079,3014,1139,1250,1216,963,1098,1477,1442,1479,1517
1080,2800,2982,2673,2670,2718,2716,2717,2641,2704,2712
1081,693,694,569,570,529,524,526,489,525,494
1082,1138,1130,1137,1473,143,1472,1623,97,676,1474
1083,2188,2189,2105,2186,2107,2369,768,2366,2227,2371
1084,143,178,177,139,133,215,288,255,253,174
1085,2804,2844,2843,2887,158,191,231,105,106,143
1086,1596,2970,1594,1555,1254,1710,869,908,871,872
1087,1683,1691,1153,1155,1734,1695,1697,1733,1693,1771
1088,1599,1637,1676,843,1744,887,889,809,1639,1153
1089,1490,1489,1293,1299,1298,1031,1065,1295,1297,1029
1090,75,37,107,71,114,112,38,150,222,2933
1091,1625,1623,1624,1322,1013,1661,1663,1319,1082,1050
1092,2661,2664,2663,2673,2666,2700,2739,2623,2627,2633
1093,1943,1941,1639,1638,1953,1946,1905,1908,1942,1944
1094,38,259,111,109,144,108,2,13,15,17
1095,1634,2996,1482,2956,1668,1672,949,1632,950,1291
1096,909,872,869,871,908,1249,2989,1040,873,874
1097,2620,1819,2619,1858,2616,1745,1767,1746,1441,1784
1098,1721,451,1482,1668,1024,2585,527,1481,1480,1214
1099,34,74,11,107,37,30,16,6,14,69
1100,966,932,931,929,930,964,927,896,1171,895
1101,2167,2092,2206,2207,1978,1939,2016,763,1827,2169
1102,3008,1744,1402,1743,1784,1441,1153,1746,1155,1745
1103,3038,1783,1706,1669,1405,1367,842,2697,1710,881
1104,1250,1099,66,1061,27,1167,1136,29,1518,1039
1105,1091,1738,1128,1661,1663,1700,1701,1473,1395,1052
1106,1213,1568,1747,1478,1193,1216,1441,1745,1784,1746
1107,2673,2751,2790,2704,2666,2700,2749,2739,2633,2712
1108,749,716,847,714,2727,715,2119,752,886,2081
1109,1400,1071,1076,984,1665,1402,1112,1151,1116,1113
1110,2956,1672,1668,1634,1708,1670,1671,1707,1669,1706
1111,1854,2233,828,1473,827,2195,751,967,1849,1890
1112,768,1001,2188,2189,1040,2291,1037,1858,2616,731
1113,885,879,884,2443,886,878,922,883,788,229
1114,610,609,533,611,571,723,725,878,230,270
1115,2408,2410,2370,2329,2328,998,2277,2276,2578,1852
1116,1199,935,1272,1201,1009,1236,1159,1127,1427,1050
1117,217,216,141,140,137,136,65,64,73,149
1118,1596,1254,1555,2970,1594,640,2989,871,1251,908
1119,341,1824,2659,2660,1821,1894,1859,1063,2585,2697
1120,2208,1982,2515,1984,1946,2209,1950,2584,2732,1990
1121,2081,2654,2652,2692,2651,2653,2691,749,718,2562
1122,1255,993,992,989,953,951,1031,647,1265,1495
1123,1213,1216,1175,1212,2943,3014,1174,1177,1591,1592
1124,680,641,794,721,683,755,792,679,824,2200
1125,2585,183,342,263,265,340,415,223,416,224
1126,2943,1254,1288,1591,1592,1596,680,1740,1368,869
1127,2619,2620,2189,2188,2659,2660,2694,768,2227,2107
1128,1859,1894,2622,2239,2274,2280,2618,828,830,1862
1129,1690,1077,1075,1116,1112,1151,1113,1118,1156,1081
1130,214,175,252,476,438,367,404,401,403,2973
1131,161,160,157,166,165,132,131,159,130,163
1132,1402,1781,1782,1154,1400,1365,1021,1059,1744,1157
1133,1627,1478,867,1587,1209,1514,3008,868,1040,1246
1134,1931,2310,764,906,1249,944,2197,873,874,912
1135,2478,2483,2520,2522,2726,749,2486,2476,1020,2475
1136,400,434,2777,2814,2816,2817,2818,2958,289,2233
1137,265,263,340,414,452,2938,378,264,302,266
1138,2233,790,2320,359,360,398,358,2234,2271,2539
1139,2415,2109,2456,2375,2452,2453,2454,2455,2373,961
1140,2843,2887,2844,2845,2801,2710,2804,425,2719,2799
1141,2693,2655,2733,2770,2695,2728,2768,2696,2734,2698
1142,289,329,327,365,364,293,255,288,253,331
1143,967,1471,1171,1472,1473,139,178,177,1207,1243
1144,851,882,920,887,884,1683,1691,1096,1402,885
1145,2941,777,1013,709,2342,780,673,1082,1050,1343
1146,2943,1706,1786,1748,1785,1633,1593,1710,1595,1596
1147,453,796,756,928,66,760,341,832,20,790
1148,1687,1643,1725,1726,1686,1679,1413,1417,1416,1185
1149,3016,565,567,644,604,605,608,642,797,1214
1150,1585,1195,1232,1281,1308,1588,1166,1586,2962,1551
1151,1252,1214,2989,1213,874,873,912,1215,1253,1254
1152,2693,2733,2695,2655,2770,880,881,2728,2768,2734
1153,1064,1559,2355,1333,18,12,24,2728,1595,1024
1154,1444,1406,1099,1097,1595,3038,1558,988,1194,1706
1155,2658,2984,2659,2660,2696,2657,2735,2615,2734,2698
1156,533,609,610,878,154,230,270,192,153,618
1157,1308,1232,1165,1125,1278,1277,969,1004,464,965
1158,265,340,263,378,266,302,264,304,301,225
1159,3002,1783,879,1367,1405,1816,2081,881,880,841
1160,847,924,774,1954,2254,2179,2252,771,843,679
1161,2960,1940,1866,1978,1902,913,1901,2986,991,1943
1162,3038,2996,1631,1253,1368,1706,1669,1595,1634,684
1163,1254,2943,1040,1592,1288,1596,2989,1250,908,871
1164,2490,1535,2147,2450,1269,1306,2146,1887,1845,1838
1165,796,926,1099,928,1175,1212,1194,988,3014,1136
1166,565,567,644,604,605,608,603,607,646,261
1167,804,708,807,771,805,808,741,778,743,775
1168,671,600,180,563,564,899,65,136,137,253
1169,1706,1669,1744,1710,1443,1119,3038,1668,1748,1786
1170,103,102,2973,176,63,101,254,65,136,137
1171,2637,2638,2679,2678,2759,2675,2674,2636,31,72
1172,1073,1072,1039,971,972,973,1005,1006,1008,1273
1173,2104,1840,2411,2409,2448,2371,2332,2369,2366,2107
1174,1230,1193,1216,1034,1270,1232,1266,1268,1176,1229
1175,2240,1938,2278,2279,2581,2582,2929,1894,1859,2622
1176,3038,1367,1405,1783,1706,1669,1062,1025,842,1744
1177,1251,1214,1632,1252,1556,1596,1557,986,947,948
1178,797,832,1174,1177,1175,1212,1139,1140,1178,1173
1179,527,598,798,489,524,494,525,526,529,453
1180,884,2216,2138,886,2100,1945,2134,922,883,2252
1181,265,340,263,414,452,378,302,266,303,264
1182,2976,62,23,25,34,74,38,14,69,54
1183,291,292,328,3009,434,139,177,178,249,250
1184,949,106,982,2552,1833,984,1022,950,987,641
1185,1896,2620,870,2157,2328,2329,2370,998,1933,1857
1186,439,437,130,159,164,120,163,165,166,438
1187,2728,2847,2585,830,2318,2635,2690,2689,2729,2730
1188,298,2271,678,260,602,601,944,639,676,2499
1189,149,184,186,910,113,185,190,3013,146,869
1190,2779,6,66,2105,2628,2665,2701,2702,2703,2706
1191,2543,2544,718,882,881,880,715,851,758,1026
1192,1255,1027,1257,991,2233,1217,1218,1031,1209,1225
1193,1691,1153,1155,1685,1687,1724,1693,1771,1733,1695
1194,380,340,265,263,342,375,378,266,302,264
1195,1232,1205,1168,1308,1167,1588,1586,2962,1473,1250
1196,2584,2545,2203,2127,2165,2166,2464,2081,1783,2049
1197,1827,1826,1751,1825,2053,2960,1940,1788,1749,1750
1198,968,1767,1809,2113,2149,2150,2151,2152,2154,2190
1199,66,2851,2627,2623,27,2585,2843,2887,2880,2882
1200,2843,2887,2801,2799,2625,2586,2587,2549,2548,97
1201,2169,2512,2129,2206,2472,2471,1677,1941,1681,2562
1202,1230,1188,1494,1607,1606,1229,1190,1457,1186,1150
1203,1245,1003,1007,1284,1006,1005,1273,973,1279,972
1204,2941,782,781,785,850,815,816,1013,813,1052
1205,25,785,820,2941,19,51,406,442,443,444
1206,2557,2594,2597,2515,2634,2596,2681,2680,2593,2764
1207,177,178,139,288,289,253,255,1586,1245,2962
1208,407,482,518,520,371,1199,558,556,967,896
1209,1839,2204,1577,1579,1305,1849,1854,828,2227,2228
1210,1855,1858,2616,2499,2577,1891,1929,1893,1890,1856
1211,1954,809,924,889,847,845,1691,2257,1157,2256
1212,1367,1405,1098,1444,1406,1442,1063,881,880,1099
1213,683,718,721,719,760,794,680,225,264,266
1214,1974,795,1931,2310,2352,830,1589,1933,1857,1895
1215,263,340,265,414,452,378,302,266,264,304
1216,259,637,1625,1663,1661,600,641,1013,1623,1624
1217,65,334,1245,1169,143,291,292,328,3009,2941
1218,110,225,76,301,264,266,304,2935,303,302
1219,2619,2157,2620,1820,1817,2660,2659,2694,1035,1857
1220,2941,820,782,785,781,25,852,817,783,813
1221,1137,832,988,1138,1175,527,598,1212,797,1139
1222,1310,1305,1577,1579,1009,2977,1575,1578,1581,1582
1223,2557,2594,2593,2597,2634,2596,2553,2515,2681,2680
1224,28,684,33,104,73,75,52,299,643,682
1225,966,932,931,927,1236,929,930,964,896,970
1226,3038,1740,1631,1669,1706,1039,1595,1057,981,1043
1227,785,783,819,1703,1361,849,143,854,1052,174
1228,1860,3030,1900,1862,1823,1213,1937,1935,1557,1976
1229,621,656,587,622,626,657,660,2961,624,486
1230,2350,2008,885,2204,828,2584,449,793,2544,2543
1231,2804,14,69,2938,34,38,74,145,645,4
1232,265,340,263,75,2802,2632,414,378,266,302
1233,861,827,1045,1013,1011,1047,709,641,1737,1246
1234,1454,1220,1600,1183,1411,3039,1643,1187,1222,1219
1235,1051,1084,1013,1088,1089,1085,1086,1087,1122,1124
1236,3032,275,311,312,313,512,475,160,161,131
1237,34,74,38,54,14,69,8,3,2937,107
1238,847,886,645,811,14,69,718,680,716,2559
1239,261,907,1248,1286,874,873,912,1215,944,1249
1240,2999,2849,2850,2803,2805,2807,2812,2842,2846,2848
1241,2168,2644,1944,2091,2130,1948,2566,2565,1908,1942
1242,403,62,23,25,172,2976,786,133,215,212
1243,649,689,653,690,992,951,993,953,647,989
1244,2186,2107,2369,2366,2371,2409,2411,2448,1840,2104
1245,425,422,462,350,351,326,275,311,312,313
1246,2766,2772,2769,2635,2584,486,2938,1943,1941,451
1247,298,415,416,148,188,151,187,223,224,189
1248,572,613,612,573,614,615,650,459,533,609
1249,230,270,153,192,154,655,657,661,660,156
1250,846,1818,1779,1129,1437,1703,1361,1128,889,887
1251,1859,1894,1063,1481,2583,1824,1098,1442,1367,1405
1252,1288,2944,1286,1248,907,1254,1325,971,973,1704
1253,1043,1660,1658,1077,1690,1400,1115,1366,1403,1404
1254,550,43,94,305,308,515,477,513,198,234
1255,1249,1288,2989,1327,1328,1362,1010,2944,1533,1532
1256,1835,1837,1874,1876,2917,2897,2916,1883,1841,2719
1257,2178,1949,1869,1907,1910,2093,2567,2648,2216,2217
1258,1856,955,959,1719,1756,1715,1895,2067,1762,1857
1259,1183,3039,1411,2952,1147,1148,1684,1689,1186,1686
1260,1247,1171,1308,1281,352,354,355,388,389,390
1261,2160,2950,2542,2121,2158,2120,2421,2460,2500,2502
1262,2577,2269,2234,2539,829,2575,2538,2233,2271,2499
1263,2987,1249,1251,2613,1898,1937,1935,2656,909,910
1264,1824,2660,2659,1821,2615,1557,1898,1935,1937,1976
1265,184,149,186,18,185,190,113,12,146,24
1266,745,675,779,708,2941,850,2342,711,679,747
1267,2129,2091,2130,2524,2687,2485,2523,2724,2566,2565
1268,2584,2543,2203,2545,2544,2166,2165,2127,2464,1063
1269,2093,2216,2081,2217,1869,1907,1910,1949,2178,2083
1270,2479,2560,2688,2210,2214,2171,2172,2173,1951,2100
1271,3038,1672,2956,1668,1559,1333,1291,1708,1707,1669
1272,443,444,442,406,484,483,446,482,518,520
1273,3030,1252,874,186,873,184,149,1215,912,1596
1274,443,444,406,442,463,407,369,441,175,235
1275,905,941,942,255,288,253,1245,321,322,283
1276,1327,1328,2620,1819,2048,2050,2085,1403,1404,1366
1277,37,75,107,71,38,145,222,114,112,150
1278,1129,1161,1162,1163,1198,1444,1406,888,1130,1099
1279,1216,1212,1175,1177,1174,1225,1264,1824,3014,1193
1280,1645,1421,1644,1367,1405,1687,2952,1188,1147,1148
1281,810,773,2391,2392,2393,2051,2052,2011,985,807
1282,1955,2141,1918,1958,1722,1954,1919,2221,2218,2220
1283,452,414,684,640,451,1706,1669,806,376,339
1284,2189,2188,2115,2619,2229,2228,2227,2150,2151,2149
1285,956,958,1193,1230,1216,1441,1784,1746,1745,1743
1286,760,880,881,1063,486,878,1098,756,1783,2938
1287,673,776,1402,1629,2208,805,1330,920,1292,1329
1288,752,782,784,781,785,820,1196,1738,1091,815
1289,1173,1208,976,831,1177,1174,836,835,1308,1171
1290,1102,1101,1440,1061,1025,1062,1134,1784,1441,1743
1291,632,1812,770,2030,1954,923,2115,2291,2332,926
1292,2661,2664,2663,2673,2982,2718,2674,2717,2716,2670
1293,558,556,560,522,1473,827,751,407,482,517
1294,2761,2764,406,442,443,444,50,61,86,334
1295,1824,3030,1860,2658,1213,1900,1823,1862,1822,1557
1296,305,308,160,161,158,191,231,134,170,282
1297,795,1520,1860,949,758,1518,1822,828,1823,1862
