,Ama,Ance,Antp,Blimp-1,CG10479,CG14427,CG43394,CG8147,Cyp310a1,D
,Doc3,E(spl)m5-HLH,Ilp4,ImpE2,ImpL2,Kr,Mes2,Traf4,bun,cnc
,dan,edl,fj,fkh,ftz,h,knrl,noc,oc,odd
,peb,rho,run,sna,srp,toc,trn,tsh,twi,zfh1
1,215,134,255,133,170,206,212,253,517,132
2,781,782,784,2941,783,816,821,850,745,713
3,1438,1059,1061,1097,1099,1025,1062,1136,1325,1363
4,480,477,513,515,552,163,164,3012,518,53
5,1099,1250,1136,1363,1364,1401,926,1098,1100,1367
6,1402,2431,2468,2505,2507,2508,2543,2544,1820,2542
7,2943,988,1819,487,529,567,570,608,644,796
8,114,37,112,2933,32,71,107,110,113,149
9,1979,1255,1939,2205,2244,1752,1256,1294,2207,1715
10,260,38,2937,34,74,754,11,13,14,15
11,796,1137,835,836,757,985,981,871,872,1060
12,1009,1199,1201,1127,1183,1050,1082,1125,1236,935
13,1153,1155,1077,1643,1417,1452,1645,2949,889,1150
14,1890,1208,2193,1055,2233,1283,1891,1929,2232,2269
15,224,225,264,266,302,148,151,187,189,226
16,2890,2815,2953,2625,2661,2663,2854,2855,2889,2892
17,1554,2944,1288,1479,1515,1516,1517,1592,1709,1325
18,1149,1184,1189,1191,1222,1224,1226,1186,1192,1223
19,1685,1691,1112,1113,1146,1154,1155,1032,956,1033
20,612,614,650,657,688,517,519,536,537,574
21,1071,1073,1112,1113,1146,1144,1151,1072,1077,1110
22,1744,1746,1706,1740,1745,1784,1026,1402,1441,1709
23,758,1064,2048,1026,1063,1102,2938,1098,1442,1709
24,2574,2197,829,831,868,755,1210,2235,2272,2273
25,34,74,30,37,32,11,107,110,114,2937
26,484,407,523,408,409,443,83,446,481,483
27,247,285,286,324,326,864,364,365,178,215
28,526,1250,1254,1477,1518,1438,449,450,488,1059
29,1869,1983,2323,1831,2019,2324,2362,1799,1223,2170
30,1149,1189,1191,1226,1151,1153,1129,1186,1192,1195
31,1886,1110,1111,3007,1533,1722,1583,1075,1112,1113
32,2716,2676,2677,2982,2673,2674,2675,2717,2639,2661
33,1206,2193,1853,1890,291,292,3009,1586,1852,1889
34,1112,1113,1146,1154,1155,1071,1110,1111,1114,1116
35,414,415,416,451,452,532,339,417,494,380
36,474,500,541,762,368,801,421,501,534,575
37,414,341,380,415,416,451,452,532,379,417
38,1177,988,1139,1174,3014,874,1026,1063,1102,1140
39,1402,1744,1746,1782,1288,1516,1857,1895,1741,1249
40,1978,1713,1751,1827,2016,2092,1825,1826,2053,2243
41,2654,2692,2464,2467,2469,2546,2652,2653,2655,2691
42,809,1153,1115,1119,806,1091,1155,1055,1079,1081
43,1593,1630,531,568,946,646,947,948,1628,566
44,1069,801,839,1641,1104,1144,838,1067,800,837
45,1055,2081,1185,2079,2118,1153,1107,1145,1147,1148
46,1719,1683,843,1155,1752,1812,2952,1025,1062,1077
47,1053,1054,1016,1092,675,1017,1055,1093,3004,979
48,1129,1125,1166,1205,1236,934,1202,1203,1204,1238
49,1810,1806,1683,1848,1886,1183,1160,1201,1717,1719
50,1154,1013,1072,1227,1402,1116,1157,1160,1050,1082
51,2809,2807,2811,2812,2846,2847,2848,2849,2850,2999
52,37,107,110,114,34,74,112,2933,32,71
53,808,771,774,805,843,847,1114,1152,1157,737
54,496,421,533,534,577,578,610,616,229,231
55,567,608,644,646,605,607,3016,565,569,570
56,400,363,364,365,331,366,362,402,510,2670
57,1119,1128,1091,1081,1118,1156,1157,1194,1196,1663
58,1140,1178,1938,2240,2354,1025,1062,1251,1481,1858
59,1987,1037,1074,1793,1794,1644,1646,1916,1525,2020
60,438,362,401,403,476,479,400,437,439,441
61,2768,2730,2770,2772,2734,2767,2695,2728,2127,2165
62,690,666,689,692,693,694,696,116,118,2966
63,173,174,212,277,175,214,252,135,136,172
64,2949,1533,1809,1886,1289,1042,2630,1077,1613,1214
65,424,319,357,399,436,463,465,469,508,343
66,2885,2884,2886,2918,2968,34,74,2926,2828,2829
67,1683,1685,1691,1954,1995,2219,2256,2260,847,883
68,2589,2636,2939,2673,2548,2677,2713,2714,2753,2755
69,1292,1329,1330,1291,988,1098,1367,1368,1402,1405
70,2654,2692,679,2464,641,2767,2768,2467,2469,2546
71,2204,341,758,760,2238,2275,2314,2351,2390,798
72,1025,1062,1063,1098,1292,1329,1330,1367,1402,1405
73,210,438,401,403,476,479,237,247,286,324
74,1091,1396,1434,1738,1052,1128,1395,1433,1661,1700
75,2354,1668,1671,1708,414,1251,1520,263,378,339
76,2478,2514,2555,2556,2635,2683,2562,2557,2593,2594
77,2467,2469,2546,2655,2693,2695,2696,2930,3006,2431
78,1037,1001,1032,1034,1038,2113,2149,2150,2152,2188
79,641,1629,1020,1361,1741,680,754,717,1628,2768
80,2779,2781,958,2813,2782,2820,2825,2826,2853,2864
81,1155,1037,1077,1153,1150,1043,1073,1645,2949,1074
82,1155,1115,1119,1043,733,1201,1153,1150,1001,1002
83,807,773,810,847,808,844,1114,1152,2221,1013
84,533,610,572,1721,305,306,496,497,571,609
85,1368,1292,1329,1330,1099,988,1291,1136,1253,1363
86,1690,1077,1079,1081,1116,1117,1118,1120,1156,1613
87,521,2961,517,518,519,550,622,656,61,446
88,954,840,838,842,880,1721,805,843,879,916
89,701,705,706,239,238,1508,633,667,669,670
90,1250,1061,1102,1100,1211,1254,1137,1173,835,836
91,46,53,88,58,89,85,87,55,44,49
92,263,224,185,265,2935,301,303,304,340,148
93,1068,951,1217,1218,1031,953,989,1027,1028,1219
94,2315,2316,1821,2278,2279,2318,1938,2240,2317,2354
95,684,722,760,720,2734,646,682,721,1706,2011
96,2343,1683,2382,713,751,2458,788,826,1681,2171
97,1668,1671,1708,1367,1405,1743,1744,1746,1631,1632
98,2636,2939,2597,2638,2679,2716,2718,2637,2639,2678
99,2102,995,996,2330,2368,2144,2024,2293,2331,1839
100,1634,1520,2996,1668,1671,1672,1708,2956,1709,950
101,2649,2005,2383,2609,2648,2570,2571,710,2650,981
102,1213,1214,3014,1860,1291,1824,1139,1216,1252,1482
103,1253,1368,1292,1329,1330,3038,1099,1138,988,1291
104,414,529,417,494,415,416,451,452,531,532
105,1064,222,225,264,266,302,299,1100,1368,227
106,1181,1180,1179,1217,1218,1369,1149,1184,1189,1222
107,550,443,441,480,583,477,479,513,515,552
108,1860,3016,567,570,608,644,874,1520,263,342
109,1495,2992,1229,1723,1763,1262,1265,1494,1031,1069
110,1634,950,988,1709,684,1668,1671,1672,1708,1822
111,1155,1077,1153,1150,1230,1645,1683,2949,1075,1112
112,951,2960,1825,1826,1977,2015,2053,953,1901,1903
113,874,1520,3030,873,912,1252,1558,1634,1557,1596
114,172,210,364,365,403,862,900,237,247,286
115,1053,1054,1625,1737,1017,1055,1093,1052,1661,1700
116,1411,3039,1412,1450,1183,1373,1413,1449,2171,2951
117,1011,1315,1013,1045,1047,1049,2977,1115,1043,1083
118,773,810,2100,806,1950,737,1984,2024,2028,2066
119,2977,1043,1076,1080,1121,1158,1050,1082,1125,1164
120,951,1939,2205,2244,2243,952,953,2207,2281,2320
121,1196,1201,1045,1047,1049,1009,1011,1199,1315,1155
122,380,341,414,263,342,378,339,379,417,494
123,1052,1128,1395,1433,1091,1107,1114,1145,1152,1157
124,1181,1180,875,878,1179,1217,1218,1369,1068,1188
125,1205,1091,1155,1270,1128,1190,1130,1153,1129,1228
126,443,446,483,407,406,442,517,518,92,409
127,1214,567,608,644,874,646,873,912,1860,1252
128,645,684,682,2938,683,607,643,719,757,760
129,1071,1107,1145,1104,1144,1335,1069,1073,1065,1103
130,1114,1152,1013,1112,1113,1115,1043,1073,1076,1080
131,1037,1040,2151,2190,1155,1001,1002,1032,1034,1038
132,76,112,2933,32,71,107,110,113,114,149
133,1200,1315,1353,1565,1566,1201,1073,1041,1050,1082
134,2621,2656,2658,2315,2316,2616,2657,2659,2660,2696
135,263,265,340,2935,301,303,304,225,264,266
136,1251,1252,3038,1596,1254,1214,1253,1250,1290,1555
137,1558,1857,1859,1895,1481,1520,2356,1026,380,1519
138,2396,1979,1939,2245,2284,2322,2360,2397,2550,2433
139,873,912,2470,2658,1824,1709,1860,2315,2316,1671
140,1131,1001,2069,2071,2072,2073,695,2333,2334,2372
141,682,603,607,643,684,2938,950,2393,640,646
142,1270,1202,1203,1204,1238,1572,2967,1205,1231,1236
143,805,3033,808,806,741,775,3017,445,482,521
144,1205,900,1276,1277,1278,1544,1572,973,1244,1586
145,342,341,224,529,570,263,1823,1862,148,151
146,3016,569,798,607,684,606,529,567,570,608
147,1129,1128,1199,1200,1130,1013,1161,1162,1163,1198
148,2592,2557,2593,2594,2595,2597,2591,2630,2634,2590
149,1091,675,1052,1128,1395,1433,843,813,1131,1396
150,1367,1405,1406,1444,1292,1329,1330,1443,1748,1785
151,114,112,2933,32,37,71,76,108,109,111
152,760,722,757,758,759,720,796,988,756,794
153,680,2431,2468,2505,2507,2508,2543,2544,2654,2692
154,708,671,743,673,707,709,742,682,777,778
155,1202,1203,1204,1238,2967,1205,1236,1239,1240,1241
156,1558,1634,1783,988,1748,1785,1786,1823,1862,1520
157,3038,2996,1253,1140,1367,1368,1405,1406,1444,684
158,798,3016,529,567,569,570,608,644,342,606
159,1251,1252,1290,1214,1557,1596,1254,1632,2989,1289
160,709,676,784,660,739,864,711,747,748,749
161,985,871,872,986,987,1742,2619,2620,873,912
162,1321,1472,1169,1055,1015,1052,133,1435,1092,1510
163,1706,1026,1744,1746,757,1519,1668,1671,1708,1669
164,1214,1252,1291,1213,1251,1215,1253,1327,1328,3014
165,1558,1520,1634,1748,1785,1786,1519,1633,1823,1862
166,517,92,121,123,161,162,93,132,95,519
167,682,1059,1292,1329,1330,1136,1363,1364,1401,487
168,2359,2357,2959,764,765,761,2397,2436,1069,2321
169,533,534,610,496,571,609,611,572,458,421
170,1860,1823,1862,1900,3030,1520,874,1557,1596,1859
171,2673,2674,2675,2717,2710,2670,2716,2718,2749,2751
172,529,570,531,568,417,494,566,606,377,414
173,1205,1202,1203,1204,1238,2967,1003,1233,1234,1236
174,2731,2767,2768,2502,2084,2162,2163,2540,1026,2464
175,364,365,326,328,172,210,291,327,362,435
176,2687,2598,2601,2604,2645,2682,2485,2523,2524,2560
177,2197,728,2499,2650,901,939,940,978,2498,2347
178,2651,2169,2687,2652,2644,1946,2724,2689,2726,2598
179,1139,1177,1821,1824,1861,1899,1102,988,1140,1174
180,114,108,109,111,144,147,37,76,112,2933
181,37,38,107,110,114,2937,34,73,74,75
182,1673,1712,1331,1332,1446,1825,1826,1977,2015,2053
183,1733,1734,1683,843,813,1738,1011,1735,1772,741
184,3016,567,569,570,608,644,606,187,189,226
185,722,985,640,910,682,988,986,987,1024,606
186,1011,1315,1013,1045,1047,1049,1055,1091,1092,1052
187,1130,1055,2977,1092,675,1015,1052,1128,1435,1053
188,708,667,669,703,740,743,2335,2337,2376,475
189,1027,1028,1293,2243,647,952,1940,2281,2320,991
190,1130,1131,1282,1055,1169,1283,629,1091,1092,675
191,1480,1482,1365,1064,1095,1291,1361,1399,982,1019
192,341,415,416,532,379,494,342,377,414,418
193,1367,1405,1026,1063,1102,1025,1062,1443,1023,1064
194,1055,1282,1283,1015,1052,1243,1280,2994,1663,1701
195,2154,1037,1150,1040,1298,2151,2190,2229,1010,1495
196,1155,1073,1112,1113,1154,1009,1032,1199,1266,1268
197,1159,1427,1125,1431,1127,1428,1079,1117,1120,1157
198,484,407,520,522,445,482,521,556,558,657
199,2589,2585,2588,2591,2630,1760,2547,2592,2549,2626
200,2485,2523,2524,2562,2487,2561,2564,2566,2646,1726
201,1335,1182,1336,1563,1564,1565,1566,1107,1145,1184
202,2281,2320,2494,2495,2533,2572,1979,2283,2319,1028
203,2790,2791,2781,2885,2700,2739,2794,2835,2875,3028
204,3038,2996,1253,1140,1292,1329,1330,1367,1368,1405
205,1196,1049,1155,1115,1119,1083,1127,1125,1153,1150
206,572,3023,457,495,533,535,573,610,612,614
207,1055,2678,1056,2676,2677,1965,1343,1621,2634,2638
208,2935,301,303,304,299,414,225,263,264,266
209,1190,1230,1611,1693,1153,1205,1167,1232,1504,1577
210,2911,2920,2908,2913,2914,2921,2781,2888,2923,3003
211,2588,2548,2547,2589,2509,2549,2586,2678,2759,2716
212,2935,301,303,304,414,225,263,264,266,302
213,440,401,403,476,479,438,402,475,500,541
214,263,265,340,2935,301,303,304,299,414,225
215,1055,1052,1128,1090,1129,1394,1125,1164,1663,1701
216,2604,2645,2682,1869,2565,2605,2644,2647,2684,1941
217,654,617,619,555,590,624,2961,620,443,2965
218,1214,1252,1213,1251,1215,1253,3014,1254,2989,1216
219,1092,1053,1054,1017,1055,1093,1245,1282,1016,1091
220,789,3029,751,714,786,787,172,827,676,677
221,1099,1136,1363,1364,1401,1098,1100,1367,1368,1402
222,680,565,567,603,604,608,644,564,646,682
223,2071,2072,2073,1810,1811,1984,2112,2114,2184,2377
224,1935,1936,1937,1972,1976,2315,2316,1821,2659,2660
225,1840,958,997,998,1914,2030,2180,2181,2182,2183
226,2638,2679,2636,2680,2681,2939,2716,2718,2637,2639
227,896,1205,900,935,966,1239,1240,1241,1242,1506
228,2619,2620,1858,606,909,1102,1819,2616,2657,2659
229,2461,2347,2421,2460,2120,2158,1436,2649,1019,2500
230,1946,1950,1948,1952,1988,2997,1681,1867,1869,1907
231,1190,1230,1611,1693,1153,1205,1167,1232,1504,1577
232,38,54,11,13,14,15,17,10,3019,52
233,10,9,2976,2981,60,12,21,52,2974,8
234,1722,2952,1109,1683,1183,1721,1110,1111,1145,1147
235,865,2597,867,942,979,2151,2190,2630,1018,2499
236,801,800,803,838,763,839,840,761,837,841
237,1716,993,1217,1752,1791,1030,1713,1751,1789,1827
238,1293,1484,1485,1521,1977,2015,3034,989,1369,1256
239,1558,1520,1824,1519,1823,1862,1894,3030,1140,1406
240,263,342,265,340,227,262,2935,300,301,303
241,1946,1950,1948,1952,1988,2997,2079,2118,2169,1681
242,424,1069,353,387,397,422,427,429,466,348
243,519,409,370,446,483,484,520,333,371,407
244,1292,1329,1330,1140,1367,1405,1406,1444,1252,1482
245,1815,1055,2081,2119,790,981,2423,754,2193,1663
246,2586,2585,2587,2942,1755,1757,1792,2548,2624,1713
247,2996,950,1634,3038,1631,1368,1709,684,1253,1671
248,453,489,494,415,416,451,452,532,528,341
249,1133,1187,1435,1460,1264,1456,1502,2245,2284,2322
250,1977,2015,1256,1294,1749,1750,1787,1788,1789,1027
251,1183,1107,1145,1410,1411,1643,3039,1739,1412,1417
252,1214,1215,874,1213,873,912,1216,1252,1289,1254
253,1292,1329,1330,1291,988,1098,1367,1368,1402,1405
254,973,1244,1276,1277,1278,1544,325,361,1005,1006
255,1229,1077,1205,1262,1302,1493,1167,1225,1264,2975
256,1214,1253,565,567,603,604,608,644,1368,1254
257,2253,2400,2215,2255,1321,2179,2609,2648,1879,1881
258,1886,1924,1923,1112,1113,1885,1123,1683,2222,1151
259,2938,950,1822,2657,1709,607,988,2048,2393,2470
260,1076,807,808,844,846,882,1151,1114,1117,1120
261,2258,2184,1856,1777,2461,1683,1685,1954,1995,2209
262,1075,2936,1683,2949,1722,1873,1150,1644,1646,1916
263,993,1891,1929,1851,1852,1889,2459,1030,1229,1853
264,1100,1368,1099,1138,1064,1101,1291,1439,1136,1253
265,2113,2149,2150,2152,2188,2189,1809,2114,2151,2184
266,658,555,556,558,590,624,657,662,2961,517
267,640,682,3016,565,567,569,603,604,608,644
268,108,109,111,144,147,38,114,2937,75,112
269,751,1866,1948,2487,2564,2566,2570,2646,1942,2079
270,1030,992,951,1028,1939,993,1031,2243,953,989
271,2802,2356,2767,2768,2695,2728,3016,684,2769,2759
272,2048,2393,2389,1822,2013,2050,2088,2124,2202,2930
273,633,670,1055,1048,672,1003,1205,701,705,706
274,658,555,556,558,590,624,629,657,662,682
275,1028,1902,1939,2091,2129,2130,2131,2205,2206,2244
276,1902,2091,2130,2131,2960,1901,1903,1940,1942,1978
277,2802,873,912,263,949,2354,1520,797,2882,2718
278,595,662,366,559,596,630,655,661,664,845
279,847,711,747,748,749,924,675,1911,1951,1988
280,1232,1459,731,1809,968,1153,1389,1432,1461,1693
281,718,1368,719,722,1097,683,259,1099,717,721
282,874,1860,2989,873,912,2352,1823,1862,1897,1900
283,364,365,247,285,286,324,326,864,172,400
284,1091,3029,784,751,896,1053,1054,1130,2382,789
285,2431,2468,2505,2507,2508,2389,2467,2469,2546,2503
286,1586,2994,3004,1243,1245,1282,2193,2962,1205,1206
287,1077,2949,1049,1081,1116,1118,1156,1608,1733,1734
288,1139,1178,1174,1214,1215,3014,1140,1025,1062,1063
289,575,576,577,578,612,614,616,650,345,536
290,1028,2960,1901,1903,1940,991,1369,1408,1673,1711
291,1155,1733,1734,1683,1153,1735,1772,1150,1049,1458
292,1159,1160,1424,1427,1464,1466,1153,1151,1504,1123
293,1035,999,1001,1032,1036,1038,1498,2329,1037,1689
294,951,1028,1031,953,989,991,1030,990,992,1068
295,2030,2258,1819,2045,2066,2112,2463,1810,1811,728
296,1077,1155,1075,1112,1113,1115,2936,1043,1073,2949
297,1141,1065,1103,1105,1142,1143,1179,1181,1104,1106
298,1520,1668,1671,1672,1708,2956,1406,1444,1709,1482
299,1052,1013,1319,1358,1050,1082,1282,1320,1090,1394
300,2938,683,1064,1291,1480,1822,2124,1098,1368,1406
301,1767,997,1150,1765,1802,1808,1809,959,995,996
302,2221,2257,2295,2299,1685,1691,1954,1995,2219,2222
303,1216,1558,1823,1862,1894,3030,1140,1175,1212,1213
304,415,416,532,3016,377,414,418,454,455,456
305,2619,2620,2616,2659,2660,2578,2621,2656,2541,2577
306,1205,1167,1201,927,1199,934,1129,556,558,560
307,1201,1810,1167,1205,1806,1202,1203,1204,1238,2967
308,341,380,379,417,494,263,342,378,377,414
309,1252,1214,1253,1251,1482,3038,1254,1596,1140,1368
310,1150,1108,1228,1230,1075,1146,1190,2936,1155,1032
311,1939,2206,1978,2054,2167,2207,1673,1711,1712,1979
312,414,341,380,415,416,451,452,532,379,417
313,1043,1115,1055,1045,1047,1078,1319,1071,1081,1114
314,1098,1442,1026,1063,1102,1099,1064,1101,1136,1480
315,646,682,680,567,603,608,644,607,641,643
316,1205,633,670,702,704,1202,1203,1204,1238,2967
317,690,731,764,2291,2151,2190,2366,2369,2370,2371
318,1048,1003,1205,1055,1012,1279,1316,972,1013,1045
319,1886,1924,1923,2113,2149,2150,2152,2188,2189,1809
320,1064,1100,1368,722,1026,1063,1097,1102,1060,1099
321,1587,1193,1662,2962,1035,1232,1245,1282,1150,1396
322,117,77,119,196,80,690,125,157,162,191
323,2592,2590,2631,2677,2711,2557,2593,2594,2595,2597
324,683,684,646,682,2938,950,1140,607,643,645
325,1155,1230,1190,1153,1150,1229,1077,1149,1188,1189
326,765,2021,2059,2060,2361,2398,2399,2401,2024,2400
327,1150,1683,1685,1075,1146,1190,2936,1686,1687,1724
328,1141,1065,1103,1105,1142,1143,1179,1217,1218,1181
329,1151,1077,1116,1117,1120,1343,1076,1080,1121,1123
330,379,417,646,377,414,418,454,455,456,490
331,1216,1175,1212,1213,2943,1174,1214,1215,1327,1328
332,107,110,34,74,112,2933,32,71,30,31
333,1013,778,1041,1050,1082,1313,1343,1350,1076,1426
334,2423,2124,713,2084,2385,1776,2004,1739,2048,2383
335,1683,1155,2952,884,1077,2221,2257,2295,2299,1153
336,1048,1115,1003,1205,1236,701,705,706,1045,1047
337,567,608,644,646,605,1368,1709,607,988,1214
338,847,2254,924,1685,1691,1911,1951,1954,1988,1995
339,603,642,684,646,682,3016,565,567,604,608
340,1140,1861,1899,1558,263,342,1178,1823,1862,1900
341,1028,991,951,1027,1977,2015,953,989,1030,1713
342,1645,1748,1785,1786,1413,1644,1646,1684,1643,1744
343,1074,773,810,1733,1734,807,1037,1077,1965,2221
344,1668,1671,1708,1367,1405,1744,1746,1631,1632,1558
345,559,596,630,664,595,666,698,594,561,659
346,1288,1709,1554,2944,1325,1363,1364,1401,1667,1704
347,1205,1196,1049,1055,1202,1203,1204,1238,2967,1091
348,1783,2011,2048,2051,2052,2089,988,2090,2203,2010
349,263,378,793,2935,301,303,304,338,376,645
350,1193,1153,1150,1767,958,997,1035,1232,768,1228
351,424,353,387,422,903,941,2267,291,2978,362
352,1181,1191,1472,1183,1396,1434,1125,1453,1455,1456
353,900,1002,1239,1240,1241,1242,1506,247,286,324
354,667,669,594,631,593,701,705,706,595,899
355,1055,1092,1321,133,1053,1054,1130,424,1472,172
356,1099,1136,1363,1364,1401,1098,1100,1367,1368,1402
357,1252,1175,1212,1250,1251,2943,1292,1329,1330,1214
358,517,519,656,587,588,621,626,521,555,556
359,1011,633,670,703,740,741,675,1661,1700,1625
360,1205,1078,1809,1155,1115,1119,1153,934,1043,733
361,517,518,443,519,520,550,654,656,446,478
362,2467,2469,2546,2655,2693,2013,2049,2088,2124,2126
363,2935,301,303,304,338,450,297,339,413,417
364,263,265,2935,301,303,304,340,339,225,264
365,1946,2172,2173,2210,2689,2727,1908,1944,1945,1982
366,1481,1478,1254,1518,2989,1402,1441,1744,1746,1137
367,1722,1873,1375,1380,1414,1605,1642,1644,1646,1916
368,1190,1150,1149,1188,1189,1194,1226,1682,1155,1075
369,2584,2731,1140,2543,2544,2356,1948,2769,2545,1861
370,1139,1178,1173,1140,1174,3014,1175,1212,1250,1138
371,414,341,340,380,415,416,451,452,532,798
372,1181,1141,1180,1065,1103,1105,1142,1143,1179,1217
373,1153,1150,1420,1458,1459,1424,1462,1464,1466,1155
374,672,633,670,634,701,705,706,637,597,599
375,925,958,1914,2030,921,2064,956,960,2102,959
376,3016,567,569,608,644,607,605,640,646,682
377,414,415,416,451,452,532,417,494,380,377
378,437,475,424,206,438,134,401,457,476,495
379,1125,1161,1162,1163,1198,2977,1159,1427,1164,1166
380,826,3029,788,824,784,2176,786,787,825,752
381,973,1048,1003,935,1012,1279,1316,972,1045,1047
382,38,114,2937,75,112,2933,32,71,36,37
383,1042,1003,1075,1115,1254,2936,1078,1150,1315,1043
384,3014,1216,1139,1175,1212,1213,1250,1174,1214,1026
385,729,766,895,38,2937,862,925,22,261,28
386,709,777,778,780,783,821,2941,707,786,787
387,2938,684,646,682,1558,380,683,1823,1862,1140
388,1155,1150,1153,1075,1112,1113,1115,1119,1146,1154
389,224,263,342,148,151,187,189,226,2957,265
390,2132,2171,2641,2634,1410,1411,1941,1946,2599,3039
391,1741,1668,1671,1672,1708,1822,2013,2049,2088,2122
392,786,787,824,1912,823,783,821,172,711,747
393,1230,1190,1229,1149,1188,1189,1226,1150,1167,1186
394,684,3016,567,608,644,646,682,1706,605,2938
395,1860,1823,1862,1900,3030,1824,1861,1899,1557,1859
396,529,569,570,2938,607,645,683,760,531,568
397,38,23,52,26,2937,34,74,11,13,14
398,1026,1063,1102,1064,1101,1098,1100,1140,1367,1405
399,400,709,364,365,676,739,864,777,780,367
400,1098,1367,1402,1405,1441,1442,1744,1746,1026,1063
401,1321,1169,902,1243,1546,1053,1054,1170,1244,1510
402,1861,1899,1140,1823,1862,1900,1938,2240,342,1859
403,633,670,741,672,701,705,706,778,634,663
404,2790,2791,2884,2886,2918,2794,2835,2875,3028,2815
405,1683,843,617,619,1114,1152,1157,1155,2952,2965
406,951,647,953,3026,762,990,761,913,687,723
407,2203,2049,2124,2126,2930,3006,2127,2162,2163,2165
408,519,517,443,587,588,595,626,403,479,521
409,559,596,630,664,561,595,666,555,556,558
410,1205,1167,1055,1196,1013,1045,1047,1049,1201,1809
411,1190,1228,1230,1683,1913,923,1840,2227,958,997
412,529,570,148,151,494,531,568,341,224,377
413,832,1205,900,935,1040,1239,1240,1241,1242,1506
414,1140,684,1252,1482,1634,3038,950,1251,1290,1520
415,2790,2791,2781,2885,2779,2673,2674,2675,2717,2632
416,158,196,154,157,197,652,615,690,153,192
417,529,494,531,568,798,835,836,1479,1516,1517
418,1190,1228,1230,1913,1150,1840,2227,958,997,998
419,38,14,2937,34,74,23,3019,16,20,30
420,1112,1113,1110,1111,1114,1116,1152,3007,1151,1073
421,1481,1178,1859,1482,1063,1098,1140,1367,1405,1406
422,587,588,626,521,555,556,558,590,517,522
423,263,342,1558,265,340,380,1823,1862,1140,2935
424,1519,1558,1706,3038,798,1631,1596,988,1140,1367
425,154,191,308,115,155,156,158,230,267,612
426,802,811,801,840,710,805,676,838,807,808
427,1711,1255,1293,2243,1065,1217,1256,1294,1141,1713
428,1205,1167,1202,1203,1204,1238,2967,896,1270,2064
429,1668,1671,1672,1708,1822,2013,2088,2956,1709,2938
430,481,520,654,2961,517,518,445,482,555,556
431,2619,2620,2198,1858,2276,2277,1819,2616,2659,2660
432,828,827,1167,1172,789,832,1199,1168,1473,1137
433,988,1824,1558,1783,1748,1785,1786,1823,1862,1292
434,789,2100,957,751,1911,2175,399,824,896,3029
435,1239,1240,1241,1242,1506,1205,1302,1493,1303,1202
436,1012,1279,1316,972,1013,1009,1273,1283,1276,1277
437,1048,1153,1079,1159,1196,1427,1011,1315,1471,1045
438,1155,1229,1153,1150,1167,1043,1073,1230,1075,1112
439,910,873,912,986,871,872,909,874,950,1249
440,263,265,340,2935,301,303,304,299,225,264
441,2016,2282,951,1028,1939,1977,2015,2017,2243,2931
442,1115,1043,1077,1081,1114,1118,1152,1156,1011,1315
443,1217,1255,1331,1332,1445,1447,1256,1294,1370,1559
444,1214,1252,1482,1291,263,1213,1251,1520,1215,1253
445,1091,1738,1052,1115,1119,1128,1395,1433,1661,1700
446,2407,2537,2447,2459,2614,2535,2536,2612,2366,2369
447,417,494,377,414,418,453,454,455,456,490
448,1214,1253,1368,1254,1252,1291,1176,1175,1212,1213
449,1042,1003,1078,1012,1279,1316,972,1315,1075,1115
450,956,1030,915,992,955,958,994,997,951,1028
451,1533,1104,1065,1103,1105,1142,1143,1532,1206,1069
452,3014,1098,1406,1442,1444,1026,1063,1102,1292,1329
453,1443,1596,1254,1061,1367,1405,1441,1327,1328,1478
454,2329,1886,1924,1842,1843,1885,2255,2292,2332,1035
455,364,365,326,330,291,327,362,331,366,323
456,606,228,3016,529,567,569,570,608,644,188
457,407,409,443,406,408,442,517,518,520,369
458,1331,1332,1446,1256,1294,1370,1559,1675,2054,1065
459,1091,1055,1663,1701,1738,1052,1115,1119,1128,1395
460,709,824,896,776,820,822,852,888,777,780
461,1013,709,1050,1082,1060,2342,711,747,748,749
462,46,61,158,196,92,517,518,47,443,91
463,841,1738,1737,843,879,1661,1700,1776,2947,839
464,2633,2637,2718,2756,2151,2190,2630,2638,2679,2683
465,178,172,213,251,290,827,863,249,291,292
466,686,685,3026,690,3023,647,649,724,648,687
467,567,608,644,646,605,683,1368,1709,2431,2468
468,951,1028,1255,1977,2015,953,989,1217,1256,1294
469,533,610,191,572,1715,3026,306,496,497,571
470,1217,951,1028,1255,2960,1825,1826,1977,2015,2053
471,1153,617,619,621,844,846,1155,1683,624,733
472,2221,2257,2295,2299,2030,2182,2183,2333,2334,2372
473,1153,1128,1091,1155,1079,1159,1160,1196,1424,1427
474,1250,1059,1136,1363,1364,1401,1402,1288,1516,1211
475,1076,2255,1343,807,1151,1962,1071,1077,1116,1117
476,1840,998,2180,2181,2182,1802,1838,1845,2109,2146
477,1683,843,1733,1734,1196,1155,1049,1458,1695,1697
478,1125,1166,1236,1161,1162,1163,1198,1202,1203,1204
479,2605,2644,2560,2598,2601,2604,2642,2643,2344,2132
480,889,845,790,660,693,694,696,846,888,1130
481,788,826,1129,824,1125,1419,1453,1455,2212,2975
482,1668,1251,1557,1596,1252,1482,1634,1670,1706,3038
483,570,148,151,417,531,568,106,2935,301,303
484,1013,1050,1082,1090,1394,1052,1128,1009,1353,1045
485,1668,1671,1708,1367,1405,1744,1746,1670,1706,1783
486,896,820,822,783,821,859,928,935,897,898
487,910,874,871,872,909,873,912,1288,1479,1517
488,1161,1162,1163,1198,2977,1114,1149,1152,1157,1189
489,1824,1860,1520,1553,1591,1633,1823,1862,1894,1900
490,572,457,495,533,535,573,610,612,614,650
491,1024,1025,1062,1023,1064,986,987,1022,984,985
492,263,378,414,2935,301,303,304,338,376,415
493,580,807,882,457,495,534,535,575,576,577
494,1144,1145,1183,1417,1452,1141,1146,1182,1185,1373
495,1683,1685,1810,1682,1720,1722,1735,1772,1684,1686
496,562,561,525,563,526,602,559,596,630,664
497,1753,994,993,1760,1813,2323,995,996,1188,1261
498,37,107,110,114,34,73,74,2790,2791,2876
499,1613,2291,734,806,1315,1074,1075,1115,2936,1043
500,973,1309,1311,900,935,1012,1279,1316,1508,972
501,1201,1009,1199,1013,1202,1203,1204,1238,2967,1205
502,37,38,107,110,114,2937,34,74,75,112
503,364,365,425,366,363,2995,326,427,429,466
504,341,450,1292,1329,1330,380,379,413,417,489
505,711,747,748,749,2343,1055,824,847,2420,675
506,1368,1706,3038,1291,1669,1710,2996,1253,1363,1364
507,1147,1148,1188,1689,1106,1150,1183,1396,1434,1153
508,1001,1032,1038,2183,965,967,1000,1004,1496,1534
509,994,2191,2231,993,1983,2065,2102,2103,995,996
510,2678,2759,2171,2641,2680,2681,1074,2095,2676,2721
511,896,1128,788,783,821,859,1129,824,1125,820
512,843,847,807,808,844,846,920,806,884,1720
513,990,951,687,723,725,1977,2015,647,953,989
514,1129,1125,1159,1427,1472,1201,1013,1161,1162,1163
515,1979,1902,1939,2960,2245,2284,2322,2360,2397,2435
516,120,157,159,161,162,197,437,168,121,123
517,752,789,826,1011,784,790,1129,824,1663,1701
518,3016,565,567,603,604,608,642,644,646,682
519,380,263,342,378,414,2935,301,303,304,338
520,575,576,577,578,612,614,616,650,130,194
521,1130,1091,1092,1155,1739,1017,1055,1093,1131,1150
522,743,849,682,708,739,888,643,684,722,777
523,161,162,168,130,153,163,164,192,3012,158
524,1065,1217,1218,1181,1104,1219,1255,1331,1332,1445
525,1596,1860,224,3016,567,570,608,644,874,1520
526,1090,1394,781,782,1052,1128,675,1013,1049,1051
527,1811,1229,1883,1190,1839,1840,2029,2227,957,997
528,224,148,151,187,189,226,2957,185,188,227
529,1091,1130,1738,1055,1125,1092,3029,1129,1737,1052
530,443,367,369,404,405,407,331,366,406,442
531,1073,1109,1071,1110,1111,1114,1145,1147,1148,1152
532,1202,1203,1204,1238,2967,1205,1032,1266,1268,1304
533,675,401,403,476,438,785,819,2941,402,475
534,2949,1042,1077,1613,1763,1844,1072,1078,1380,1644
535,1097,1368,1477,1518,1482,525,1099,1740,1742,1064
536,384,382,421,879,1794,308,343,381,420,422
537,1472,1130,1167,1129,1091,1128,1199,1200,1013,1045
538,875,878,837,876,913,914,951,2960,838,647
539,2494,2495,2533,2572,384,206,1888,2445,2496,2532
540,3004,1282,1055,1283,1243,1280,1015,1052,1056,1244
541,1181,1597,1635,2960,1180,1901,1903,1940,875,878
542,951,953,989,1028,1030,990,992,801,839,875
543,2815,2953,2781,2737,2814,2817,2813,2911,2777,2782
544,1114,1152,1157,1181,1080,1090,1121,1127,1158,1394
545,75,76,112,2933,71,107,110,113,114,149
546,731,728,730,1913,693,694,696,768,925,958
547,237,172,210,238,312,3032,311,314,276,277
548,2989,873,912,947,948,795,871,872,909,2616
549,2718,2668,2710,2673,2674,2675,2717,2672,2677,2713
550,602,676,678,641,639,679,601,636,2197,564
551,1230,1190,1155,1229,1149,1188,1189,1194,1226,1153
552,684,646,682,607,643,3016,567,603,608,642
553,752,790,751,827,789,828,754,791,864,676
554,918,2009,1896,1856,1971,2008,2927,2657,603,2543
555,1114,1117,1120,1152,1151,844,1076,1080,1121,1158
556,1777,2045,1739,2346,988,2123,949,987,1738,2194
557,1888,1887,1926,1202,1203,1204,1238,2967,1231,1236
558,1495,2992,1262,1265,1494,1504,1530,1531,1191,1178
559,1323,1322,1625,1361,1399,1246,1055,1627,1285,1359
560,377,418,454,455,456,490,491,492,493,530
561,2926,2813,2911,2920,2665,2706,2707,2744,2747,2788
562,1037,1763,1844,1884,1644,1646,1916,2352,1215,1074
563,865,900,1014,977,672,938,976,673,979,1010
564,2641,2680,2681,2645,2678,2682,2723,2759,2563,2598
565,603,2937,2769,2809,2969,2048,341,36,450,2774
566,3016,567,608,644,646,605,607,684,565,569
567,3014,1098,1406,1442,1444,1063,1292,1329,1330,1216
568,2623,2625,2661,2663,2926,2662,2781,2888,2624,2700
569,1181,1141,1180,1065,1103,1105,1142,1143,1179,1217
570,2203,2086,1681,2020,2313,2127,2162,2163,2165,2166
571,38,10,52,9,2976,2981,3,4,7,11
572,293,728,523,331,408,255,597,599,387,672
573,517,518,443,519,520,550,446,478,480,481
574,1228,1235,1237,1274,1149,1189,1226,1032,1165,1266
575,2335,2337,2376,2609,2648,1883,2292,2332,2649,2451
576,1173,798,529,567,569,570,608,644,342,2201
577,926,733,809,843,847,699,738,891,928,1196
578,1558,1140,1519,1520,1178,1482,988,1406,1444,3014
579,764,800,687,723,725,801,763,838,1673,1711
580,1155,884,1077,1153,1150,1733,1734,920,1645,1683
581,1012,1279,1316,972,1046,935,1008,1275,1314,1317
582,1130,1131,1183,1055,1015,1052,1128,1395,1433,1435
583,2633,2673,2674,2675,2717,2637,2678,2759,2716,2718
584,399,1603,1639,172,330,370,332,1375,1414,1605
585,437,478,509,543,544,474,475,579,580,408
586,46,86,91,92,49,518,53,57,59,2928
587,2938,2518,2519,2559,2597,889,988,2171,2517,2558
588,1660,1016,1017,1093,1013,1045,1047,1658,1071,1056
589,2661,2663,2668,2673,2666,2700,2704,2711,2713,2714
590,224,529,570,342,1824,148,151,187,189,226
591,949,1024,2265,1023,987,1043,2294,2298,2304,2379
592,954,878,837,876,879,916,952,953,839,875
593,2609,2648,1183,1380,2565,2605,1107,1145,2080,2485
594,790,789,751,754,791,677,752,753,714,828
595,1205,1236,962,1167,1174,1175,1212,1037,1194,1139
596,1446,1370,1559,1065,1408,1333,1560,1561,1598,1104
597,2496,2532,2534,2574,728,2535,2536,2612,691,2538
598,2081,1776,1736,2080,2998,713,1663,1701,2043,2423
599,934,896,220,217,2197,752,790,829,1243,321
600,1055,1663,1701,845,1662,1132,752,900,1092,247
601,684,682,2996,759,2930,3006,3016,603,642,718
602,1144,1150,1075,1146,1185,1190,2936,1155,1071,1110
603,1002,1202,1203,1204,1238,2967,1003,1205,1236,935
604,1034,1568,1230,1040,1608,1193,1302,1493,1494,1496
605,1228,918,956,955,958,994,997,1149,1189,1191
606,265,223,261,222,225,263,264,266,2937,302
607,1939,2207,1711,1979,1980,2016,951,1028,2205,2244
608,2794,2790,2791,2711,2752,2835,2875,3028,2815,2953
609,764,687,723,725,647,763,952,838,800,913
610,522,587,626,521,556,558,484,519,520,553
611,1177,1174,832,1861,1899,1216,870,1139,2352,1823
612,769,773,774,810,807,808,1832,767,1916,1992
613,2847,2885,2926,2790,2791,2919,2920,2968,2884,2886
614,2487,2564,2566,2646,2525,2565,2647,2684,2485,2523
615,341,415,416,532,379,494,342,3016,377,414
616,1003,1205,1315,1007,1273,1042,1048,1167,1245,1282
617,1205,3004,1315,744,1202,1203,1204,1238,1317,1354
618,1187,1224,1185,2458,1453,1455,1725,2178,1186,1192
619,341,988,529,1858,759,342,986,2541,379,494
620,1182,1091,1055,1181,1663,1701,1738,1125,1056,1130
621,701,705,706,665,668,700,633,663,667,669
622,1367,1405,1783,1443,1668,1671,1708,1098,1402,1406
623,2331,923,1038,1199,1266,1268,1304,2414,2416,926
624,682,949,658,2393,2431,2468,2505,2507,2508,2540
625,595,666,672,597,599,260,523,526,564,633
626,1153,1201,1079,1159,1196,1427,1009,1011,1199,1315
627,1214,1253,567,608,644,646,1252,605,1254,1368
628,988,1100,1368,1709,1744,1746,1747,722,757,760
629,1291,1214,1253,1480,1368,1400,1021,1292,1329,1330
630,873,912,797,871,872,874,985,988,834,835
631,1668,1671,1708,1367,1405,1744,1746,1670,1706,1783
632,1128,1127,1129,1202,1203,1204,1238,2967,1125,1166
633,1141,1065,1103,1105,1142,1143,1179,1181,1104,1106
634,215,172,213,827,211,249,327,133,212,253
635,437,478,511,204,314,663,475,548,201,202
636,53,46,89,58,41,78,80,88,1,39
637,1558,1519,1251,1481,1520,380,1668,1671,1708,414
638,401,403,476,479,512,438,442,402,475,367
639,1023,1440,1025,1062,1478,2124,1022,1026,1063,1402
640,417,494,377,414,418,453,454,455,456,490
641,1064,1024,722,758,1026,1063,1102,2938,759,1025
642,1292,1329,1330,988,1291,1822,1098,1367,1368,1402
643,1283,3004,1055,1092,1245,1282,1015,1246,902,1018
644,1055,676,1092,641,716,1053,1054,713,714,2998
645,2081,1950,2119,2203,1948,1952,1988,2077,2997,1777
646,1043,1879,1881,1045,1047,1072,1078,1658,1695,1697
647,1368,1214,1253,1254,1291,1252,1176,1292,1329,1330
648,1023,2124,1022,2431,2468,2505,2507,2508,2048,1077
649,567,608,644,2943,646,605,798,1824,1292,1329
650,1073,1112,1113,1341,1565,1566,1013,1072,1375,1380
651,910,1288,1479,1517,1592,1596,1254,1593,1630,2989
652,500,539,541,461,542,501,575,576,2958,458
653,796,1137,1177,2275,1861,1899,2353,1174,1819,2204
654,330,367,370,404,331,366,675,259,220,298
655,1150,1153,1075,1146,1190,2936,1155,1071,1110,1111
656,559,596,630,664,595,666,561,698,594,896
657,1214,1253,567,608,644,874,2943,950,646,873
658,2099,2216,2176,2179,1911,1951,2175,2214,1912,2138
659,46,89,595,521,49,522,53,523,54,55
660,2169,1413,1982,2171,1181,2020,1220,1257,1411,3039
661,1048,1003,1205,1013,1045,1047,1049,1078,1009,1011
662,1048,1003,1205,1309,1311,1079,1012,1279,1316,1508
663,1064,1706,3038,1099,1026,1063,1097,1102,1098,1100
664,533,610,647,117,3026,306,571,609,611,686
665,1153,1151,1683,1112,1113,1154,1155,1420,1459,1684
666,1214,1215,874,1252,1139,873,912,950,1213,1251
667,926,887,843,889,859,846,888,920,478,825
668,1709,1822,874,873,912,2048,1824,2989,1860,1746
669,1064,1099,1706,3038,1026,1063,1097,1102,1098,1100
670,1013,1076,1428,1041,1050,1082,1313,1343,1350,1079
671,842,880,760,1952,2997,843,988,1720,1873,881
672,909,1249,2989,1215,874,1858,871,872,1897,1934
673,993,1851,1030,992,1839,2029,994,2322,2360,1031
674,133,327,172,247,286,324,387,364,365,170
675,683,2938,645,684,719,760,646,682,721,680
676,1860,1824,1252,1709,988,1823,1862,1900,3030,1214
677,1229,955,957,994,997,1167,1230,1190,1802,1813
678,2467,2469,2546,2930,3006,2431,2465,2468,2504,2505
679,3014,529,567,569,570,608,644,1175,1212,1250
680,567,608,644,606,986,379,646,2048,527,531
681,1026,1175,1212,1216,1099,1176,1633,1063,1097,1102
682,958,1914,2030,884,921,1794,1032,1038,2064,918
683,1458,1150,1645,2949,1315,1735,1772,1075,1190,2936
684,900,3029,789,832,752,831,896,1205,928,935
685,771,708,738,737,778,2641,2680,2681,709,742
686,843,847,926,887,891,1683,1685,1691,771,774
687,1013,1009,1012,1279,1316,972,1273,1048,1050,1082
688,1588,1550,2962,255,1322,1475,260,1361,754,1247
689,378,379,417,380,377,414,418,454,455,456
690,342,1823,1862,1177,1216,1558,341,1824,1861,1899
691,1250,3014,529,341,1216,531,568,1139,379,494
692,1177,1139,1174,3014,874,1140,988,1861,1899,1173
693,517,518,512,136,215,409,443,330,367,404
694,484,407,523,409,443,520,446,481,483,587
695,731,730,728,1913,693,694,696,768,1000,1840
696,38,2937,34,74,32,30,36,37,107,110
697,1812,1776,1815,2004,2947,1774,1963,2382,2156,2307
698,1055,672,597,599,713,714,633,670,1663,1701
699,162,172,251,217,210,211,249,362,209,248
700,827,864,751,713,714,789,754,676,677,752
701,1725,1878,1227,1686,1687,1724,1726,1919,2180,2181
702,1252,1368,1214,1253,1251,1291,1482,3038,1596,1254
703,1252,2470,1860,1824,1709,1214,1671,1672,1708,1822
704,1012,1279,1316,972,1007,936,937,974,975,902
705,997,1225,1264,1802,959,995,996,1229,1032,1034
706,1663,1701,1359,1360,2157,1013,2941,707,709,1810
707,2603,2642,2643,2640,2645,2682,2176,2565,2644,2341
708,478,130,163,164,3012,517,518,92,165,166
709,1129,1128,1091,1161,1162,1163,1198,1079,1159,1194
710,2217,2221,2254,2257,2295,2299,2341,2380,2381,1685
711,2160,2046,755,2124,2083,2084,2121,2162,2163,679
712,1822,1098,1406,1442,1444,1709,1746,1747,1102,1292
713,414,263,378,415,416,451,452,532,379,417
714,34,35,68,74,11,3028,54,60,24,32
715,38,3019,6,4,54,11,13,14,15,17
716,646,607,684,3016,567,603,608,642,644,682
717,1217,1255,1331,1332,1445,1446,1447,1256,1294,1370
718,496,421,533,534,575,576,577,578,610,612
719,134,168,364,365,133,170,206,366,314,131
720,685,724,517,345,559,596,630,664,686,690
721,38,34,74,11,24,32,52,6,12,16
722,1358,675,1678,1052,1395,1397,1433,1131,1396,1434
723,234,3031,310,346,347,545,307,344,581,628
724,1902,2091,2129,2130,838,1901,1903,2054,2168,801
725,1140,1175,1212,1250,797,3014,1139,1178,1173,1216
726,1236,1195,1228,1166,1114,1149,1152,1157,1189,1194
727,1028,991,951,1027,1977,2015,953,989,1030,1713
728,1672,1822,2013,2088,2956,1748,1785,1786,1634,1670
729,117,268,191,269,77,153,192,229,115,155
730,1763,997,1033,1070,1848,1886,1032,961,1719,1765
731,798,341,529,606,342,379,494,526,340,380
732,759,797,3016,569,570,2315,2316,528,415,416
733,1239,1240,1241,1242,1506,1032,1243,1514,1031,1228
734,1251,1481,414,1140,1367,1405,341,380,1859,1252
735,1306,1503,3035,1497,1535,1536,927,1153,1502,1504
736,1140,1139,1178,873,912,1174,1214,1215,2204,3001
737,2077,2079,2118,1687,1919,1990,2001,2032,2036,1905
738,260,259,220,298,181,219,258,754,1475,178
739,496,497,571,611,457,495,533,534,535,610
740,2131,2094,2132,2168,875,1964,1865,1941,2093,837
741,19,51,550,46,480,43,583,477,513,515
742,1840,2227,997,998,1802,1838,1845,2102,2106,2109
743,263,265,340,2935,301,303,304,414,1520,1900
744,1048,1003,935,973,1045,1047,1049,1078,1009,1011
745,117,77,81,119,196,41,80,88,53,57
746,136,217,137,139,176,177,216,2973,63,95
747,2461,1988,2079,2118,2179,2458,2609,2648,2081,2119
748,1132,1053,1054,1170,1017,1055,1093,752,1016,1092
749,1821,1824,1859,796,1519,1823,1862,1894,1938,2240
750,1634,1520,2996,1668,1671,1672,1708,2956,1709,1631
751,1043,1076,1080,1121,1158,2294,2298,1050,1082,708
752,1230,1229,1191,1193,1190,1098,1442,1167,1232,1504
753,1119,790,1091,2941,891,1081,1118,1156,1157,1194
754,1711,647,1939,2205,1673,1712,2016,951,1752,1713
755,1169,1243,1546,728,1321,133,331,366,1258,1510
756,1981,2246,1980,2206,2020,1677,2017,2167,2169,2207
757,1709,1822,567,608,644,874,2943,646,873,912
758,2467,2469,2546,2617,2086,2470,1254,1288,1596,2431
759,1477,2352,2084,2431,2468,2505,2507,2508,2539,2543
760,224,3016,567,570,608,644,874,148,151,187
761,2203,2127,2162,2163,2165,2166,2198,1819,2049,2124
762,363,440,400,362,402,435,366,438,741,743
763,2155,731,1888,2057,1965,2193,2291,2156,2501,2499
764,1363,1364,1401,1368,985,1115,1049,1706,1077,1081
765,1402,1744,1746,1668,1671,1708,1782,1443,1745,1748
766,1230,1229,1190,1192,1167,1225,1264,2212,1150,1149
767,827,828,1056,1297,2095,1112,1113,1013,1296,1372
768,2383,2347,2385,2345,2384,2043,2120,2158,2386,2387
769,2019,956,2170,2405,2474,955,958,1869,1914,1945
770,2281,2320,2282,2283,2319,2960,1691,2252,2321,2358
771,1443,1596,1254,1367,1405,1441,1746,1327,1328,1478
772,1683,1183,1735,1772,1197,1681,2952,1128,1185,1395
773,988,950,1025,1062,949,1024,1140,1026,1061,1063
774,153,192,158,657,652,154,157,191,197,572
775,1634,1520,2996,1668,1671,1672,1708,1822,2013,2049
776,120,159,198,83,130,163,164,194,3012,122
777,2930,3006,2391,2392,2394,2351,2390,2393,2470,2087
778,2206,2167,1673,1711,1712,1865,2129,1677,1825,1826
779,1979,1939,2205,2244,2192,2247,993,2209,2472,2473
780,1252,1482,1406,1444,3030,1214,3014,1213,1251,1291
781,2218,2220,1954,1995,2215,2219,2255,2256,2260,2298
782,1130,1321,1091,1092,1472,737,660,665,668,672
783,2982,2670,2716,2718,2749,2751,2639,2710,2758,2760
784,1282,1283,2994,1208,1206,1207,1285,1245,1320,1209
785,415,416,532,227,262,2935,300,301,303,304
786,2030,1840,1847,2067,2068,2070,2104,2107,2110,2111
787,1110,1111,1114,1152,2221,3007,1073,1080,1109,1121
788,1099,1026,1063,1097,1102,1098,1100,1367,1405,1406
789,38,114,2937,73,75,22,28,112,2933,32
790,1043,1011,1315,1571,1013,1045,1047,1049,1078,1623
791,1140,1861,1899,1558,1178,1823,1862,1894,1900,1938
792,2769,2774,2806,2809,2969,794,2584,2773,2811,2847
793,2016,951,1028,1255,1939,1977,2015,2017,2243,2931
794,2569,1926,2570,2571,2306,2474,2526,2530,2531,1888
795,1347,1348,1151,1041,1050,1082,1307,1313,1343,1349
796,839,837,841,876,838,879,801,840,875,878
797,2010,1822,2013,2050,2088,681,720,796,645,719
798,1596,1251,1252,3038,910,1555,1556,1594,2970,1254
799,1939,1978,2167,2207,1673,1711,1712,1979,1980,2016
800,1587,1193,1222,2962,1225,1232,1264,1298,1223,1228
801,1114,1152,1112,1113,1115,1080,1121,1158,1151,1081
802,1367,1405,1443,1251,1481,1025,1062,1668,1021,1059
803,824,889,896,820,822,846,852,888,783,821
804,646,682,567,570,603,608,644,607,643,684
805,1011,1315,1045,1047,1049,1658,1077,1048,1050,1082
806,2083,879,2439,2475,2476,880,791,1941,2093,914
807,1205,1236,934,935,1202,1203,1204,1238,2967,896
808,2938,683,2543,2544,645,719,2695,2728,2769,2545
809,1252,1860,1214,874,1251,1520,1823,1862,1900,3030
810,1075,2936,1110,1111,3007,1150,1073,1109,1384,1648
811,1023,949,1215,2124,1022,2431,2468,2505,2507,2508
812,367,404,331,366,406,408,438,442,401,403
813,2041,2078,2002,2003,2040,2042,2077,2081,2079,2118
814,1981,2018,2205,2244,2020,2057,2209,1717,1719,1754
815,1080,1121,1158,1192,1195,1228,1230,1384,1165,1266
816,2815,2813,2911,2919,2920,2775,2776,2781,2783,2785
817,1192,1230,1168,1435,1038,1266,1268,1304,1227,1229
818,864,711,747,748,749,900,1015,750,788,288
819,667,669,594,631,701,705,706,593,595,899
820,172,955,957,864,133,170,276,134,959,178
821,1045,1047,1049,709,742,1011,1315,703,740,781
822,684,682,2767,2768,2695,2728,3016,2938,607,643
823,831,2160,2162,2163,2198,679,792,1819,2124,3001
824,229,191,572,231,462,496,497,539,2055,2243
825,2013,2088,874,2996,950,646,873,911,912,1633
826,1149,1189,1226,1190,1186,1192,1228,1683,1125,1470
827,1337,1527,1299,1525,1620,1075,2936,1648,1649,1650
828,874,909,873,912,947,948,1249,2989,1215,567
829,8,2094,2132,403,19,2976,2981,3,51,54
830,1257,1483,1522,1027,1219,1255,1484,1485,1521,3034
831,2084,2160,2162,2163,2209,2252,2250,2985,2046,2047
832,928,1056,1809,1155,3029,863,1018,751,826,3025
833,1067,1643,2093,1103,1105,1142,1143,1069,1452,1645
834,606,567,569,570,608,644,379,646,531,568
835,1217,1218,1027,1028,1219,1255,1331,1332,1445,1447
836,1028,1825,1826,1977,2015,2053,989,1029,1066,1256
837,1641,803,841,1335,1621,801,840,1660,1144,673
838,481,520,559,596,654,655,661,2961,517,518
839,790,751,789,754,791,2097,677,752,753,3029
840,2201,2237,2238,2314,2162,2163,2198,1821,1824,2239
841,2790,2791,2926,2884,2886,2918,2924,2794,2835,2875
842,2025,886,824,617,619,864,924,444,862,925
843,1668,1671,1708,1670,1706,988,1367,1405,1709,1744
844,675,672,842,597,599,843,298,185,338,224
845,2208,2247,2209,2019,2022,2023,2250,2985,2244,2018
846,809,843,847,926,1681,806,887,1946,1950,737
847,1140,1102,1292,1329,1330,1139,1178,1101,1291,1440
848,954,2986,915,839,840,878,917,879,916,952
849,1003,1315,1042,1048,1075,1115,1254,2936,1007,1273
850,3029,1168,1130,789,845,1055,1091,1092,1205,1435
851,1205,1167,1196,1201,1809,1810,1013,1045,1047,1049
852,2057,2205,2244,2193,1981,2019,2022,2023,2018,2171
853,2794,2919,2920,2968,2790,2791,2926,2661,2663,2879
854,556,558,624,520,553,554,557,589,592,623
855,1028,1978,991,2016,2092,951,1902,1939,2960,1825
856,1742,1325,1363,1364,1401,1667,1704,1705,1058,1368
857,1101,1139,1063,1102,1250,1098,1100,1442,1174,3014
858,2989,2616,2657,567,608,644,874,1858,606,909
859,1055,1092,1663,1701,1053,1054,1130,1015,1052,1115
860,832,1596,1821,831,1706,835,836,869,908,1555
861,2179,2296,2562,2216,2217,2254,2257,2258,2291,2295
862,1028,1255,1977,2015,1256,1294,991,1217,1713,1749
863,425,536,537,539,571,574,611,461,457,463
864,3038,2996,1253,1140,1292,1329,1330,1367,1368,1405
865,497,572,913,2206,343,381,420,2055,421,457
866,2239,1938,2240,2242,2313,1858,2201,2237,2280,2199
867,874,2989,873,912,3030,1213,1520,2943,909,1214
868,1071,1613,1104,1106,1144,1042,1307,1349,1069,1073
869,172,210,364,365,403,213,478,237,247,286
870,1859,1821,1824,1823,1862,1894,1938,2240,1026,1558
871,3038,1367,1405,1631,1706,1099,1138,1443,1519,1025
872,3016,567,608,644,646,605,607,684,224,565
873,1114,1147,1148,1152,1157,1155,1684,1686,2952,1153
874,798,835,836,910,988,986,1250,1858,2943,606
875,1175,1212,1213,1176,1216,1479,1517,1592,1254,1477
876,2584,2731,2772,2767,2768,2695,2728,1026,1140,2938
877,414,341,380,415,416,451,452,532,379,417
878,1071,1065,1073,1076,1104,1144,1151,1219,1445,1446
879,520,407,523,406,445,482,556,558,409,443
880,2976,54,10,9,8,2937,11,13,14,15
881,926,843,617,619,846,920,478,934,957,2965
882,2989,874,1858,909,2352,1897,1934,873,912,1289
883,259,260,178,217,220,298,139,177,216,255
884,485,523,658,488,556,558,624,657,662,522
885,1140,1406,1444,3014,1175,1212,1250,1099,1139,1178
886,798,341,529,342,606,1938,2240,379,494,380
887,1037,728,768,1074,1924,2183,2352,731,734,845
888,2218,2220,3020,1344,1346,1922,1382,1997,2034,2223
889,657,656,658,587,588,621,626,660,521,555
890,791,794,829,1824,1893,2539,715,719,2234,718
891,520,934,1199,314,620,926,1129,3017,346,445
892,1859,1481,2356,1519,1823,1862,1894,1938,2240,2354
893,1753,994,2229,993,1760,1794,1797,1800,1979,2779
894,38,114,2937,75,112,2933,32,71,36,37
895,524,528,453,529,656,566,489,494,526,587
896,1824,1860,1709,1668,1671,1672,1708,1822,2013,2088
897,570,187,189,226,2957,415,416,531,532,568
898,887,851,885,817,853,855,892,926,825,854
899,2586,2547,2548,2550,2587,2588,2509,2549,2551,2589
900,1475,2962,1588,1626,1246,1477,1513,260,1175,1212
901,153,192,194,229,231,120,154,157,159,191
902,1125,1194,1196,1049,1161,1162,1163,1198,784,1155
903,915,952,958,997,917,1848,913,914,1030,2986
904,345,193,194,343,381,420,692,115,116,118
905,835,836,870,757,1210,907,1172,832,1515,1516
906,1251,1596,1252,3038,1254,1214,1253,1555,1556,1594
907,981,983,984,985,1057,1059,1061,1025,1062,1060
908,1230,1849,1229,1812,1168,1190,1815,2947,1192,2949
909,2781,2813,2911,2782,2820,2825,2826,2853,2864,2867
910,1935,1936,1937,1972,1976,2315,2316,874,1858,795
911,1623,1358,3004,1625,1052,1168,1182,1395,1397,1433
912,867,942,1851,1889,1928,2268,2983,903,941,2154
913,328,133,212,366,364,365,403,172,213,367
914,521,2961,622,656,481,3033,551,587,588,621
915,1150,1230,1685,1075,1185,1190,2936,1155,1229,1686
916,2498,2535,2536,2612,2497,2611,2496,2532,2534,2573
917,3016,567,569,608,644,607,643,684,605,798
918,641,679,1094,981,754,982,602,676,677,678
919,536,537,539,574,764,461,457,495,499,501
920,414,341,450,380,415,416,451,452,532,379
921,1050,1082,1013,1045,1047,1049,1051,1084,1085,1086
922,162,437,478,233,235,306,345,384,464,550
923,1683,1681,2171,2952,884,2254,1183,1912,920,1417
924,2054,2168,2926,2055,2919,2920,2931,2968,2091,2129
925,1367,1402,1405,1365,1443,1025,1062,1021,1026,1059
926,759,640,798,528,3016,569,2315,2316,566,606
927,1228,1149,1189,1220,1226,1190,1033,1070,1413,1684
928,1297,1539,1527,1296,1459,1460,1258,1306,1334,1374
929,1025,1062,1026,1063,1102,1367,1405,988,1024,1443
930,34,74,30,37,32,107,110,114,2937,35
931,929,931,964,1167,2114,1767,1806,1738,1196,2193
932,768,1037,731,1001,2022,2023,2026,2027,2062,2064
933,174,425,3032,424,175,214,252,277,315,316
934,889,2952,887,1682,881,1645,1683,843,1607,588
935,1860,1520,1823,1862,1900,3030,1252,1482,1558,1140
936,34,74,38,3019,6,16,30,37,24,32
937,1092,1049,1053,1054,1077,1081,1118,1156,1017,1055
938,1079,1049,1115,1153,1083,1389,1428,1737,809,1151
939,1706,1669,1710,2996,1668,1671,1672,1708,2956,1368
940,1205,1202,1203,1204,1238,2967,1003,1233,1234,1236
941,3011,3024,419,2978,463,422,458,460,309,305
942,1858,1819,2616,1744,2540,1857,1859,1895,2353,2989
943,1292,1329,1330,1367,1368,1405,1406,1444,1706,3038
944,826,3029,2030,2115,2333,2334,2372,1950,2217,2221
945,1608,1192,1230,2949,1190,1098,1442,1457,1568,1571
946,950,949,1024,988,1022,984,1021,1025,1062,1060
947,988,1140,1900,3030,874,1520,797,1064,986,1557
948,3038,798,1519,1025,1062,1250,1251,1481,1059,1061
949,1190,1150,1149,1188,1189,1226,1155,1075,1146,2936
950,1077,2949,1119,1154,1155,1049,1458,1081,1116,1118
951,2319,2321,2358,2359,2281,2320,2357,2396,2959,1939
952,1205,1202,1203,1204,1238,2967,1167,1236,1239,1240
953,1668,1671,1708,2049,2126,1367,1405,1670,1706,1783
954,1117,1120,1157,1159,1427,1125,1431,1119,1154,1076
955,2917,2925,2790,2791,2876,2919,2920,32,2916,2921
956,1660,1621,1658,1011,1356,1014,1123,1653,1659,1692
957,2221,1722,2030,2218,2220,884,2157,1112,1113,1883
958,1860,1823,1862,1900,3030,1213,1520,1557,1859,1935
959,955,957,959,956,1030,1229,992,1190,1753,2029
960,1902,1939,2960,1901,1940,1978,2167,2207,1217,1673
961,1596,1252,1555,1556,1594,2970,1633,3030,1214,1253
962,327,364,365,259,326,864,330,133,331,366
963,1228,1533,1793,1794,1795,1924,1912,2096,2136,1110
964,1052,1130,2977,1358,1055,1091,1092,675,1125,1164
965,1668,1671,1708,2049,2124,2126,2930,3006,1631,1632
966,879,652,765,802,803,841,588,621,660,880
967,2759,2683,2982,2633,2589,2592,2641,2680,2681,2026
968,1191,1186,1192,1383,1457,1953,2141,2330,2368,1187
969,1147,1148,1188,1150,1109,1186,1645,1648,1649,1075
970,840,838,879,916,954,801,839,878,1681,2986
971,1292,1329,1330,1291,1098,1367,1368,1402,1405,1406
972,2162,2163,2047,2128,2203,2125,2161,2200,2694,2950
973,2013,2088,1634,2011,2051,2052,2089,1900,1973,2012
974,737,732,811,1683,1693,1991,771,809,843,889
975,1634,1520,2996,1709,1668,1671,1672,1708,2956,1631
976,1783,2011,2048,2051,2052,2089,2090,2203,988,2010
977,2013,2049,2088,2124,2126,2930,3006,2391,2392,2394
978,1671,1708,874,1251,909,986,1557,1596,1935,1936
979,1860,1824,1520,1823,1862,1900,3030,1558,1821,1861
980,1130,1738,1623,2081,2119,752,790,1097,1091,1092
981,2116,1685,1913,1952,1954,1963,1991,1995,2075,2076
982,529,569,570,531,568,798,494,566,606,3016
983,1315,1074,1075,1115,2936,1043,1073,2949,773,810
984,1037,2113,2149,2150,2152,2188,2189,1767,1840,1847
985,1055,1283,1092,3025,1663,1701,1056,1053,1054,1245
986,2124,2162,2163,2431,2468,2505,2507,2508,2543,2544
987,384,878,1031,879,422,1068,837,876,1030,2978
988,409,446,478,483,484,407,517,518,789,443
989,843,842,926,1683,805,847,844,846,880,920
990,367,369,370,404,291,212,331,366,406,408
991,1858,2201,2237,2579,2616,3001,2539,2239,2318,1855
992,1283,901,939,940,978,1207,1245,1282,938,976
993,49,48,46,86,19,2928,51,55,44,5
994,2124,2162,2163,2048,2047,2128,2203,2389,2125,2161
995,1015,1055,1092,2383,675,1052,1283,1282,1053,1054
996,1168,1190,1149,1188,1189,1226,1150,1186,1192,1228
997,2960,1901,1940,1217,1220,1257,1483,1522,1560,1561
998,2247,2019,2022,2023,2027,2062,2064,956,2030,2246
999,1683,1155,1153,2952,1150,1077,1733,1734,920,1645
1000,1824,1823,1862,1558,1821,1861,1899,1859,1860,342
1001,533,610,647,3026,571,609,611,572,913,648
1002,265,148,151,379,417,114,225,263,264,266
1003,2016,2282,1028,1939,2205,2244,1977,2015,2017,2243
1004,2244,2207,991,1980,1028,1939,2205,2017,953,989
1005,453,759,489,494,831,640,798,910,341,449
1006,633,670,672,634,701,705,706,736,597,599
1007,260,754,526,564,829,830,525,259,220,298
1008,2019,2064,956,1753,1840,2061,955,958,994,997
1009,1150,1155,1075,1190,2936,1767,958,997,1228,1230
1010,951,687,723,725,3023,647,649,685,763,952
1011,34,74,30,37,32,66,11,107,110,114
1012,842,1114,1152,2952,1722,1112,1113,1115,1080,1109
1013,1155,1112,1113,1154,1185,1460,1153,1228,1417,1452
1014,888,826,784,2176,2603,742,890,783,821,859
1015,1783,1779,1818,2952,3002,840,1668,1671,1708,414
1016,422,2978,383,3011,3024,419,421,463,343,381
1017,3029,1776,1622,1849,2307,1733,1734,1583,751,1525
1018,1190,1149,1188,1189,1224,1226,1150,1186,1192,1223
1019,1978,2016,2092,951,1028,1902,1939,2960,1825,1826
1020,1629,1706,2086,1631,1363,1364,1401,1667,1668,1671
1021,350,353,387,422,3032,388,424,426,289,327
1022,988,719,722,757,760,983,984,985,1059,1061
1023,1130,1623,1738,2081,2119,752,790,2975,1091,1092
1024,2154,2155,2230,2193,2156,2344,2151,2190,2191,2192
1025,1012,1279,1316,972,1007,1280,936,937,974,975
1026,1821,1824,1861,1899,342,1823,1862,1900,1938,2240
1027,1061,1746,2198,835,836,910,988,1099,1745,1784
1028,1128,1127,1129,1202,1203,1204,1238,2967,1125,1166
1029,1107,2383,1397,1282,1886,2345,2384,3004,1243,1280
1030,2935,301,303,304,338,339,225,263,264,266
1031,305,267,3017,310,421,463,573,612,614,650
1032,340,263,299,336,2935,301,303,304,265,297
1033,341,380,379,417,494,378,377,414,418,453
1034,2673,2674,2675,2717,2632,2885,2670,2716,2718,2749
1035,1975,646,798,1938,1973,2012,2014,2240,3027,341
1036,414,341,340,380,415,416,451,452,532,379
1037,2478,2598,2601,2604,2485,2523,2524,2560,2724,2479
1038,1283,1248,1286,2160,2046,2383,869,1019,1058,1323
1039,2725,2733,2730,2770,2127,2165,2166,679,792,2695
1040,2994,1475,1243,728,1282,1552,1590,1020,1361,1325
1041,2543,2544,2584,2356,2204,2579,2318,2353,2391,2392
1042,3014,529,570,341,1216,531,568,1139,379,494
1043,1077,1722,1873,1644,1646,1916,1155,1074,1075,1112
1044,874,3030,1520,873,912,1557,1596,1860,1252,1558
1045,1055,1091,1092,1052,1661,1700,1053,1054,1663,1701
1046,843,733,805,672,842,598,737,634,697,731
1047,2094,2652,2653,2688,2691,1641,2565,2603,2644,2169
1048,1216,1823,1862,1175,1212,1213,2201,2237,1174,2579
1049,1946,1950,1986,2081,1948,1952,1988,2172,2173,2210
1050,676,716,714,982,327,1703,1740,2044,2082,2347
1051,162,1981,382,424,328,343,353,381,387,420
1052,1028,2960,1181,1901,1903,1940,991,1180,1863,1864
1053,1897,1934,2352,2353,2989,1479,1517,1557,1592,1857
1054,2203,2467,2469,2546,2545,2049,2124,2126,2930,3006
1055,1243,1280,1738,1741,831,1091,1629,1207,1302,1451
1056,494,798,341,377,418,453,454,455,456,490
1057,951,1027,1028,1031,953,989,991,1030,990,992
1058,675,711,747,748,749,745,713,714,2487,2564
1059,263,265,340,2935,301,303,304,414,1520,225
1060,910,1254,1024,1214,1253,1250,1251,759,871,872
1061,485,523,524,525,526,653,658,488,666,692
1062,14,17,145,2937,34,74,38,2804,2803,2805
1063,896,788,824,820,822,864,897,898,934,751
1064,801,763,1106,838,761,800,2357,2959,764,765
1065,934,935,896,831,1002,969,1012,1239,1240,1241
1066,2503,2506,2427,2431,2465,2468,2504,2505,2507,2508
1067,1939,2205,2244,2359,1978,2167,2207,2281,2320,2357
1068,210,1009,1050,1082,1390,1392,237,247,285,286
1069,658,555,556,558,590,624,657,662,2961,517
1070,3014,1173,1216,1139,183,1175,1212,1213,1250,1516
1071,1991,1037,1001,1917,1990,1994,2032,1119,1461,1650
1072,1155,1166,1190,1129,1228,1153,1165,1270,1150,1161
1073,2938,645,758,683,2048,379,417,646,682,988
1074,1950,1948,1952,1988,2561,2600,2997,1185,2562,1641
1075,1155,1150,1153,1075,1112,1113,1115,1119,1154,1190
1076,38,2937,34,74,32,30,36,37,107,110
1077,1631,1706,3038,1669,1710,2996,1668,1671,1708,1595
1078,188,224,145,146,148,151,187,189,226,2957
1079,1250,3014,1216,1139,1176,1175,1212,1213,1251,1481
1080,2800,2670,2718,2749,2751,2710,2633,2673,2674,2675
1081,569,798,606,3016,529,567,570,608,644,607
1082,1130,1097,1623,1738,2975,660,693,694,696,1138
1083,2113,2149,2150,2152,2188,2189,1037,1767,1840,1847
1084,982,1055,1283,1243,1280,327,901,939,940,978
1085,384,422,1031,879,878,382,1030,2978,686,992
1086,1596,1710,1555,1556,1594,2970,1670,1706,1254,1593
1087,1683,1155,1153,2952,1150,1077,1733,1734,920,1645
1088,1155,1150,1153,1075,1112,1113,1115,1119,1154,1185
1089,1065,1104,1255,1141,1293,1256,1294,1103,1105,1142
1090,37,38,107,110,114,2937,34,74,75,112
1091,1625,1660,1052,1397,1661,1700,1776,1016,1091,1092
1092,2790,2791,2673,2794,2835,2875,3028,2815,2953,2781
1093,1942,1905,1941,1943,3029,1904,1948,2017,463,1638
1094,683,569,718,645,719,2938,640,682,717,721
1095,1634,1520,2996,1668,1671,1672,1708,2956,1709,950
1096,2616,874,1858,909,2541,2619,2620,873,912,1249
1097,1150,1155,1075,1190,2936,1767,958,997,1228,1230
1098,1251,1252,1482,3038,2354,1140,1367,1405,684,1290
1099,34,74,30,37,32,107,110,114,2937,35
1100,927,1128,1129,1195,934,1396,1434,1125,1166,1232
1101,1939,1978,2167,2207,1673,1711,1712,1979,1980,2016
1102,1155,1150,1153,1075,1112,1113,1115,1119,1128,1154
1103,1706,1783,1669,1710,1668,1671,1708,1367,1405,1744
1104,1150,1153,1167,1232,1230,1389,1426,1075,1115,1119
1105,1091,1738,1055,1052,1128,1395,1433,1661,1700,1092
1106,1228,1190,1150,1149,1188,1189,1193,1226,1155,1186
1107,2781,2790,2791,2879,2915,2813,2673,2782,2789,2820
1108,1020,2463,2502,1058,2084,2162,2163,1059,1097,2464
1109,1112,1113,1073,1151,1071,1077,1110,1111,1114,1116
1110,1668,1671,1672,1708,2956,1709,1634,1670,1706,1748
1111,1849,2193,1890,1091,3029,751,1776,1815,1854,2947
1112,1040,2151,2190,2291,2154,2333,2334,2372,1001,2105
1113,878,837,876,838,3023,649,688,877,879,916
1114,647,3026,609,686,648,687,723,725,3023,533
1115,1840,2227,998,1802,1838,1845,2106,2109,2146,2147
1116,1201,1009,1199,1127,1202,1203,1204,1238,2967,1050
1117,237,273,136,172,239,251,478,209,248,210
1118,1596,1555,1556,1594,2970,1706,415,416,531,532
1119,1859,1821,1824,1823,1862,1894,1938,2240,1558,1783
1120,646,682,2124,567,603,608,644,2162,2163,2431
1121,2081,1053,1054,2382,2079,2118,2458,1091,1092,2420
1122,1255,1256,1294,1217,1257,1483,1522,951,1028,1031
1123,1216,1175,1212,1213,1174,3014,1177,1558,1139,1176
1124,2124,1100,1368,2162,2163,1057,1059,1061,1063,1097
1125,263,342,379,415,416,532,265,340,227,262
1126,1553,1591,2943,1325,1667,1704,1705,874,1709,1288
1127,2115,1809,2113,2149,2150,2152,2188,2189,1954,1991
1128,2239,2318,1859,2201,2237,2280,2356,1823,1862,1894
1129,1077,2949,1049,1081,1116,1118,1156,1608,1621,1733
1130,367,404,366,438,401,403,476,443,400,405
1131,132,168,130,131,165,166,120,125,157,159
1132,1112,1113,1154,1155,1110,1111,1114,1116,1147,1148
1133,1205,1494,1035,1153,1495,1497,1533,1535,1536,1809
1134,764,728,2061,2067,2068,2104,2221,761,903,941
1135,838,802,2169,2512,801,839,840,2471,2472,2435
1136,400,362,896,323,784,897,898,247,285,286
1137,414,415,416,451,452,532,379,413,417,263
1138,790,829,2057,2233,751,2234,789,728,2019,2064
1139,961,1811,1838,1845,1887,2109,2146,2147,1848,1924
1140,2845,2883,2885,2804,2836,2802,2884,2886,2918,2762
1141,2938,683,684,2467,2469,2546,2655,2693,646,682
1142,323,247,286,324,397,293,330,255,253,331
1143,1472,1233,1234,1271,1308,1502,1396,1434,1235,1237
1144,1063,1154,1098,1402,1442,1125,920,1129,1192,1683
1145,2342,1013,2941,709,781,782,1123,1050,1082,1343
1146,1443,1748,1785,1786,1706,1026,1292,1329,1330,1633
1147,796,1175,1212,1250,1026,1063,1097,1099,1176,1137
1148,1185,1686,1687,1145,1147,1148,1184,1188,1222,1224
1149,3016,567,608,644,874,263,342,379,646,873
1150,1194,1155,1115,1119,1190,1202,1203,1204,1238,2967
1151,1709,1214,874,2989,1291,1252,873,912,3030,1292
1152,1783,2203,1367,1405,1744,1746,2127,2162,2163,2165
1153,1064,1026,1063,1102,1023,1101,1024,2010,1480,1668
1154,1406,1444,1099,1026,1063,1097,1102,1292,1329,1330
1155,2658,1327,1328,1671,1708,2657,2659,2660,2696,1251
1156,229,267,191,269,231,268,305,609,153,192
1157,1202,1203,1204,1238,2967,1165,1239,1240,1241,1242
1158,263,265,340,2935,301,303,304,225,264,266
1159,2952,1783,1668,1671,1708,1367,1405,1744,1746,1645
1160,843,847,675,1114,1152,1157,2254,842,924,1131
1161,1902,2960,1901,1940,1978,1863,1864,2016,2092,1028
1162,3038,1368,2996,1253,1291,1631,1252,1482,1634,1706
1163,1254,1478,1176,1175,1212,1250,2943,1288,1479,1516
1164,1527,2673,896,1299,1302,1451,1488,1489,1490,1493
1165,1099,1175,1212,1250,1136,3014,796,1063,1097,1098
1166,607,3016,567,569,608,644,646,682,605,640
1167,708,742,743,1076,2597,746,771,739,807,777
1168,671,636,707,709,633,663,667,669,670,899
1169,1706,1443,1669,1710,1363,1364,1401,1668,1671,1708
1170,362,247,286,2995,324,325,361,366,438,363
1171,2637,2718,827,2638,2679,2720,713,714,517,862
1172,1073,1071,1110,1111,1114,1152,3007,1072,1075,1112
1173,2329,1000,1715,1840,1847,2067,2068,2070,2104,2107
1174,1205,1190,1298,1228,1230,1495,1533,1622,1849,2992
1175,1938,2240,1821,1861,1899,1975,2239,2278,2279,2318
1176,1706,1783,1669,1710,1668,1671,1708,1367,1405,1744
1177,1251,1557,1596,1632,2989,528,379,1252,415,416
1178,797,798,835,836,757,3016,569,832,2315,2316
1179,798,529,567,608,644,1250,2943,606,494,646
1180,1911,2175,883,922,1907,1910,1914,1945,1949,2100
1181,340,263,265,2935,301,303,304,414,225,264
1182,38,2937,34,74,22,28,32,23,52,30
1183,328,291,362,323,364,365,247,286,2995,324
1184,949,1022,984,1023,982,987,1060,682,911,947
1185,1840,958,997,998,1914,2030,2180,2181,2182,2183
1186,163,164,3012,161,162,437,439,441,480,165
1187,2242,2847,2239,2241,2318,528,1557,1859,1860,1935
1188,869,564,830,1248,1286,1475,1215,565,604,906
1189,567,608,644,874,646,873,912,605,910,950
1190,2619,2620,1177,2578,835,836,1821,1026,1102,1746
1191,2124,1026,1744,1746,2162,2163,2543,2544,758,1783
1192,1027,1028,1255,1256,1294,991,1217,1218,1257,1483
1193,1155,1150,1153,1685,1691,1075,1112,1113,1115,1119
1194,263,342,2935,301,303,304,341,265,340,380
1195,1205,1202,1203,1204,1238,2967,1167,1232,1239,1240
1196,2545,2467,2469,2546,2584,2464,2542,2934,2127,2165
1197,951,1028,2960,1825,1826,1977,2015,2053,953,1901
1198,1809,1767,2022,2023,2113,2149,2150,2152,2188,2189
1199,2847,2882,1821,1824,1063,32,66,1557,1859,2809
1200,2548,2509,2549,2586,2625,2794,2433,2471,2587,2588
1201,2512,2433,2471,2472,2510,2511,2513,2169,2687,2395
1202,1188,1031,1186,1230,1190,1030,1229,992,1068,1147
1203,1003,1205,1012,1279,1316,972,1315,1007,1273,1042
1204,1013,1049,1051,1084,1085,1086,1087,1088,1089,1122
1205,789,751,792,3029,755,752,790,2132,2170,824
1206,2767,2768,2773,2731,2772,2542,2934,2695,2728,2431
1207,2962,1588,1586,2994,1246,1283,1245,1282,1206,1207
1208,444,520,1199,620,1201,406,442,1129,3017,445
1209,1848,1229,1201,1809,1810,1811,1849,1270,1190,1583
1210,1891,1929,1853,1890,2155,2193,2195,2270,2194,2192
1211,847,1155,1115,1119,886,1153,1049,845,884,1150
1212,1668,1671,1708,1026,1063,1098,1102,1367,1405,1406
1213,683,719,760,721,794,681,718,720,2938,645
1214,1857,1895,1933,1974,606,795,379,1896,1897,1934
1215,263,265,340,2935,301,303,304,414,225,264
1216,215,330,1091,1092,216,1245,1282,672,1052,1661
1217,3011,3024,382,419,461,343,381,420,422,458
1218,451,452,38,2935,301,303,304,37,528,224
1219,1820,1857,1895,1782,1819,1856,1858,1745,1779,1781
1220,1159,1427,1128,1127,1129,1428,1125,1431,844,846
1221,1140,1137,1173,1138,1139,1178,988,1175,1212,1250
1222,2977,1009,1199,1545,1582,1201,1533,1123,1050,1082
1223,2597,2095,2171,2636,2680,2681,2939,1984,2556,2598
1224,741,805,807,808,842,844,846,882,778,519
1225,1239,1240,1241,1242,1506,1508,1499,1497,1535,1536
1226,1055,1104,1106,1663,1701,1180,1043,1069,1625,989
1227,1052,1128,1080,1090,1121,1129,1158,1394,1125,1164
1228,1860,1823,1862,1900,3030,1824,1861,1899,1557,1859
1229,154,115,155,156,158,196,153,192,194,615
1230,2056,1445,1447,2017,1370,1559,1942,1978,2054,2018
1231,2937,34,74,38,30,36,37,32,2804,14
1232,263,265,340,2935,301,303,304,414,225,264
1233,1079,1009,1011,1315,633,670,703,740,741,1013
1234,1600,1409,1408,1486,1524,1220,1257,1333,1371,1410
1235,1426,1428,741,1151,1013,1049,1051,1084,1085,1086
1236,161,162,437,168,475,130,163,164,3012,438
1237,797,528,2315,2316,645,719,3016,487,569,570
1238,720,645,719,757,760,2048,988,646,682,680
1239,907,831,640,908,983,565,603,604,832,945
1240,528,1557,1859,1860,1935,1936,1937,1972,1976,566
1241,2644,2604,2642,2643,2639,2640,2645,2682,2565,2603
1242,212,406,408,442,403,479,173,443,172,213
1243,951,1028,953,989,991,1030,990,992,2016,1939
1244,1840,1847,2067,2068,2070,2104,2107,2110,2111,2148
1245,422,424,326,350,353,387,330,174,291,2978
1246,2802,2639,2764,2769,2548,2676,2721,2636,2680,2681
1247,528,224,570,566,148,151,187,189,223,226
1248,497,459,572,460,498,230,267,457,495,499
1249,657,2965,618,654,655,656,661,658,653,153
1250,1779,1818,1706,1783,1820,1026,1682,881,1402,1744
1251,2583,2354,1481,2356,2581,2582,2929,2659,2660,796
1252,1146,1108,1325,1206,1309,1311,1399,1282,1151,1396
1253,1155,1075,1112,1113,1115,2936,1043,1073,1153,1150
1254,153,192,120,154,159,198,130,163,164,194
1255,1110,1111,3007,1075,1112,1113,1146,2936,1533,1073
1256,422,3011,3024,382,419,461,421,343,381,420
1257,2083,2543,2544,2216,2545,1453,1455,1456,2178,2007
1258,951,1715,955,953,959,1028,1939,2205,2244,1752
1259,1147,1148,1183,1108,1109,1186,1146,1185,1181,1684
1260,1202,1203,1204,1238,2967,1205,1239,1240,1241,1242
1261,2254,1685,1911,1951,1954,1988,1995,2172,2173,2175
1262,829,955,2233,1854,1893,1930,1891,1929,2963,959
1263,1898,1249,1933,1935,1936,1937,1972,1974,1976,2315
1264,1898,1821,1824,2009,1671,1708,1557,1857,1859,1860
1265,3016,567,608,644,646,1252,605,1368,607,684
1266,708,741,743,781,782,815,709,742,777,778
1267,2169,2129,838,1677,2094,2471,2472,763,2168,2512
1268,2356,2930,3006,2318,2391,2392,2394,2127,2165,2166
1269,880,879,1182,1682,881,1869,1907,1910,1949,2176
1270,2171,2560,2598,2601,2604,2172,2173,2210,1679,2645
1271,1291,1668,1672,2956,1367,1368,1405,1406,1444,1292
1272,443,520,481,484,407,442,517,518,522,587
1273,1252,1214,1215,3016,567,608,644,874,1213,1251
1274,520,443,446,481,483,484,587,588,626,407
1275,2193,1205,1017,1093,1814,1016,1091,1092,1809,1015
1276,1075,2936,2949,1153,1150,1151,1886,1077,1110,1111
1277,719,683,2935,301,303,304,645,684,224,3016
1278,1130,1125,1129,1168,1091,1049,1161,1162,1163,1198
1279,1225,1264,1228,1230,1032,1034,1266,1268,1270,1304
1280,1645,1644,1646,1684,2952,1147,1148,1188,1643,1689
1281,1043,1077,1081,1118,1156,1092,1013,1045,1047,1049
1282,2298,2217,2221,2257,2295,2299,1380,1919,2218,2220
1283,1706,1631,1668,1596,682,1669,1710,2996,1519,2354
1284,2115,2113,2149,2150,2152,2188,2189,1809,2075,2076
1285,1190,1228,1230,1150,958,1149,1188,1189,1193,1226
1286,1783,451,452,1063,380,1098,1367,1405,1406,1442
1287,2767,641,1790,1714,1752,1791,1828,1448,1599,1676
1288,1049,1079,1159,1196,1427,1153,1125,1431,1083,1127
1289,1205,1202,1203,1204,1238,2967,1201,1235,1237,1274
1290,1101,1440,1025,1062,1150,1061,1063,1102,1292,1329
1291,1155,1683,1153,1150,2030,2115,2952,884,1077,1733
1292,2982,3028,2670,2716,2749,2751,2790,2791,2815,2710
1293,698,1130,934,545,556,558,560,629,662,1167
1294,2938,380,683,2543,2544,341,760,529,2767,606
1295,1824,1860,1520,1823,1862,1900,3030,1558,1709,1821
1296,134,161,162,484,132,168,174,407,163,164
1297,1213,1520,263,1860,1216,1482,1558,1518,2353,1026