,Ama,apt,bun,CG43394,Cyp310a1,h,ImpL2,run,Traf4,tsh
,Antp,Btk29A,CG10479,CG8147,dan,Ilp4,noc,tkv,trn,twi
1,172,136,49,285,250,253,249,288,255,3
2,2941,514,3017,409,785,478,474,403,212,133
3,1705,1667,1629,1704,1742,1516,1288,831,1591,1553
4,239,241,242,240,94,96,125,88,319,53
5,641,680,1361,718,754,717,720,679,1323,1399
6,920,919,957,882,846,844,1113,1112,1151,1154
7,261,221,640,646,564,527,565,567,607,603
8,1258,1485,1524,1601,1184,1255,1903,1181,1152,1114
9,2205,2244,2209,959,958,918,956,955,2019,1719
10,38,2937,32,34,72,145,37,74,31,107
11,1194,889,1119,1190,1153,1155,1167,1195,1129,846
12,2977,1164,1126,1051,1391,1090,1088,1428,1050,1087
13,1151,1112,1113,1154,1413,1189,1149,1226,1153,1155
14,54,1055,247,172,136,11,16,30,14,49
15,32,38,2937,66,68,112,35,71,150,75
16,2794,2919,2917,2722,2682,2685,2684,2645,2647,2719
17,1553,2944,1515,1591,1554,1705,1667,1288,1552,1513
18,997,1032,1027,1685,2975,1149,1226,1189,957,991
19,960,919,920,923,2324,2283,2287,2405,3015,2326
20,2059,2057,1983,2243,1902,1908,1905,1943,954,916
21,1152,1114,1080,1076,1117,1158,1113,1151,1112,1111
22,1705,1667,2941,983,1364,1363,1401,1629,679,412
23,378,379,380,683,722,487,417,2938,265,340
24,449,756,831,755,792,494,529,453,526,525
25,32,38,2937,172,145,37,34,72,74,107
26,438,437,401,512,476,2719,240,241,242,239
27,291,3009,292,328,172,365,327,136,293,329
28,1441,1212,1175,1254,2943,1518,1099,1368,1478,1438
29,397,1799,43,162,322,2713,2714,2057,1983,2059
30,1149,1226,1189,1228,1221,1223,1192,1227,1191,1112
31,2484,2061,955,958,959,956,918,1033,1070,761
32,2982,2677,2676,2674,2710,2715,2675,2639,2719,2638
33,1245,1586,1205,1206,2994,1167,2962,1623,1624,1207
34,1154,1116,1691,1157,1160,1460,1192,1227,1191,1072
35,54,27,19,51,66,48,25,23,2976,62
36,247,285,286,324,438,277,173,237,174,238
37,415,532,416,528,529,494,798,453,526,489
38,1859,1862,1823,1824,1557,3030,1558,1894,1975,2239
39,808,1667,1705,776,449,831,846,805,844,1629
40,2625,269,156,115,155,2549,2548,2586,2587,154
41,2768,2774,2773,2654,2693,1989,2032,1990,2031,2772
42,280,276,168,201,282,134,242,241,239,240
43,3016,642,532,415,528,416,684,2696,2658,797
44,877,800,839,801,840,838,841,914,764,878
45,1188,1150,1645,1643,1185,1148,1147,1155,1153,1413
46,1255,1205,1190,1193,1228,1223,1221,1258,1522,1486
47,1130,1055,1093,1623,1092,1054,1053,1091,1167,1701
48,1125,162,322,247,121,285,934,896,437,1166
49,1320,1428,1391,1089,1090,1051,1087,1394,1050,1088
50,1157,776,1154,1427,1127,1119,1117,1080,1076,1158
51,2627,2623,2626,2629,2942,2624,2585,2625,2632,2092
52,2097,1871,1909,2135,2174,2137,1906,2761,2599,2401
53,843,846,847,844,776,675,824,825,817,822
54,168,282,201,134,280,276,242,239,241,240
55,1593,1630,1517,1479,1592,2657,946,908,869,872
56,2704,3028,2739,2749,2700,2666,2791,2750,2751,2790
57,1081,1043,1118,1156,1078,1119,1077,1080,1076,1117
58,1298,1103,1106,1143,1105,1179,1068,1069,1222,765
59,1339,1570,1491,1342,1531,1530,1301,1526,1527,1487
60,397,247,285,323,353,429,504,425,461,362
61,1680,2725,106,2726,1741,2767,2768,2007,2655,2692
62,2019,921,2209,2244,2205,86,923,2018,49,2324
63,172,136,49,255,250,288,253,249,8,3
64,1042,1320,1158,1080,1117,1076,1072,1384,1460,1078
65,397,430,358,431,468,433,162,322,1717,2246
66,2794,2917,2919,2722,2685,2647,2645,2682,2684,2719
67,885,2446,2954,961,2216,2181,2331,2180,1954,2332
68,2638,2641,2637,2678,2714,2713,43,2675,2982,2677
69,1480,1064,1482,1291,1213,1442,1098,1518,1024,1214
70,2804,2847,2772,2794,2730,2600,2968,2885,2635,2029
71,519,523,2937,38,32,403,474,400,222,438
72,1709,1822,1668,986,987,949,1744,950,1291,988
73,247,285,324,286,438,237,174,238,173,210
74,1282,1309,1273,1311,1052,1013,285,1046,1015,1206
75,1632,1251,1252,1557,3030,1596,2956,1670,1671,1708
76,2599,2601,2598,2213,2939,2636,1953,2282,1834,2761
77,2693,2654,2696,2658,2770,2734,2698,2695,2013,2504
78,1074,1075,2936,1037,1650,1646,1649,1648,1644,1070
79,645,719,681,487,683,417,722,756,643,682
80,430,358,2019,433,431,468,322,162,2415,2492
81,1128,1397,1129,1434,1433,1395,1396,1013,1052,1466
82,1047,1045,1079,1083,1159,1196,1119,1049,1155,1153
83,438,247,174,237,173,238,210,277,777,437
84,2719,2723,2754,2717,2718,2716,2760,2721,2758,2761
85,1099,1097,1250,1100,1138,1098,1442,1212,1175,1063
86,1086,1084,1082,1009,1124,1122,1085,1388,1350,1041
87,282,280,134,168,201,276,397,242,239,241
88,1903,1181,1255,1905,1908,1943,1449,1792,1977,2015
89,247,286,324,400,438,173,238,210,174,237
90,1176,834,1592,1517,1479,1477,1135,833,1253,910
91,96,94,88,319,125,53,306,46,397,240
92,110,185,3013,113,151,224,190,148,152,147
93,1255,2328,2019,1221,1223,1258,1522,1486,1193,1890
94,1519,1824,1862,1859,1823,382,2970,1594,1556,1595
95,2734,2695,2770,2698,2693,2654,2733,2696,2658,684
96,2553,2596,2559,440,473,402,2634,546,400,510
97,684,1668,2654,2693,3016,642,414,451,452,2956
98,2638,2637,2641,2678,1196,2675,2982,2715,2677,2676
99,2102,1949,1910,1907,2243,1983,2057,2059,917,2142
100,1668,1708,1672,1634,1671,2956,1670,1706,1632,1520
101,2605,2723,2607,2608,2609,2648,2719,2722,2682,2684
102,379,378,341,1480,724,1214,3014,2657,2989,413
103,1099,1368,1097,1061,1250,1330,1292,1329,1253,1062
104,3016,642,1596,1706,2943,1556,1633,2970,1595,1594
105,1132,1170,1169,255,1055,139,177,178,180,54
106,1149,1189,1226,1228,1191,1227,1192,1113,1112,1151
107,134,282,276,168,201,280,397,241,239,240
108,2695,2770,2734,2698,2658,2696,1632,2735,2984,2693
109,1188,1194,1225,2029,1229,1230,1953,1119,1190,2032
110,1706,2996,1710,1631,1668,1596,1669,2956,1670,1671
111,1111,1110,3007,1073,1146,1071,1189,1149,1226,1184
112,837,875,876,1903,2015,1977,840,801,839,1258
113,1596,2996,1710,1631,1594,1595,1555,2970,1633,1556
114,785,438,210,173,174,238,277,237,247,285
115,1013,1052,1129,1164,1125,2994,1206,1128,1358,1472
116,2252,2972,1954,2332,2979,2365,2560,2521,2516,2290
117,2977,1623,1054,1053,1092,1130,1091,1167,1663,1701
118,2635,2636,2939,2634,2632,2674,2715,2676,2639,2982
119,1164,860,861,819,893,857,858,783,821,894
120,2030,2022,2023,2064,2068,2062,2104,2067,2027,2171
121,1236,347,1234,1233,1237,1308,1235,1274,1271,1166
122,803,642,3016,2735,2984,2696,2658,532,528,416
123,1427,1127,1163,1162,1432,1051,1087,1089,1090,1126
124,1225,1188,1255,1222,991,1028,1181,1221,1223,1494
125,1270,2816,2814,2818,2777,2817,2781,1890,49,1205
126,241,239,240,242,89,238,174,210,173,277
127,1596,1288,1780,1710,2996,1631,1629,1248,1286,907
128,756,1519,488,450,760,796,414,452,451,1706
129,1309,1311,1273,1041,1350,1388,1307,1349,1003,1122
130,1082,1086,1009,1084,1085,1124,1122,1115,1120,1121
131,1303,1499,1849,1889,2226,2229,2230,1852,2228,2227
132,54,2976,60,23,62,21,17,13,18,24
133,1351,1319,1429,1353,1313,1164,1201,1470,505,1277
134,2968,2885,2809,2658,2696,2918,2884,2922,2886,2888
135,1870,2093,2055,3022,1868,1832,1793,1831,2475,2439
136,3038,1251,1252,1253,1596,1290,1368,1254,1214,1595
137,2312,2313,1862,1823,1859,1824,1857,1895,341,1558
138,2547,2472,2511,2471,2510,2550,2441,2207,2167,2020
139,2696,2658,1632,2654,2693,1670,2956,1672,1634,1671
140,1954,2332,548,1001,1468,1431,473,402,440,2256
141,1709,1822,987,949,1744,1668,2989,948,947,1634
142,1125,1166,1200,1471,1238,1204,1203,2967,1165,1202
143,571,611,648,726,499,686,842,838,497,536
144,1510,1243,1244,1549,1207,329,293,1245,404,330
145,379,532,528,416,415,378,341,452,414,451
146,416,415,532,528,452,414,451,642,3016,570
147,484,483,446,405,371,406,444,442,443,521
148,2757,2797,2755,2756,2753,2813,2683,2720,2679,2759
149,777,1353,1313,1429,1351,1319,507,350,785,1200
150,1405,1367,1402,838,1780,800,878,1443,1406,1444
151,38,32,2937,2933,150,35,109,71,108,75
152,1519,1894,1444,1406,1558,1099,1136,1860,2166,1405
153,2732,756,380,2657,645,681,719,2693,2654,794
154,2599,2761,2523,2524,2561,2485,1835,1837,2486,1874
155,1472,2994,1206,1205,1433,1396,1434,1395,1129,1238
156,2166,1894,1748,1785,1786,1783,1668,1405,1367,988
157,3038,1367,1405,1706,1443,1519,1444,1406,1710,1631
158,726,532,416,415,528,611,571,648,1556,1595
159,1251,1252,1290,1632,1214,1482,1668,3038,3030,1557
160,2941,474,403,212,213,133,215,444,442,406
161,1592,1517,1479,1630,1593,834,1591,1553,1554,1515
162,1013,1052,1129,1164,2994,1206,1125,1358,1472,1128
163,1519,1894,1706,1558,1860,794,757,796,1555,1594
164,1214,1328,1289,1327,1253,1251,1252,1291,2657,1213
165,1520,2693,2654,1557,3030,1670,1672,1634,1708,2956
166,2756,2755,2757,2797,2753,2758,2718,2717,2760,2721
167,3037,374,1591,2944,1515,1553,1554,221,261,411
168,2293,1919,2217,2141,1878,2253,2215,2218,2298,2220
169,1610,1611,1873,1607,1721,875,837,876,841,990
170,1860,2615,1668,1627,1632,1894,3002,2126,2164,2049
171,2753,2757,2755,2797,2756,2717,2758,2718,2760,2721
172,452,451,414,760,450,488,416,532,528,415
173,1232,1003,1045,1047,1083,1079,1048,1196,1236,1153
174,2804,2768,2767,2847,2765,2806,2810,2769,2766,2802
175,328,292,291,3009,172,365,327,136,293,329
176,2601,2598,1121,1120,2561,2524,2485,2523,2599,1380
177,868,1249,906,2650,945,978,939,938,976,940
178,1987,2731,2736,1946,2555,1916,1986,2168,2130,2206
179,3014,1098,1442,1895,1857,1823,1824,1859,1862,2314
180,38,2937,32,147,152,54,225,304,76,3013
181,106,2937,32,38,110,73,152,147,875,837
182,1411,1409,1410,1408,1412,1446,2952,1524,1485,1414
183,1737,1011,1699,1196,739,1738,935,744,1431,1468
184,416,528,415,532,1633,1556,1555,2970,1595,1594
185,872,946,869,871,908,834,1630,1593,1286,1248
186,2977,778,743,821,858,894,819,857,854,856
187,2977,741,1392,1390,438,1164,743,778,856,783
188,2342,2266,2267,1014,2225,2268,2306,2303,2302,2991
189,1032,997,1302,1036,1493,1802,1534,1496,1070,1033
190,1052,1013,1358,1128,1050,1051,1088,1428,1391,1126
191,1364,1363,1401,449,1059,374,3037,722,683,487
192,341,1823,1824,1859,1862,532,415,416,528,380
193,1025,1062,1474,1097,1132,1061,1436,2166,519,1137
194,1282,1358,2994,1206,1283,1662,1320,1013,1052,1321
195,1298,1228,1106,1103,1143,1105,1460,1070,1033,1179
196,1189,1149,1226,1110,1146,1071,1111,1073,3007,1685
197,1394,1050,1391,1087,1126,1428,1089,1090,1051,1088
198,443,406,442,444,2941,409,3017,514,825,824
199,2678,2637,2638,2641,1196,2714,2713,43,928,2939
200,1723,1417,2598,2601,2213,1798,1796,1761,1953,1762
201,1052,1013,1129,1128,1164,1358,1472,2994,1206,1053
202,2372,2295,2292,2334,2258,2257,2296,2299,2254,2219
203,2794,2756,2755,2757,2797,2753,2671,2709,2752,2792
204,3038,1367,1405,1706,1438,1136,1361,1443,1444,1406
205,1048,1196,1166,935,1049,1125,1127,1427,1165,2967
206,657,621,656,660,1944,1941,1942,459,1948,622
207,1049,1083,1047,1045,1079,1048,1055,1115,1389,1315
208,411,449,448,337,3037,374,297,410,373,488
209,1270,1503,1502,1190,1618,1580,1541,1622,1542,2227
210,2794,2813,2920,2684,2647,2685,2682,2645,2722,2719
211,2602,2604,2641,2637,2638,2678,1799,2723,43,2599
212,147,152,225,304,112,108,144,111,35,68
213,541,579,462,542,387,539,421,422,500,312
214,793,299,340,265,263,2938,2725,2726,296,336
215,1164,1166,2977,1051,1090,1087,1126,1089,1088,1428
216,2682,2685,2722,2684,2647,2645,2719,2920,2566,2646
217,267,235,382,351,422,309,305,308,463,622
218,986,2989,948,947,1593,1630,1214,1632,1627,1822
219,1245,1048,1055,1093,1092,1053,1054,1624,1091,1663
220,1055,519,172,2941,3029,789,784,1663,1661,1701
221,1099,1368,1250,1253,1364,1401,1363,3038,1097,1061
222,1662,3004,1624,1626,1625,1586,902,1245,1627,599
223,1395,1396,1434,1433,1128,1472,1131,1091,1358,1436
224,833,2352,2970,1595,1555,1633,1556,1594,797,1976
225,2064,1914,2175,1911,2100,921,2019,2183,925,959
226,2604,2602,2723,2637,2638,2641,2678,2714,2713,2599
227,1245,1586,1623,1624,1243,1549,1244,1207,1510,1585
228,1780,2698,2734,2770,2695,2658,2696,1252,1251,1632
229,1116,1072,1384,2253,2298,2218,2215,2255,2220,1158
230,878,1680,879,880,881,1402,1400,1985,1148,1147
231,1303,1267,1231,1269,3035,1306,1298,1228,1539,1503
232,2937,32,38,34,74,37,107,145,72,31
233,675,136,49,8,3,519,408,23,21,62
234,1918,1807,1958,2222,1964,1381,1923,2038,1965,2606
235,2555,2001,2080,2042,1739,1647,1688,2291,2122,1074
236,1680,1986,1678,1721,1414,1985,1903,1641,1413,1676
237,1645,1643,1489,1488,1451,1299,1261,1413,1644,1646
238,2015,1977,1903,990,1902,1485,1524,1901,1864,1826
239,1558,1823,1859,1824,1862,1520,1406,1444,1519,3030
240,379,416,528,532,415,378,341,414,451,452
241,685,878,1948,914,2986,915,951,952,913,953
242,397,247,285,2566,2646,2565,323,353,429,777
243,370,519,408,404,330,367,366,331,484,483
244,1443,1519,1710,2996,1631,3038,1481,1367,1405,1785
245,449,831,755,792,756,983,679,847,652,616
246,548,1419,2685,2684,2645,2647,2722,2682,2719,1953
247,1594,1555,1595,2970,1556,1633,1631,2996,1710,3038
248,1250,1406,1444,1099,1175,1212,1595,1556,1594,1555
249,870,1896,2273,1139,2197,1133,2963,1895,1857,2009
250,1258,1027,1524,1485,1255,1228,1296,1256,1294,1533
251,1433,1395,1434,1396,1197,1131,1472,1358,1200,1388
252,1289,1327,1328,2657,1404,1403,1366,1213,1214,2989
253,1291,1214,1403,1366,1404,1480,1368,1365,1328,1327
254,1508,1276,1546,933,1281,1277,1548,1507,1278,1544
255,1128,1129,1396,1433,1434,1395,1052,1013,1157,1091
256,1254,1325,1176,1593,1630,607,640,604,564,565
257,1954,2332,2220,2298,2215,2218,2255,2253,2261,2521
258,899,247,900,974,937,975,936,1276,1548,1544
259,2657,2989,761,1214,2658,2696,2732,1593,1630,1632
260,1164,1117,1080,1076,1158,1157,1114,1152,2977,1428
261,2061,1912,2063,2139,2101,2030,2023,2022,2064,2221
262,1654,1611,1610,1774,1652,1655,1965,1616,1573,1614
263,1028,991,1494,1522,1486,1948,2106,996,1031,1030
264,1439,2994,1206,1136,1475,1027,1310,1121,1120,1114
265,1232,1202,1471,1238,1165,2967,1203,1204,1168,2227
266,384,483,446,484,382,422,267,235,690,424
267,602,3016,642,684,262,298,338,416,532,415
268,2937,32,38,152,147,519,225,304,54,150
269,2794,2643,2644,2758,2721,2716,2717,2754,2760,2718
270,1413,1451,1261,1299,1488,1489,1686,1689,1684,1452
271,2730,2847,2728,2984,2735,2725,2804,2880,2848,2887
272,2429,2428,2467,2466,2013,2202,2088,2051,2546,2469
273,1003,1007,1309,1311,1273,1042,1079,1083,1047,1045
274,517,558,522,556,560,699,632,629,559,561
275,1982,2030,2205,2244,2209,2172,2210,2171,2208,2173
276,1905,1908,1943,2059,2243,1983,2057,2020,2207,2167
277,2912,2915,2831,2921,2917,2919,2795,2895,2833,2902
278,478,136,3017,514,409,293,329,403,474,475
279,478,445,481,407,520,518,482,825,824,409
280,1320,1316,972,1275,1354,1314,973,1317,1318,1012
281,1518,2958,1176,462,542,2962,3019,6,255,2860
282,1630,1593,1517,1479,1592,1288,1596,1626,946,869
283,247,285,429,353,323,504,362,2995,286,324
284,2967,1238,1165,1204,1203,1202,1471,1232,1205,1585
285,987,949,2772,948,947,2393,2468,2388,2507,2508
286,3009,292,328,291,365,327,293,329,289,2941
287,1123,1387,1348,1386,1345,1347,1385,1343,1653,1082
288,986,1024,1215,1214,948,947,1289,1328,1327,1023
289,954,916,881,879,880,837,875,876,1943,1905
290,1411,1413,1449,2952,3039,1522,1486,1689,1686,1684
291,1083,1045,1079,1047,1159,1196,1153,1155,1119,1049
292,1125,1127,1427,1200,1163,1162,1432,1089,1391,1087
293,2184,1923,2417,2186,2148,2070,2107,2111,1847,2110
294,953,915,2986,951,913,952,916,954,917,990
295,2267,2266,1923,2225,2306,2268,2222,2303,2991,2264
296,1075,2936,1153,1155,1077,1113,1112,1151,2949,1613
297,1149,1189,1226,1073,1111,1146,1110,3007,1071,1685
298,1520,1668,1482,3030,1557,2956,1672,1708,1671,1634
299,1013,1052,1358,1128,1088,1050,1391,1126,1087,1428
300,1587,1623,1776,1579,758,877,1586,263,340,2938
301,2936,1075,1150,1613,2949,1042,1071,1111,1110,3007
302,2294,2258,2256,2179,2292,2299,2254,2295,1995,2334
303,1894,1860,1481,1174,1824,1862,1859,1823,1216,1444
304,3016,642,684,416,528,415,532,567,564,604
305,985,948,947,871,946,869,872,908,987,949
306,1055,1586,1206,2994,1245,1662,1205,1048,1244,1549
307,2941,1131,405,327,365,1434,1395,1433,1396,442
308,378,38,32,2937,2772,379,722,417,487,683
309,3038,1252,1251,1253,1596,1290,1368,1254,1555,2970
310,1190,1193,1228,1150,1229,1230,1568,1034,1189,1226
311,2020,2207,2167,1411,1522,1486,2246,2060,2021,2206
312,380,451,414,452,415,528,532,416,486,341
313,1081,1118,1156,1043,1152,1114,1115,1078,809,1117
314,1136,1442,1098,1096,1477,1134,1063,1894,3014,1439
315,452,451,414,719,645,681,528,416,532,415
316,1196,1232,1003,1115,1048,1236,1079,1083,1045,1047
317,1037,1074,2291,2183,1033,1070,2150,2149,2113,2184
318,1055,1245,1662,1115,1003,1048,1079,1045,1047,1083
319,1923,2222,1922,1885,2184,2185,1843,1927,2451,1882
320,452,414,451,797,528,532,416,415,3038,1097
321,1150,1193,1228,1460,1033,1070,1190,1075,2936,1037
322,690,191,158,231,155,156,269,115,653,46
323,2814,2777,2818,2817,2816,349,348,2737,2631,2748
324,414,452,451,375,413,684,532,528,415,416
325,1194,1195,1153,1155,1119,1190,1078,889,1193,1232
326,2213,1797,2360,2442,2323,2322,2245,1800,2482,2021
327,1150,1190,2936,1075,1153,1155,1183,1230,1229,1613
328,1228,1264,1304,1266,1268,1032,997,1149,1226,1189
329,1732,1123,1160,1381,1347,1345,1386,1343,1385,1348
330,1064,1024,152,147,1063,1480,224,148,151,3013
331,1290,2658,2696,1632,1251,1252,1557,3030,1328,1289
332,172,213,212,215,133,32,2937,38,238,277
333,1052,1013,1358,2941,1128,1090,1051,1391,1428,1089
334,519,981,758,1928,797,1053,1054,1092,1663,1700
335,632,629,594,704,668,593,2116,2156,2115,2117
336,1003,1232,1576,383,1585,1007,1577,1611,1610,1311
337,1596,1633,2970,1594,1556,1595,1555,2996,1631,1710
338,399,468,433,431,437,398,469,134,276,282
339,684,642,3016,451,414,452,643,682,528,415
340,1558,1859,1824,1823,1862,1520,1519,1785,1783,1748
341,952,951,953,2986,913,915,916,954,917,990
342,66,889,16,11,14,30,1643,1645,1488,1489
343,2028,1991,2558,2556,2518,2519,2517,1739,1956,2562
344,684,1748,1786,1783,1785,1668,2693,2654,642,3016
345,292,3009,328,291,369,327,365,293,329,289
346,1556,1595,1594,2970,1633,1555,1591,1515,1553,2944
347,1129,1125,1128,1166,1130,1472,1131,2994,1206,1200
348,414,452,451,532,416,415,528,2772,378,1520
349,2920,2895,2835,2833,2902,2906,2879,2795,2903,2919
350,1620,1075,2936,1615,1541,1580,1622,1618,1542,1621
351,2682,2722,2684,2647,2685,2645,2566,2565,2646,2723
352,1125,1198,1161,1199,888,1236,1200,1162,1163,1159
353,409,514,3017,930,932,931,1243,1207,1510,1244
354,1737,1011,1699,1048,705,669,706,701,936,937
355,519,474,403,827,213,133,212,215,2717,2718
356,684,3038,3016,642,1405,1367,414,452,451,1706
357,1596,1706,1594,1633,1595,2970,1555,1556,1290,1254
358,519,521,626,3029,517,560,556,558,522,446
359,2941,784,785,403,474,1701,1661,1663,1700,827
360,1042,1075,2936,1078,1662,1003,1115,1150,1156,1081
361,446,484,483,478,675,824,825,443,442,406
362,2730,2725,2689,2729,2690,2655,2692,2651,2695,2734
363,566,418,490,456,606,569,493,530,377,492
364,2651,2691,2653,2652,1707,2729,2689,2690,2733,76
365,2730,2804,2768,2767,2736,2731,2724,2687,2847,2881
366,1196,1155,1153,1160,1654,1615,1693,1812,2980,1458
367,1649,1646,1644,1648,1916,1145,1109,841,2936,1075
368,1235,1271,1274,1233,1234,1237,1308,1200,1165,1471
369,2804,2847,1481,2881,1894,2968,2885,1188,2766,2802
370,1250,1406,1444,1099,1175,1212,3014,1595,1633,1556
371,452,451,414,378,416,528,415,532,2770,2734
372,1145,1109,1183,1104,1107,1141,1108,1142,1065,1184
373,1693,1458,1771,1462,1812,2980,1007,1004,968,969
374,699,3018,667,700,631,83,2592,2630,2551,273
375,2019,1945,2134,2170,2064,2023,2022,2287,2286,2283
376,527,567,604,644,646,607,565,603,608,640
377,414,451,452,450,760,488,413,375,411,416
378,306,312,347,461,425,247,2978,427,466,384
379,2977,285,1164,1086,1009,1082,1122,1084,1085,1124
380,515,439,441,198,159,477,511,314,200,317
381,1007,1654,1003,1008,1005,1044,1006,1245,1585,510
382,38,2937,32,144,114,35,111,108,112,75
383,1585,1055,1115,1389,1315,1048,1003,1200,1232,1576
384,3014,1216,1250,1098,1442,1213,1139,1212,1175,341
385,291,292,3009,328,365,327,329,293,289,2995
386,133,212,213,215,252,214,175,172,253,250
387,414,451,452,684,415,532,416,528,487,683
388,1183,1185,1147,1148,1181,2952,1186,1224,1411,1145
389,262,338,298,416,528,532,415,151,190,3013
390,1221,1223,2021,2246,2060,2636,2939,1260,1259,1299
391,1668,2693,2654,1672,2956,1708,1671,1634,1670,1706
392,172,365,327,403,474,215,133,213,212,823
393,1205,1167,1168,1586,2994,1206,1472,1193,3008,1204
394,3016,642,684,532,416,528,415,607,608,567
395,1557,3030,2695,2734,2698,2770,2696,2658,1520,1632
396,1176,1253,1250,413,375,1518,1517,1592,1479,1368
397,172,364,60,62,23,21,2976,504,425,461
398,1482,1520,1444,1406,3030,1557,1252,1251,1480,1668
399,1245,1662,2958,2941,1625,1055,327,365,1624,1623
400,1367,1405,1443,1406,1444,1894,2166,1025,1062,1330
401,328,3009,292,291,427,466,1510,1207,1549,1243
402,2318,2618,2240,2239,1975,2581,2929,2622,1821,2278
403,850,813,1046,775,1732,812,811,2547,1084,1009
404,1902,2815,362,2168,2130,2792,2712,2671,2709,2752
405,1195,1114,1152,1157,846,1149,1226,1189,887,926
406,953,915,951,2986,913,952,954,916,917,990
407,1519,2735,2984,684,1631,2996,1710,2695,2770,2734
408,32,38,2937,54,112,109,35,2933,114,71
409,521,478,483,484,446,551,588,587,550,517
410,1127,1427,1163,1162,1432,1428,1087,1088,1050,1126
411,2813,2779,2662,2852,2826,2018,1257,1220,1217,2815
412,532,528,416,415,529,525,526,494,798,453
413,347,928,929,964,966,927,285,464,359,162
414,2089,2011,2930,2469,3006,2088,2051,2428,2467,2087
415,2794,2730,2756,2753,2757,2755,2797,2792,2752,2671
416,384,162,322,690,437,168,134,280,282,201
417,1517,1592,1479,1630,1593,834,1176,1553,1515,1591
418,1000,1037,2954,2446,2183,358,430,1040,1001,1034
419,172,364,2937,32,38,504,461,425,133,213
420,1206,2994,136,1358,172,21,2976,23,60,62
421,1556,1594,1595,1633,2970,1555,3038,797,1482,528
422,343,267,550,587,588,551,585,584,586,480
423,414,451,452,528,416,532,415,378,1520,684
424,684,3016,642,452,414,451,1706,450,488,760
425,305,308,309,233,307,268,235,550,267,3010
426,813,850,775,1732,811,812,1122,1086,1082,1124
427,1451,1488,1299,1489,1261,994,1030,1490,996,1031
428,397,1232,358,430,1188,1196,468,431,433,162
429,1520,1668,1557,3030,1482,1672,1671,1634,1708,2956
430,437,242,241,240,239,738,399,438,515,159
431,2622,1975,2280,2929,2618,1861,1899,2274,2239,2318
432,523,478,522,560,517,556,558,514,409,3017
433,414,452,451,450,488,760,532,415,528,416
434,405,443,442,444,406,365,327,369,2941,409
435,2532,369,1549,1510,1207,1244,1243,409,3017,514
436,1282,1013,1052,1311,1273,1309,1046,1015,1206,2994
437,1236,347,1159,1196,1274,1237,1308,1235,1234,1233
438,1190,1153,1155,1229,1230,1194,1226,1189,1149,1188
439,765,763,2987,1866,2092,2931,1673,1674,1714,1712
440,414,452,451,378,1780,2698,2695,2734,2770,528
441,1943,1905,1908,2206,2169,2168,2130,1944,1941,1942
442,1196,1654,1047,1083,1045,1079,1658,1694,1733,1734
443,1255,951,2986,952,915,953,913,1792,1717,2015
444,1291,1214,1404,1366,1403,1480,1368,1365,1328,1327
445,1738,1623,523,1701,1700,1661,1663,1130,1167,1586
446,1299,1451,1261,1489,1488,2059,2057,2243,1983,1037
447,450,760,488,38,2937,32,453,526,529,525
448,1288,767,766,729,761,3037,374,604,640,565
449,1115,1320,1121,1120,1152,1114,3007,1146,1110,1071
450,1110,1071,1146,3007,1073,1111,1065,1108,1104,1107
451,1422,3020,1651,1340,1532,1035,1846,1344,1886,1010
452,1406,1444,1859,1823,1824,1862,3014,1481,1482,1557
453,1175,1212,1481,1519,1250,1216,1595,1555,1633,2970
454,2488,2253,2215,2218,2298,2255,2220,767,1885,1922
455,328,3009,292,291,172,136,255,327,365,329
456,532,528,415,416,798,453,525,489,494,526
457,478,520,445,407,482,518,481,824,825,3017
458,1258,2168,2130,1524,1485,1601,1184,1902,1909,1871
459,1433,1395,1396,1434,1472,1358,1128,1432,1282,1129
460,2941,403,474,212,215,133,213,406,442,443
461,1015,1131,1321,1013,1052,1055,1093,1053,1054,1092
462,162,322,397,43,276,280,201,282,134,168
463,1700,1661,1663,1701,1662,1625,1737,1011,1699,3004
464,2673,2633,2668,3028,2749,2750,2751,2791,2704,2739
465,172,136,249,288,253,250,255,324,286,215
466,690,158,191,231,269,115,155,156,686,46
467,642,3016,1596,684,416,415,528,532,1631,1710
468,1258,1485,1524,1255,1256,1296,1294,1526,1527,1487
469,46,1792,917,3026,2243,2057,2059,1983,1489,1451
470,1485,1524,989,1562,1487,1527,1526,1486,1522,1258
471,1114,1152,1157,843,1076,1117,1080,1158,1113,1151
472,2183,1000,2488,2061,2221,1001,1879,1027,962,997
473,1125,1198,1161,1199,888,1160,1267,1306,1269,3035
474,1364,1401,1363,3038,1482,1059,1325,1021,1060,1706
475,1123,1385,1345,1387,1347,1386,1343,1348,2034,2262
476,2407,2368,2330,1263,1456,1492,2447,2103,2144,2140
477,665,702,733,744,626,668,594,593,704,598
478,929,966,964,927,1236,967,965,970,932,931
479,2813,2826,2852,2781,2705,2344,2304,2643,2644,1965
480,595,478,481,482,445,520,407,518,675,670
481,788,826,750,824,825,3029,851,818,852,892
482,3016,642,2698,2734,2770,2695,2696,2658,528,415
483,1553,1554,1515,1591,2944,1667,1705,681,645,719
484,1013,1052,1129,1125,1130,1055,1128,1093,1164,1358
485,1558,1406,1444,1862,1859,1823,1824,1520,1519,1785
486,1310,1005,1008,1006,1044,970,391,393,434,967
487,646,567,527,644,564,607,604,565,603,640
488,1226,1149,1189,1181,963,1228,1227,1191,1192,1190
489,1594,1556,2970,1633,1595,1555,1596,3030,1557,1517
490,1941,1944,1942,1978,2016,2017,1869,2091,2054,1867
491,2920,2891,2916,2897,2925,2917,2919,295,2834,2889
492,2730,183,32,38,2937,2655,2692,222,2725,1873
493,438,173,174,237,238,277,210,437,247,168
494,1149,1226,1189,1146,1071,1110,1111,1073,3007,1685
495,2532,1032,997,1685,2975,957,1189,1226,1149,1682
496,559,561,596,523,595,522,558,556,560,517
497,1221,1223,1188,1225,1222,1255,1260,1259,1451,1488
498,2794,2919,2917,2722,2647,2684,2682,2685,2645,2719
499,1042,1078,1003,1156,1043,1081,1118,1039,1613,2949
500,1320,1089,1087,1051,1428,1050,1090,1126,1391,1394
501,2941,172,280,134,201,168,276,282,1128,285
502,32,38,2937,73,220,181,107,145,34,72
503,2605,2648,2609,2608,2607,504,461,425,2567,2606
504,1367,1405,1443,1406,1444,1481,1252,1251,1482,1785
505,935,1002,1468,1431,1390,1392,2339,2340,2419,2380
506,3038,76,1706,1361,147,152,1710,2996,1631,1323
507,1183,1188,1645,1643,1150,1185,1148,1147,1181,2952
508,997,1032,1242,1506,1241,1239,1240,2446,2954,1070
509,992,993,1490,1031,996,1030,995,994,2407,2102
510,134,168,276,280,201,282,241,240,239,242
511,466,427,542,462,464,359,500,312,428,426
512,880,881,879,846,920,889,916,954,843,917
513,877,990,687,723,725,914,951,913,915,953
514,1129,1125,1472,1128,1200,1162,1163,1130,1131,1396
515,2060,2246,2021,1985,2020,2207,2167,1983,2243,2059
516,437,134,282,201,276,168,280,240,239,241
517,519,2721,2718,2717,2758,2754,2760,2716,2941,2728
518,3016,642,1596,1288,684,3038,604,607,567,608
519,486,76,657,660,621,656,485,2773,2774,1944
520,2178,695,573,771,583,885,192,230,154,270
521,1055,1130,474,403,400,1053,1054,1092,438,366
522,192,230,270,154,153,269,156,115,155,231
523,168,280,134,201,276,282,239,242,241,240
524,3039,1220,1217,1257,1448,1447,1450,1445,1417,1446
525,3016,642,1706,1596,684,528,532,416,415,1631
526,1013,1052,1055,1358,2941,1128,1126,1090,1391,1051
527,459,689,457,495,650,613,572,614,651,612
528,3,8,23,60,2976,21,62,48,2981,51
529,1055,1130,1091,1167,1129,1125,1205,1168,1738,1196
530,462,542,500,312,506,503,427,466,2958,350
531,1145,1109,1041,1350,1388,1115,2567,2606,1419,1121
532,1195,1264,1268,1304,1266,1233,1237,1308,1234,1274
533,478,3017,514,409,483,446,484,550,403,474
534,1688,1647,1687,1649,1648,1644,1646,1650,1609,1606
535,1518,1368,1099,1480,1176,1097,1064,523,1253,2977
536,280,276,282,201,168,134,241,240,239,242
537,1130,519,1055,1093,1054,1053,1092,1091,2977,1167
538,878,914,915,953,952,2986,951,913,647,533
539,345,347,2018,384,2363,921,2590,1794,2019,387
540,3004,1325,1287,1326,1324,1254,1282,1364,1401,1363
541,2960,1940,1713,1751,1790,1677,1904,1597,1639,1638
542,1183,1185,1147,1148,1181,2952,1186,1224,1411,1145
543,1977,2015,1903,990,1902,1524,1485,1788,1864,1828
544,1195,963,1228,1236,1114,1152,1157,1149,1189,1226
545,2937,32,38,152,147,76,304,225,148,151
546,724,809,845,889,734,810,773,769,1913,806
547,2719,2723,2758,2721,2760,2717,2718,2716,2754,2761
548,2657,2989,947,948,2732,379,2658,2696,1593,1630
549,2738,2699,2633,2668,2673,2672,2781,2790,3028,2791
550,3009,291,328,292,365,327,293,329,289,671
551,1153,1155,1190,1229,1230,1150,1194,1189,1226,1149
552,1706,1631,2996,1710,3038,1668,684,1596,1669,1708
553,757,794,718,717,720,754,792,755,756,3029
554,448,337,412,411,328,291,3009,292,369,197
555,2977,1115,1121,1120,1114,1152,1164,1125,438,1112
556,2383,2343,2420,2532,2384,2345,2458,2339,2418,2419
557,1166,1203,2967,1471,1165,1204,1202,1238,930,931
558,1181,878,1183,1495,1262,2992,1265,1187,1417,1154
559,1389,1315,3004,1429,1313,1319,1353,1351,1049,1055
560,184,2937,32,38,149,146,186,222,300,189
561,2794,2813,400,2755,2756,2757,2797,2753,2781,2671
562,1065,1104,1141,1142,1108,1107,1646,1649,1648,1644
563,2267,2266,2342,1014,2268,2225,2306,2261,3000,2303
564,550,235,309,305,308,513,547,310,274,236
565,1055,3004,397,49,43,1196,1814,2713,2714,2641
566,188,260,2957,228,223,226,300,227,189,187
567,1525,1297,1336,1564,1602,1563,1374,1640,1221,1223
568,2794,2643,2644,2754,2716,2717,2758,2760,2721,2718
569,1183,1148,1185,1147,1181,2952,1186,1224,1411,1109
570,2083,1818,1779,1781,1741,2007,2692,2655,793,792
571,62,21,60,2976,23,25,19,51,255,3
572,3037,374,1286,907,1248,1974,2009,834,523,411
573,309,305,308,483,446,484,409,3017,514,268
574,1228,1189,1226,1149,1195,1304,1268,1266,1264,1032
575,507,936,975,937,974,350,326,1352,1393,1355
576,335,181,220,412,336,296,1513,1590,1552,448
577,626,739,741,665,702,632,629,551,587,588
578,1519,1706,1558,1595,1555,1594,2970,1556,1633,452
579,839,801,840,841,1680,876,875,837,1721,990
580,920,1113,1151,1112,1154,1155,1153,919,957,882
581,815,781,816,779,814,780,745,782,895,898
582,1131,1321,1283,1358,1055,1093,1169,2608,2607,2648
583,2678,2638,2637,2641,2599,2604,2602,2723,285,2714
584,425,461,466,427,424,462,542,2921,359,464
585,242,240,241,239,89,210,277,174,237,238
586,86,49,136,116,2966,80,118,91,92,46
587,2208,2171,2173,1984,2172,2210,2593,2477,2022,2023
588,1055,1093,1700,1701,1661,1663,1054,1053,1092,1091
589,2815,2712,2792,2709,2752,2671,2661,2663,2664,2738
590,1519,1555,1595,2970,1594,1556,1633,797,1823,1824
591,1077,1613,2949,1690,1156,1081,1043,1118,1116,1078
592,914,878,954,916,877,953,951,952,913,915
593,2609,2608,2648,2607,1120,1121,1380,1383,2561,2485
594,172,327,365,62,60,21,23,2976,25,478
595,197,196,2779,232,2631,2813,41,347,624,2961
596,2936,1075,1648,1644,1646,1649,1109,1145,1115,1150
597,728,962,2965,617,197,196,691,692,386,899
598,1647,1688,1606,1609,1687,1646,1644,1649,1648,1379
599,896,934,824,825,755,792,852,892,859,822
600,595,900,670,561,596,559,1662,902,1586,865
601,452,451,414,684,416,415,528,532,683,487
602,1150,1190,1075,2936,1155,1153,1229,1230,2949,1613
603,668,704,594,593,347,516,247,121,630,628
604,1585,1232,2227,2230,1852,2228,2229,1849,1499,1506
605,1228,1533,3007,1073,1111,1146,1110,1071,1226,1149
606,2937,38,32,112,71,35,144,109,68,150
607,1717,952,2986,953,915,951,913,917,2952,2020
608,2670,2640,2642,2715,2675,2676,2677,2639,2710,2674
609,1721,1680,1414,1641,990,763,1104,1108,1107,1142
610,461,425,172,306,424,136,312,2978,384,347
611,411,870,2273,1896,836,1516,449,448,337,756
612,802,46,247,807,77,47,764,847,2599,774
613,2919,2917,2921,2712,2792,2671,2752,2709,2401,2015
614,94,96,2487,2525,97,127,583,163,164,130
615,263,265,340,2938,342,338,298,262,528,416
616,1282,1273,1309,1311,1358,1283,2994,1206,1388,1041
617,1245,1662,1003,1624,1282,1007,1055,1311,1309,1273
618,1455,1453,1457,1817,2576,2458,1416,1764,1726,1725
619,186,146,149,27,90,150,68,108,114,111
620,1055,1623,1130,1661,1700,1701,1663,1093,1167,1054
621,348,349,273,97,127,428,426,311,313,275
622,2166,1894,1786,1748,1785,1783,1668,2656,1860,2081
623,885,441,477,198,159,515,439,511,2954,2446
624,1738,1663,1701,1700,1661,1662,517,560,522,556
625,136,176,2973,251,89,249,253,288,250,427
626,1086,1122,1124,1082,1084,1009,1085,1350,1041,1388
627,602,298,262,338,148,3013,151,190,185,224
628,836,756,453,526,494,529,525,489,798,832
629,1214,1289,1327,1328,1291,1253,1252,1251,3004,1213
630,1596,1594,1555,1556,2970,1595,1633,1710,1631,2996
631,1520,1668,1482,3030,1557,1708,1672,1670,2956,1634
632,1282,1358,2994,1206,1283,1245,1131,1320,1013,1052
633,1110,3007,1073,1111,1071,1146,1072,1384,1113,1112
634,595,670,561,559,596,3009,292,291,328,863
635,478,520,481,407,518,445,482,409,3017,514
636,79,43,2401,2322,2245,2482,1800,2360,2323,1797
637,642,3016,2984,2735,2696,2658,341,532,528,415
638,403,474,331,366,330,367,404,443,442,406
639,106,886,924,449,655,619,654,618,661,229
640,760,450,488,798,494,529,525,489,453,526
641,1064,1024,1063,1480,724,378,595,2307,1023,827
642,1438,1136,1361,1399,1323,1099,1704,1742,1368,1477
643,3004,1245,902,1283,1624,1282,940,938,976,978
644,2730,37,74,72,145,31,107,34,641,680
645,1642,1722,1375,1720,1686,1684,1689,1452,1919,2293
646,2949,1613,1650,1077,2936,1075,2291,1072,1384,1074
647,1517,1479,1592,1593,1630,834,1176,375,413,719
648,1022,2342,1120,1121,1116,1357,2303,3000,2302,2264
649,1596,1710,2996,1631,1633,1556,1555,1594,2970,1595
650,1113,1151,1112,1110,1073,1071,3007,1111,1146,1120
651,1630,1593,910,1253,1368,1517,1592,1479,908,946
652,462,542,500,466,427,312,503,506,350,2958
653,797,832,796,1975,2622,2618,1821,2240,2929,1861
654,329,293,136,367,331,366,404,330,295,328
655,1229,1230,1613,2949,1150,1193,1460,1650,1192,1191
656,598,444,406,443,442,49,478,136,91,92
657,1593,1630,910,1253,1368,1592,1517,1479,908,946
658,2365,2301,2378,2338,2376,2528,548,851,470,395
659,136,49,3,8,176,251,2973,2937,38,32
660,86,914,49,2928,26,919,878,877,916,954
661,1245,1055,1093,1048,1054,1092,1053,1091,1700,1663
662,1055,2941,1245,1662,1093,1048,1092,1053,1054,1091
663,3038,1482,1706,1633,1595,1555,2970,1594,1556,414
664,1790,1751,1940,2960,1713,1716,1711,1754,1752,1978
665,1200,1432,1426,1125,1201,1470,1313,1353,1351,1319
666,1290,1632,1252,1251,1327,1328,1289,3030,1557,1596
667,878,46,914,686,609,610,533,437,79,230
668,1630,1593,2657,1592,1517,1479,872,871,908,946
669,3038,1482,1477,1097,1064,1706,1406,1444,1368,1439
670,2941,133,212,215,213,1013,1052,1701,1661,1663
671,2768,2655,2692,2651,2730,2735,2984,2166,342,2734
672,867,2085,2425,2084,1934,1627,874,909,912,911
673,1643,1645,1188,1607,1261,1299,1488,1489,1451,1682
674,172,136,247,255,249,288,250,253,292,291
675,451,414,452,684,532,415,528,416,722,487
676,1595,1594,2970,1633,1555,1556,1596,3030,1557,1517
677,1034,1568,1032,997,1027,991,1028,1190,1037,1802
678,2772,2774,2773,2809,2768,2804,2693,2654,378,2808
679,375,413,530,569,455,418,377,606,454,491
680,3016,642,2696,2658,1668,415,416,532,528,684
681,1212,1175,1250,1216,1176,1099,3014,1478,1518,1254
682,1760,1755,1753,3005,1757,1068,917,1720,1713,1940
683,1196,1197,1115,1232,1003,1150,1389,1315,1200,1041
684,1662,902,1586,2308,2307,1623,903,941,1624,2232
685,43,83,203,130,167,165,120,279,164,163
686,843,846,844,887,926,888,774,847,86,771
687,1013,1052,1282,1015,2994,1206,1358,1128,2941,1283
688,3004,1477,1245,1205,523,328,292,291,3009,1176
689,528,415,532,416,379,113,3013,190,151,224
690,2657,2989,1897,2311,1971,1213,2732,379,1822,1709
691,1595,1556,1555,1633,2970,1594,1250,1519,1175,1212
692,1895,1857,1859,1823,1824,1862,3014,341,1600,1483
693,89,83,88,319,125,53,324,286,362,127
694,483,484,446,443,442,406,444,521,825,824
695,965,967,2373,2109,2491,2452,2450,2454,2453,2375
696,38,2937,32,107,31,37,145,72,74,34
697,1245,1624,1625,902,1662,1586,1701,1663,1661,1700
698,670,1662,595,1048,1055,1092,1054,1053,1091,635
699,94,96,512,401,476,127,97,198,511,515
700,172,2941,785,474,403,133,215,213,212,365
701,878,914,1723,951,913,953,2986,915,952,2178
702,1595,1556,1594,1633,2970,1555,1176,1290,1518,1254
703,3030,1557,2658,2696,1520,1632,2432,1976,1936,2317
704,1245,902,1624,2004,289,901,939,938,940,978
705,1193,1230,1229,1034,1568,1190,1266,1304,1264,1268
706,2995,785,326,398,391,434,393,3009,291,328
707,471,432,436,395,470,1196,392,396,355,352
708,446,484,483,406,442,443,444,521,482,481
709,1129,1125,1472,1128,1200,1163,1162,1131,1434,1396
710,1685,2221,2295,2260,2333,2372,2179,2296,2219,2258
711,2284,2236,2476,2475,2439,2726,1834,2282,2733,1869
712,1558,1444,1406,1823,1859,1862,1824,1520,1519,1786
713,2761,2772,2725,2719,2809,2767,2632,2695,2734,2770
714,34,37,145,107,72,31,74,2670,68,112
715,172,365,327,404,367,331,330,366,364,21
716,416,532,528,415,2698,2734,2770,2695,2658,2696
717,915,952,953,2986,951,913,1717,1792,2015,1977
718,953,915,951,952,913,2986,916,954,917,990
719,384,382,690,306,381,420,345,49,2978,344
720,724,685,3029,1795,1757,1755,3005,1753,1760,919
721,38,32,2937,73,74,31,145,107,34,72
722,1358,1052,1013,1321,1434,1433,1396,1395,1397,1282
723,121,666,664,398,123,321,283,516,546,665
724,2598,2601,1986,2168,2130,2169,2206,2129,1902,1909
725,1595,1555,1633,1594,2970,1556,3038,797,1482,1251
726,1236,1125,1234,1237,1274,1233,1308,1235,1271,1199
727,1486,1522,1032,997,1027,1451,1261,1488,1489,1299
728,2770,2698,2734,2695,2654,2693,1671,1672,2956,1670
729,94,96,43,128,129,126,95,59,93,85
730,1763,1765,1454,1691,1725,1764,1416,1726,1413,1154
731,337,448,412,411,2273,870,1896,341,3037,374
732,797,910,759,1594,1633,2970,1556,1555,1595,1900
733,1340,1532,963,1000,2488,1802,1493,1496,1302,1036
734,1405,1367,2655,2692,1443,1406,1444,1062,1025,1330
735,1502,1503,1166,1504,1228,1162,1163,1269,1267,1231
736,598,597,637,672,634,674,599,636,633,635
737,2178,2103,2065,2140,2142,2144,2282,1834,1993,1915
738,1586,1623,1624,1587,1625,863,902,1588,1662,1245
739,1977,2015,877,1903,990,1902,687,723,725,1524
740,479,475,438,507,505,312,500,513,547,401
741,286,324,277,237,174,173,238,210,89,322
742,1037,2183,2228,2230,2229,2227,1852,1913,1034,1568
743,2730,2725,2804,2655,2692,2729,2690,2689,2695,2734
744,1390,1392,935,1046,778,743,1275,972,1354,1012
745,2102,921,2243,1983,2059,2057,1910,1949,1907,879
746,136,49,8,3,2973,251,176,32,2937,38
747,1986,1414,1601,2221,1413,1871,2137,1906,2097,1909
748,1130,1055,1093,1053,1092,1054,1132,1017,2716,2758
749,1516,1519,2313,2312,1823,1859,1862,1824,1895,1857
750,1668,1672,2956,1671,1634,1708,1670,1706,1632,1520
751,2599,2293,2217,1919,2220,2215,2255,2218,2298,2253
752,1269,1267,3035,1306,1231,1424,1504,1305,1192,1227
753,372,405,327,365,406,444,443,442,334,2941
754,2510,2472,2471,2511,2550,1712,1636,1673,1674,1714
755,172,1052,1013,215,212,133,213,864,862,823
756,43,96,94,1799,78,2604,2602,2723,2547,2713
757,1626,981,1627,1704,1742,1593,1630,985,1628,947
758,425,461,427,466,424,2919,2917,2738,2699,1678
759,1553,1515,1591,2944,1554,1176,1475,412,1325,1324
760,2726,1284,2649,1360,1322,1246,2613,2651,1285,1247
761,1596,2943,1594,2970,1595,1555,1633,1556,1519,1631
762,422,648,611,571,1903,1680,1871,2174,1906,2135
763,430,358,353,323,429,396,352,355,360,354
764,718,720,754,717,1132,301,376,303,259,339
765,1668,1780,984,2086,2349,1672,1634,2956,1708,1670
766,2233,1193,1205,3008,2727,1230,1229,2591,2105,1167
767,1320,1238,1471,1165,1203,2967,1204,1202,2994,1206
768,2383,974,975,937,936,326,1430,1356,1393,1355
769,2019,2134,1945,2170,2064,2022,2023,2287,2325,2327
770,1460,1268,1264,1266,1304,1035,1259,1260,1154,1459
771,1443,1596,1290,1478,1212,1175,1254,2943,1367,1405
772,1395,1433,1434,1396,1131,1472,1358,1200,1128,1432
773,1706,1519,1443,1710,2996,1631,1596,3038,1669,1481
774,652,613,614,615,651,612,572,650,688,1869
775,1860,1668,1520,758,1482,1894,2938,265,263,340
776,286,324,237,210,238,174,173,277,89,162
777,1668,2049,2126,3002,2164,1778,1672,1671,2956,1634
778,1946,2029,685,878,2032,1990,1989,2031,1905,1908
779,2205,2244,2209,1719,1717,1982,2022,2023,2207,2020
780,3038,1594,1555,1556,1633,2970,1595,1482,1251,1252
781,2063,2139,2101,2062,2067,2068,2027,2104,2069,2214
782,1128,1129,1433,1395,1396,1434,1013,1052,1125,1131
783,2719,2723,2717,2758,2716,2760,2718,2721,2754,2761
784,1195,1304,1266,1264,1268,1227,1191,1192,1460,1228
785,2942,2624,415,416,528,532,414,452,451,151
786,2183,1070,1033,1037,2184,1032,997,1685,2221,2366
787,1426,1114,1152,1071,1073,1110,1146,1111,3007,1353
788,1444,1406,1099,1097,1519,3038,1481,1482,1250,1405
789,106,32,38,2937,299,679,792,755,1704,1742
790,1054,1092,1053,1091,1167,1700,1701,1663,1661,1623
791,2166,1894,1786,1783,1748,1785,1668,2656,1367,1405
792,2730,835,2735,2984,2847,757,794,34,31,37
793,1483,1447,1445,1448,1450,1257,1220,1217,647,1521
794,2225,2268,2306,2266,2267,2940,2231,2494,2533,1888
795,479,475,438,507,505,1126,1050,1051,1088,1087
796,807,1955,848,771,812,811,847,735,810,773
797,797,1706,2354,2390,2430,2351,2394,2010,2355,2391
798,1596,1710,2996,1631,1632,1630,1593,1556,1555,1595
799,951,915,2986,953,952,913,1717,1792,1977,2015
800,1190,1193,1228,1150,1230,1229,1189,1226,1149,1155
801,1114,1152,1158,1117,1080,1076,1151,1113,1112,1073
802,684,3038,1367,1405,3016,642,452,414,451,1706
803,247,285,897,895,898,741,324,286,438,856
804,684,1706,3016,642,452,451,414,985,797,1710
805,1049,1055,1115,1048,1389,1315,1737,1699,1011,1196
806,755,792,757,794,3033,924,886,2767,449,2768
807,1128,1091,1129,1434,1396,1433,1395,1052,1013,1015
808,757,794,2768,2804,2692,2655,2808,342,2166,380
809,2655,2692,1252,1251,2730,2615,2770,2695,2698,2734
810,2936,1075,1150,2949,1613,1042,1111,1071,1073,1110
811,1706,985,797,1710,2996,1631,2504,2469,2467,2087
812,403,474,2973,176,251,406,443,444,442,175
813,1225,2029,2368,2330,1188,1839,1230,1229,1494,1194
814,2794,2756,2755,2797,2753,2757,2792,2752,2709,2671
815,1309,1273,1311,1233,1237,1308,1234,1271,1235,1274
816,2132,2094,2131,362,2528,504,469,363,472,500
817,1195,1266,1264,1304,1268,1274,1235,1271,1234,1237
818,1243,1510,1549,1244,1207,2994,1206,1586,901,939
819,1079,1083,1045,1047,1003,1048,1078,1007,1049,1311
820,1129,1125,478,442,443,444,406,2941,172,825
821,783,854,893,894,860,858,819,821,857,861
822,110,152,147,32,38,2937,641,680,76,106
823,831,1516,1705,1667,1288,1325,2943,1591,1554,1515
824,1792,879,881,880,1949,1907,1910,1905,1908,1943
825,2007,1970,868,2615,945,1249,906,2650,907,1286
826,1041,1350,1388,1114,1152,1310,1111,1071,1073,3007
827,1739,1587,903,941,1624,2423,2043,2422,1816,1627
828,1668,2696,2658,1632,2654,2693,947,948,1672,1671
829,1662,1510,1207,1244,1549,1243,675,172,136,49
830,1190,1193,1150,1228,1229,1230,1153,1155,1221,1223
831,1890,1849,1499,2947,1587,2232,2269,1572,1537,1574
832,1200,430,358,398,399,433,468,431,1203,2967
833,1764,1725,1726,1416,1765,1763,1454,1455,1457,1453
834,379,378,341,455,530,491,531,454,377,490
835,1255,1228,1221,1223,1258,1486,1522,1149,1189,1226
836,1258,1255,1294,1256,1296,1485,1524,1217,1257,1220
837,2719,785,818,438,2723,237,174,173,238,210
838,960,2286,2404,3015,2289,2326,2405,2362,2211,2327
839,437,280,168,201,276,134,282,242,241,240
840,1626,1477,1592,1517,1479,718,720,717,754,338
841,2604,2602,2670,2174,1909,2135,1871,2137,2097,1906
842,825,824,787,786,862,864,823,788,444,443
843,1670,1671,1672,1708,1634,2956,1632,1520,2996,1631
844,3019,6,54,289,11,14,30,16,172,136
845,1952,1950,2997,1946,2060,2246,2021,1987,2026,1985
846,471,510,546,888,508,467,1196,890,357,395
847,412,3037,374,335,295,337,448,296,336,334
848,878,2952,1681,1721,914,1183,1717,2206,2169,952
849,1315,1389,1048,1003,1662,1320,1049,1075,2936,1042
850,1168,1205,1890,1232,1167,1435,2269,2232,1233,1274
851,1091,1130,1738,1128,1167,1196,1663,1701,1661,1700
852,3004,902,1283,1054,1092,1053,1016,635,672,637
853,2712,2752,2671,2792,2709,2670,2714,2713,2794,2781
854,598,675,597,636,634,672,633,674,635,599
855,953,2986,952,913,915,951,1717,1792,2015,1977
856,1705,1667,983,1364,1363,1401,1629,1704,1742,1060
857,1250,1444,1406,1099,1175,1212,3014,1405,1367,1178
858,1593,1630,1479,1592,1517,2657,869,946,872,871
859,1055,1053,1092,1054,3004,675,1130,1115,1663,1701
860,2280,2929,2618,1938,2239,2318,1975,2582,1821,2278
861,2560,2521,2516,2479,1947,2598,2601,2596,2553,2559
862,1217,1257,1220,1219,1218,1296,1256,1294,1483,1255
863,1977,2015,2058,1792,1527,1526,1562,1487,1830,1829
864,3038,1706,2996,1710,1631,1368,1596,1252,1251,1669
865,572,615,651,614,612,688,613,650,647,649
866,2618,1975,2929,2581,1899,1938,1861,2280,2278,2318
867,2658,2696,1632,2693,2654,1672,2956,1708,1670,1634
868,1111,1146,3007,1073,1110,1071,1065,1142,1104,1107
869,424,2058,422,397,382,429,353,323,1909,2135
870,1519,2984,2735,1859,1823,1824,1862,1555,1556,1594
871,3038,1368,1367,1405,1252,1251,1482,1291,1631,2996
872,528,415,416,532,414,452,451,3016,642,490
873,1115,1414,1120,1121,1152,1114,844,1567,1566,1684
874,797,415,528,416,532,759,414,451,452,642
875,1475,1439,1135,1590,1513,1552,1477,1399,1323,1211
876,2766,2769,2810,2765,2969,2806,2802,2880,2849,2887
877,342,2804,2938,263,265,340,2847,380,2730,757
878,1144,1111,1110,1073,1146,1071,3007,1373,1337,1297
879,384,483,484,446,382,422,267,235,690,424
880,173,174,238,237,277,210,324,286,504,168
881,583,61,483,484,446,51,19,27,405,29
882,1596,1288,1780,1710,2996,1631,1629,1248,907,1286
883,2800,2836,2798,2969,2769,2766,2806,2810,2765,2802
884,757,794,720,718,754,717,792,755,756,3029
885,1250,1444,1406,2970,1556,1594,1555,1595,1633,1212
886,341,380,1823,1824,1862,1859,415,532,416,528
887,728,575,576,539,498,577,616,501,580,729
888,1006,1008,1005,1044,1046,969,1004,968,1311,1273
889,521,556,522,517,558,560,446,483,484,587
890,2943,836,1212,1175,1592,1479,1517,1516,756,529
891,407,520,445,482,518,481,596,561,559,934
892,341,380,1823,1824,1859,1862,416,415,528,532
893,2057,1983,2243,2059,2102,2060,2021,2246,1792,2058
894,459,499,2937,38,32,2623,2627,2626,495,457
895,532,416,528,415,452,414,451,3016,642,606
896,642,3016,1706,1705,1667,1596,1288,1325,684,1780
897,37,107,34,72,74,31,145,186,149,146
898,788,885,887,926,878,923,750,712,673,920
899,2547,2599,2761,2763,2762,2723,2588,2636,2939,2601
900,1477,1078,107,145,74,31,34,37,72,3004
901,125,53,88,319,345,241,242,240,239,162
902,1121,1120,1196,1125,1122,1124,1009,1084,1086,1085
903,2229,2230,2227,1852,2228,1499,1849,1580,1618,1622
904,79,43,46,77,80,116,2966,118,269,155
905,411,2273,870,1896,836,449,1516,448,337,756
906,1596,1595,1555,1594,1633,1556,2970,1631,1710,2996
907,181,220,42,82,40,2767,261,221,79,184
908,1264,1266,1304,1268,1502,1503,1259,1260,1227,1192
909,290,2712,2752,2671,2792,2709,2401,172,289,136
910,830,2692,2655,340,263,265,2938,342,758,2615
911,1623,1586,1245,1625,3004,1310,364,1510,1244,1549
912,2001,2042,2080,2571,2079,2077,2041,2078,1998,1961
913,212,213,215,133,175,214,252,172,288,253
914,519,521,626,3029,560,522,558,517,556,446
915,1150,1190,1153,1155,1075,2936,1230,1229,1613,2949
916,1255,1222,1181,1028,991,1218,1219,1221,1223,1258
917,760,488,450,682,643,523,489,494,798,525
918,336,296,2725,106,295,299,679,32,38,2937
919,877,990,917,725,687,723,1528,1569,1529,1029
920,380,451,452,414,416,415,528,532,486,341
921,1200,1125,785,326,777,402,440,473,435,1120
922,94,96,321,283,123,77,43,243,169,170
923,1504,2416,2457,1162,1163,2977,1502,1503,2940,2533
924,2682,2685,2722,2647,2684,2645,2719,2130,2168,2920
925,1059,1363,1401,1364,3038,1402,1367,1405,1325,1706
926,299,221,261,262,298,338,528,532,415,416
927,3015,2211,2324,2281,2993,2362,2283,2289,2405,2327
928,1320,1297,1165,1238,1471,1202,1203,2967,1204,2994
929,1025,1062,1140,1178,1367,1405,1443,1444,1406,2165
930,717,754,718,720,2937,32,38,110,789,264
931,351,547,513,777,274,3031,236,310,776,503
932,889,928,3029,1913,768,890,789,664,666,733
933,2920,2722,2682,2685,2645,2647,2684,2719,2565,2646
934,1737,1699,1011,626,739,2977,784,519,741,1610
935,3030,1557,1482,1251,1252,2695,2770,2734,2698,2658
936,21,2976,60,23,62,25,6,3019,51,19
937,1663,1661,1701,1700,1054,1092,1053,1091,1118,1081
938,1315,1389,1048,1003,1320,1055,1115,1245,1662,1049
939,2996,1710,1631,1596,1706,1634,1670,1672,1708,1671
940,1055,1091,2941,1205,598,1245,1662,1738,1128,1196
941,438,437,476,512,401,741,708,675,242,241
942,1558,1859,1862,1823,1824,1783,1748,1786,1785,1520
943,3038,1706,1368,1631,2996,1710,1251,1252,1482,1668
944,768,696,694,693,962,690,731,658,730,697
945,1230,1229,1193,1190,1227,1192,1191,1150,1504,2949
946,1742,1704,1361,1741,1706,1667,1705,2007,1628,1020
947,1860,2615,1970,1934,1972,2317,1900,1976,1937,3027
948,1438,1136,1361,1323,1399,1742,1704,1183,1439,1148
949,1167,1201,1470,1190,1232,1315,1389,1150,1168,1203
950,1048,1660,1696,1736,1695,1698,1697,1659,1016,1049
951,2253,2218,2220,2298,2255,2215,2488,2972,2252,2328
952,1205,1055,1130,1167,1091,1129,1166,1125,1586,2994
953,1631,1710,2996,3038,2164,2126,3002,2049,1626,1596
954,1427,1127,1162,1163,1432,1088,1391,1089,1050,1428
955,2919,2917,2604,2602,2670,2135,1906,2137,1871,1909
956,972,1316,1012,973,1312,1318,1279,1275,1354,1280
957,671,675,807,747,707,749,748,710,709,711
958,1557,3030,1290,1213,1556,1555,2970,1594,1633,1595
959,959,955,918,958,956,1913,957,2105,919,917
960,1257,1217,1220,1979,1939,1980,1981,1256,1294,1296
961,1626,1596,3038,1860,2615,1631,1710,2996,1633,1595
962,364,133,215,212,213,289,327,365,175,252
963,1228,1071,1111,1110,3007,1073,1146,1533,1189,1226
964,1055,1013,1052,1129,1164,1125,2994,1206,1358,1128
965,1668,2956,1671,1634,1708,1670,1672,1706,1632,1520
966,3029,789,519,521,826,751,626,824,825,752
967,2641,2638,2678,2637,2714,2713,2982,2674,2675,2715
968,1417,1186,1224,1495,2992,1262,1265,1187,1723,2178
969,1145,1109,1183,1142,1104,1141,1107,1108,1065,1184
970,801,840,839,875,837,876,1721,2547,1955,1723
971,1059,1057,1437,1666,1703,1364,1363,1401,1285,447
972,2968,2885,2809,2918,2922,2888,2886,2884,2898,2858
973,2470,2617,948,947,2316,1937,2315,2012,3027,1936
974,370,675,673,712,778,743,749,707,709,747
975,2693,2654,1670,1671,2956,1672,1708,1634,2696,2658
976,1706,1519,1631,1710,2996,1596,1669,1786,1783,1748
977,1668,1670,1671,2956,1634,1672,1708,1706,1632,1520
978,1632,1252,1251,3030,1557,1672,1708,1671,1670,2956
979,3030,1557,2734,2695,2698,2770,2658,2696,1520,1632
980,409,514,3017,478,369,407,520,445,481,482
981,1037,1074,2291,1040,1039,1001,734,810,773,1150
982,532,415,528,416,798,489,526,525,529,453
983,1074,1648,1649,1646,1644,1037,1916,1643,1645,1607
984,1037,1150,1193,1190,1155,1153,1075,2936,1228,1074
985,1245,902,2383,1625,3004,2998,1624,1623,938,939
986,2545,2127,2165,2090,2464,2203,2697,2621,2199,2660
987,2719,2723,2718,2760,2758,2721,2717,2754,2716,2761
988,478,49,397,444,406,442,443,55,322,162
989,843,675,583,775,741,839,840,801,842,446
990,675,172,370,862,786,864,823,787,327,365
991,2658,2696,642,3016,2693,2654,1596,2617,2470,2657
992,2383,938,901,976,978,939,940,977,1283,902
993,306,307,268,233,43,463,305,308,309,347
994,378,682,643,379,2732,604,607,564,640,603
995,1015,1283,977,1282,1321,900,940,978,938,976
996,1193,1190,1228,1037,2183,1034,1568,2105,1229,1230
997,1522,1486,1032,997,1027,1299,1489,1488,1261,1451
998,2030,2023,2022,2064,2104,2062,2068,2067,2027,2208
999,1153,1155,1150,1190,2936,1075,1077,1119,1113,1112
1000,1862,1859,1823,1824,1558,1938,1861,2274,2318,1821
1001,1905,1908,1943,1449,1903,2206,2169,1411,1677,1944
1002,2772,2926,2809,2804,2968,2885,2844,2771,2847,2924
1003,1486,1522,1449,1299,1489,1451,1488,1261,991,1028
1004,1228,2183,1149,1226,1189,1264,1266,1304,1268,997
1005,3016,642,449,684,528,532,415,416,831,798
1006,2685,2682,2684,2722,2647,2645,2646,2565,2566,2723
1007,1210,297,755,792,868,1211,2927,1893,1514,1476
1008,2064,2100,2175,1914,1911,2019,921,956,918,955
1009,1037,1070,1033,1150,1034,1568,997,1032,1040,1685
1010,913,953,952,2986,915,951,954,916,917,1028
1011,2937,32,38,73,2725,72,37,31,34,74
1012,1414,2952,1721,989,1183,1566,1567,1411,1684,1686
1013,1197,1234,1233,1271,1308,1274,1237,1235,1311,1273
1014,471,510,546,467,508,2528,357,432,436,395
1015,1706,1710,1631,2996,1596,1669,3038,1668,684,1633
1016,2682,2647,2685,2684,2645,2722,2719,2130,2168,2920
1017,1055,1115,1585,247,285,1737,1699,1011,1048,1245
1018,1228,1223,1221,1149,1189,1226,1264,1304,1266,1268
1019,647,725,687,723,3026,685,1713,1790,1940,2960
1020,1706,1667,1705,684,983,1364,1401,1363,1668,1780
1021,292,291,3009,328,172,136,49,327,365,293
1022,983,684,537,536,497,574,535,2086,2349,498
1023,327,365,2826,2852,2705,369,523,2958,517,522
1024,1037,2152,2188,2154,2190,2151,2189,2155,1074,2291
1025,1245,1585,1007,1012,1316,1280,1317,1312,971,1354
1026,2984,2735,2658,2696,2697,2660,2659,2199,2621,2693
1027,1594,1555,1595,2970,1556,1633,1519,1823,1859,1824
1028,1052,1013,1282,1015,2994,1206,1128,1358,1283,977
1029,1282,3004,1397,2383,1206,2994,1358,1320,1283,1357
1030,519,54,486,521,600,562,478,333,414,451
1031,2794,1585,784,2753,2757,2755,2756,2797,2709,2752
1032,2091,2054,1867,537,497,536,574,535,2092,2931
1033,225,304,76,227,260,189,223,228,300,187
1034,2712,2752,2671,2709,2792,2670,2794,2714,2713,2739
1035,3016,642,528,415,416,532,684,526,798,525
1036,1869,1794,3022,1870,2093,2055,1868,1753,1760,1755
1037,2598,2601,2485,2523,2561,2524,2599,2522,2520,2478
1038,1060,1215,736,1022,385,1248,907,1286,767,1059
1039,755,792,679,2083,757,794,2725,680,641,106
1040,106,299,679,2937,38,32,755,792,1513,1590
1041,596,561,559,478,347,595,556,517,560,558
1042,1250,1212,1175,1176,1099,1592,1517,1479,3014,1516
1043,1646,1644,1649,1648,1916,1074,1607,1987,1647,1688
1044,2658,2696,1632,2693,2654,1670,1672,1671,1708,2956
1045,3004,1245,1662,1055,1624,1282,2941,1322,1246,1625
1046,890,889,928,891,240,239,242,241,888,843
1047,2551,2515,538,2779,2662,734,2554,770,2815,2514
1048,1175,1212,1250,1176,1216,1099,1518,2962,3014,1254
1049,1985,1992,2024,1988,2206,2169,2021,2060,2246,1986
1050,823,787,786,864,862,671,900,519,408,749
1051,397,247,323,353,429,504,425,461,362,324
1052,1231,3035,1269,1267,1306,2532,1228,1539,1502,1503
1053,3030,1557,2698,2770,2734,2695,2696,2658,1520,1632
1054,1519,1710,2996,1631,2203,2127,2545,2165,2090,2464
1055,2941,478,523,777,409,3017,514,776,785,822
1056,756,415,416,532,528,526,529,453,494,489
1057,1028,991,1486,1522,992,995,1490,993,996,1030
1058,777,476,512,401,326,785,281,135,318,207
1059,183,149,146,186,2730,111,112,109,150,71
1060,1322,1246,3004,1253,2962,1284,1477,1626,1368,1361
1061,728,523,836,756,529,526,489,494,798,525
1062,2847,2798,2836,2804,2809,2800,2874,2875,2840,2841
1063,121,896,934,283,123,321,785,398,892,859
1064,1184,1903,1680,2135,2174,1909,2137,1871,1906,2097
1065,162,322,437,247,777,121,285,201,282,280
1066,2732,2657,2693,2654,2508,2128,2507,2393,2468,2050
1067,2023,2022,958,918,959,956,955,1984,2210,2171
1068,785,438,174,210,277,238,173,237,247,285
1069,890,276,282,201,168,280,134,889,928,285
1070,1516,1250,1325,1554,1553,1515,1591,2944,1136,1475
1071,2250,2288,2985,2248,2251,2247,2990,2249,2290,2068
1072,1503,1502,1270,1166,1153,1155,1622,1542,1580,1618
1073,452,414,451,684,523,528,532,416,415,487
1074,2644,2643,2603,2646,2566,2565,2077,2041,2078,2079
1075,1183,1149,1189,1226,1146,1073,1111,1071,1110,3007
1076,2937,38,32,110,147,152,31,74,107,72
1077,1706,1710,2996,1631,981,3038,1668,1704,1742,684
1078,2730,34,37,31,74,72,107,145,146,149
1079,3014,1216,1250,1098,1442,1213,1175,1212,1139,1176
1080,2670,2709,2792,2712,2671,2752,2640,2642,2677,2715
1081,416,415,528,532,494,453,489,529,526,525
1082,442,443,406,444,121,92,91,292,3009,328
1083,1037,1042,1040,1150,1001,768,1000,1153,1155,1119
1084,977,900,901,938,939,940,978,976,671,2383
1085,397,322,162,879,881,880,954,916,285,919
1086,1595,1594,1555,1633,1556,2970,2944,1553,1554,1591
1087,1155,1153,878,1150,843,914,889,739,809,920
1088,739,741,437,744,777,776,400,546,778,743
1089,1298,1218,1219,1179,1068,1222,1257,1220,1217,1297
1090,2937,38,32,73,107,34,74,145,37,72
1091,1776,1661,1663,1701,1700,1660,1695,1696,1736,1659
1092,2714,2713,2671,2752,2712,2792,2709,2710,2675,2674
1093,46,954,916,79,2102,77,953,913,952,951
1094,492,491,456,530,568,377,490,606,454,570
1095,1520,1668,3030,1557,1482,1634,2956,1671,1672,1670
1096,1780,2734,2695,2770,2698,2696,2658,1632,2735,2984
1097,1042,2936,1075,1078,1115,1150,1389,1315,1048,1043
1098,1482,1557,3030,1252,1251,1595,1555,1594,1633,2970
1099,2937,38,32,72,37,34,31,145,107,74
1100,2994,1206,1472,1471,2967,1204,1202,1238,1203,1165
1101,1902,2167,2020,2207,2401,2601,2598,2058,1986,2130
1102,1190,1229,1230,1150,1226,1189,1149,1188,1193,1228
1103,1706,2996,1710,1631,1596,3038,1668,1669,684,1595
1104,1115,1150,1683,1042,1040,731,1119,1039,540,1190
1105,1662,1624,1282,1586,2994,1206,1625,1205,3004,1322
1106,1320,1165,1202,2967,1203,1471,1238,1204,1277,1508
1107,2709,2712,2752,2671,2792,2670,2714,2713,2794,2781
1108,1131,2383,369,940,976,939,938,901,978,365
1109,1151,1113,1112,1110,1111,1146,1071,3007,1073,1116
1110,1632,1668,1557,3030,2956,1670,1672,1671,1634,1708
1111,1205,1130,1091,1167,1129,1125,1166,1586,1245,1168
1112,1807,1918,1958,2568,1885,1922,2038,2567,2606,1961
1113,1905,1908,1943,916,954,1910,1907,1949,881,879
1114,914,878,954,916,877,2986,952,913,915,951
1115,2105,1994,2287,2324,3015,2993,2283,2326,2405,2320
1116,312,808,505,805,893,861,821,854,819,856
1117,247,324,286,438,238,174,277,237,173,210
1118,1596,1710,2996,1631,1595,1594,1555,2970,1633,1556
1119,532,416,528,415,341,1823,1859,1862,1824,685
1120,2730,2804,2768,2655,2692,2731,2736,2767,2687,2724
1121,1130,519,521,1168,443,406,444,442,626,826
1122,913,953,2986,951,915,952,1717,1792,1977,2015
1123,1213,1176,1328,1289,1327,1216,795,1517,1592,1479
1124,825,824,786,864,787,862,823,847,846,886
1125,190,185,113,151,148,3013,224,38,32,2937
1126,1630,1593,2657,872,869,946,871,908,2943,1254
1127,2028,1991,2105,2027,2067,2104,2062,2068,2026,2291
1128,1823,1862,1859,1824,1558,341,1557,3030,2618,2274
1129,1077,2949,1613,1690,1043,1156,1081,1118,1116,1078
1130,3009,328,291,292,172,365,327,136,293,329
1131,322,162,397,43,280,282,134,276,168,201
1132,1191,1227,1192,1154,1268,1266,1264,1304,1195,2975
1133,1320,1353,1429,1313,1319,1351,1311,1273,1309,1314
1134,812,811,1947,2479,2251,2247,2985,2288,2248,2990
1135,807,1986,847,810,773,802,1985,844,1987,2599
1136,400,2958,397,247,285,323,429,353,2813,2794
1137,2938,265,340,263,342,338,298,262,379,416
1138,728,834,328,291,292,3009,375,413,719,681
1139,1501,1540,2492,2415,2532,1465,2495,2231,2533,2455
1140,2713,2714,2719,2715,2676,2639,2675,2982,2674,2677
1141,452,451,414,378,415,532,416,528,684,379
1142,397,247,285,429,323,353,504,461,425,362
1143,1206,2994,1243,1207,1510,1244,1549,1282,1358,1472
1144,1116,1154,1112,1151,1113,1077,1384,1072,1191,1192
1145,1013,1052,1358,1128,1394,1428,1050,1126,1051,1087
1146,1175,1212,1481,1519,1250,1556,1555,1595,1633,2970
1147,1212,1175,756,798,525,526,453,489,494,529
1148,1950,1952,2997,1188,1645,1643,1148,1147,1185,1150
1149,415,528,532,416,2587,2548,2549,2586,379,261
1150,1164,1166,2977,1089,1087,1051,1394,1428,1050,1126
1151,2989,1214,1709,1822,1593,1630,950,1291,986,1632
1152,755,792,297,449,299,450,760,488,757,794
1153,1482,1780,1365,1406,1444,1021,1520,1480,1898,1252
1154,1406,1444,1097,1099,1519,3038,1481,1405,1367,1482
1155,1290,2696,2658,1632,1252,1251,1289,1328,1327,1557
1156,1801,1773,1770,1766,1769,1727,851,583,1723,953
1157,466,427,933,1277,1505,1546,1548,1276,1509,1544
1158,378,595,770,827,624,662,2961,556,517,558
1159,1865,1638,1635,1597,1639,1904,725,723,687,1825
1160,843,840,839,801,842,916,954,879,881,880
1161,1483,2016,1978,2017,1450,1445,1447,1448,1521,3034
1162,3038,1482,1097,1064,1444,1406,1368,1099,1477,1480
1163,1325,1290,1324,1287,1326,1254,1596,1288,3038,1401
1164,1793,1832,1831,2978,764,384,2055,1870,1868,3022
1165,1212,1175,1176,1250,832,1216,1592,1517,1479,1516
1166,528,416,415,532,451,414,452,642,3016,455
1167,2547,771,1057,735,708,3033,2599,2588,2513,2512
1168,671,747,710,749,707,709,748,711,977,636
1169,1706,1443,1519,684,2984,2735,3038,1631,2996,1710
1170,136,474,403,293,329,176,251,2973,247,438
1171,2679,2720,2681,2759,2683,2680,2797,2756,2757,2755
1172,1070,1033,1115,1008,1044,1006,1005,1121,1120,1152
1173,2183,1070,1033,1037,2184,1032,997,1685,2221,2448
1174,1228,1226,1189,1149,1268,1264,1304,1266,997,1032
1175,2318,2240,1899,2582,2239,1975,2279,2618,2278,2929
1176,1519,297,450,488,760,1406,1444,794,757,1099
1177,1596,1710,2996,1631,1595,1556,1555,2970,1594,1633
1178,110,190,151,185,113,148,3013,224,789,2937
1179,453,798,529,489,494,526,525,488,760,450
1180,1189,1226,1149,2979,2170,1945,2134,884,922,883
1181,452,451,414,378,2695,2734,2698,2770,415,532
1182,172,213,133,215,212,2937,32,38,238,277
1183,425,461,427,466,424,462,542,359,464,463
1184,106,679,1704,1742,1628,110,1399,1323,1629,73
1185,1032,997,1033,1070,2183,1228,1534,1802,1036,1496
1186,305,308,309,233,307,268,235,550,267,346
1187,2809,416,532,415,528,797,1594,1555,1556,2970
1188,1628,868,906,2650,1249,945,907,1248,1286,1513
1189,1630,1593,1517,1592,1479,908,869,946,871,872
1190,2278,2618,2582,2274,2239,2622,1975,1899,2929,2240
1191,1558,1859,1824,1862,1823,1520,1519,1783,1748,1786
1192,1255,1223,1221,1258,1486,1522,1259,1260,1488,1451
1193,1685,1691,1033,1070,1724,920,1954,2332,1686,1684
1194,1948,1983,2057,2059,2243,2137,1871,1909,2097,2174
1195,1586,1662,1205,1206,2994,1003,1232,1576,1167,1623
1196,2734,2770,2695,2698,2730,1668,2772,2654,2693,2728
1197,953,2986,915,951,913,952,916,954,917,990
1198,1421,1767,1809,1461,2026,1040,2036,2118,1458,1693
1199,2585,1863,1791,1828,1750,1825,1789,1787,2053,1864
1200,2714,2713,2715,2982,2677,2639,2710,2675,2676,2674
1201,2588,2512,2513,2548,2586,2587,2549,2511,2471,2550
1202,1188,1225,1222,1221,1223,1494,1265,1262,2992,1187
1203,1320,1313,1351,1353,1429,1319,1311,1309,1273,1200
1204,777,743,778,785,814,779,815,816,745,781
1205,172,327,365,2941,331,367,366,330,404,364
1206,2917,2919,2772,2767,2809,2764,2923,2804,2883,2885
1207,1245,1586,3009,292,328,291,1623,365,327,1624
1208,1129,1472,1128,518,482,407,481,445,520,1162
1209,1504,1190,1270,1503,1502,1579,2945,1150,1577,1611
1210,2997,1952,1950,2026,1948,1916,2031,1990,1989,2032
1211,1115,1055,1119,1196,1153,1155,1049,1125,1427,1127
1212,342,2938,263,340,265,1894,2804,380,2847,1860
1213,297,794,757,760,450,488,303,266,376,339
1214,1933,1932,1513,1590,1552,1589,2650,1249,945,906
1215,532,415,528,416,379,378,451,452,414,3016
1216,739,775,1083,1045,1079,1047,674,672,599,633
1217,289,364,288,249,250,253,215,212,213,133
1218,754,720,717,718,262,338,298,528,416,532
1219,1782,1820,2197,1857,1895,1784,1743,1746,1747,1745
1220,675,776,1128,824,825,1738,711,749,748,709
1221,1136,1099,1477,1137,1439,1097,1250,1475,1514,1476
1222,1123,2977,1539,1160,1385,1343,1386,1345,1347,1387
1223,2678,2641,2638,2637,2715,2677,2676,2675,2639,2710
1224,214,252,175,182,219,218,79,104,143,153
1225,630,628,592,554,623,590,591,545,589,555
1226,1644,1649,1646,1648,1109,1145,1075,2936,1183,1607
1227,2941,403,474,133,213,212,215,785,1013,1052
1228,1557,3030,1668,795,1520,1632,2241,3027,2012,2014
1229,46,79,77,116,2966,80,118,115,269,156
1230,1522,1486,1032,997,1489,1299,1451,1261,1488,1027
1231,379,110,151,113,185,190,3013,224,148,795
1232,2804,2730,2847,2772,2728,2635,2761,37,107,31
1233,1662,1048,1624,1282,1661,1663,1700,1701,1055,1054
1234,1486,1522,1411,1717,1645,1643,1299,1489,1261,1451
1235,1426,1351,1319,1429,1353,1313,1200,1320,1089,1051
1236,438,237,173,174,238,277,210,247,437,280
1237,2937,32,38,2847,31,107,74,145,34,37
1238,684,756,642,3016,452,414,451,2693,2654,416
1239,1667,1705,1288,1325,1591,2944,1515,1553,1554,983
1240,1557,3030,2696,2658,1520,1632,1556,1594,1633,1595
1241,2794,2643,2644,2718,2760,2758,2716,2754,2721,2717
1242,474,403,133,213,212,215,2719,444,442,443
1243,1028,991,1522,1486,992,993,1031,1490,996,994
1244,2023,2022,1298,2363,1297,2018,1228,764,1220,1257
1245,504,461,425,237,210,174,238,277,173,433
1246,380,452,414,451,2735,2984,341,416,532,528
1247,76,519,36,13,20,18,12,17,24,15
1248,685,878,1948,914,915,951,952,2986,953,913
1249,267,384,420,381,2978,344,419,458,3024,460
1250,1516,449,756,831,494,453,798,529,489,525
1251,1481,1859,1823,1862,1824,1216,1406,1444,1443,1557
1252,1320,1353,1429,1351,1313,1319,1311,1273,1309,971
1253,1109,1145,1151,1113,1112,1141,1107,1142,1108,1104
1254,43,94,96,78,95,98,128,93,85,84
1255,1503,1502,1539,1228,1578,1584,1582,1545,1583,1581
1256,877,990,917,723,725,687,1529,1029,1528,1569
1257,1339,1707,2309,1665,1589,2122,2385,2082,2462,2044
1258,1147,1185,1148,917,1222,1762,1104,1142,1141,1065
1259,1181,1183,1224,1186,1255,1222,1028,991,1147,1185
1260,1472,1206,2994,1200,1165,1204,1203,2967,1202,1471
1261,1679,1719,1718,1715,1678,1720,1677,2173,2171,2210
1262,724,2276,2579,2238,1177,2314,2201,2237,2277,685
1263,1780,1251,1252,1632,2349,2086,1365,1898,1671,1634
1264,1898,3030,1557,1780,2312,2313,1520,1632,2014,1937
1265,602,642,3016,298,338,262,416,532,415,528
1266,238,174,210,277,237,173,286,324,504,278
1267,2129,499,765,2091,1867,2054,1872,763,1676,1675
1268,2735,2984,2770,2698,2695,2734,2356,2584,2583,2773
1269,1157,1195,1194,1154,1417,1119,1198,1161,1199,1262
1270,2096,1833,2136,2095,2098,2133,1912,2094,2132,2131
1271,1706,1705,1667,983,1780,1364,1363,1401,1668,2996
1272,483,446,484,514,3017,409,550,478,369,521
1273,1246,1322,2690,2689,2729,2962,2728,1284,2727,2841
1274,483,484,446,478,521,482,407,518,445,520
1275,1055,1054,1092,1053,1093,1015,1016,1245,902,1283
1276,1662,1576,1615,1003,1307,1349,1587,1624,1075,2936
1277,110,38,2937,32,152,147,107,74,31,34
1278,1167,1205,1168,1472,1091,1130,1623,1395,1433,1396
1279,1193,1229,1230,1568,1034,1264,1304,1268,1266,1225
1280,1183,1185,1148,1147,1181,2952,1186,1224,1411,1109
1281,1053,1054,1092,1017,1045,1047,1083,1079,1055,1093
1282,2608,2609,2607,2648,2524,2561,2523,2485,2605,2567
1283,642,3016,1706,1596,684,528,532,416,415,1668
1284,1965,2304,2344,2152,2188,2151,2190,2189,2154,2155
1285,1795,2779,1913,2095,2098,2136,2133,2096,1833,2061
1286,341,380,1823,1862,1859,1824,528,416,532,415
1287,920,919,957,882,884,883,922,846,2134,1945
1288,1159,1196,1125,1198,1161,1199,1197,1085,1122,1124
1289,1435,1208,1168,1472,1283,2994,1206,2496,2534,1205
1290,2291,1229,1230,2949,1613,2028,1991,1150,2258,2294
1291,240,239,241,242,471,125,53,319,88,134
1292,2714,2713,2712,2792,2709,2752,2671,2676,2715,2710
1293,3029,789,751,598,1738,826,561,596,559,928
1294,73,2725,72,107,37,74,34,145,31,106
1295,3030,1557,2696,2658,1520,1632,2432,3027,1937,1935
1296,174,238,237,210,277,173,201,276,280,168
1297,1627,1934,1778,867,830,2539,829,2578,2577,2657
