,Cyp310a1,CG8147,sna,zfh1,Ilp4,Kr,Traf4,CG10479,noc,disco
,tkv,twi,Antp,ImpL2,brk,aay,nub,NetA,CG14427,fkh
,Mes2,CG43394,lok,Mdr49,Ama,D,dan,CG11208,Doc3,ImpE2
,tsh,apt,Btk29A,run,htl,edl,fj,knrl,h,MESR3
1,170,132,131,134,95,123,212,213,162,92
2,782,781,821,820,783,819,743,2941,777,784
3,1705,1667,1743,1704,1706,640,1099,1250,1061,1025
4,53,50,51,90,2981,164,19,57,59,89
5,1403,1441,1365,1402,1440,1738,1626,1740,1700,1701
6,2560,2485,2522,2523,2598,811,849,1298,844,846
7,295,332,334,296,333,220,218,524,221,181
8,73,114,37,74,71,2933,76,110,112,18
9,1255,1217,1293,1256,1294,2244,2290,2328,2979,1032
10,34,69,72,68,74,29,107,38,75,108
11,834,872,835,796,795,1040,1078,1115,832,836
12,1163,1125,1200,1201,1238,1239,1128,1050,1051,1088
13,1153,1191,1190,1115,1228,1077,1460,1417,1452,1454
14,2683,2721,2760,2723,2722,2759,2761,2754,2756,2758
15,187,226,185,189,224,300,225,262,264,151
16,2894,2890,2854,2891,2896,2895,2855,2920,3003,2889
17,1212,1288,1326,1250,1249,874,1515,2944,645,797
18,1222,1184,1145,1183,1147,1264,963,1149,1181,1187
19,1035,1073,1112,1111,2936,1033,1154,1070,2292,2294
20,80,79,43,78,77,656,913,916,875,878
21,1071,1033,1108,1110,1070,1077,1112,1113,1116,1151
22,1364,1363,1325,1288,1326,1402,1327,2943,1744,1746
23,1442,1404,1366,1367,1405,2352,1971,2048,2353,378
24,2612,2574,2573,2611,2610,2572,2498,1334,106,755
25,34,72,74,35,32,68,69,37,107,109
26,60,61,58,59,100,251,63,214,101,252
27,237,275,274,276,312,139,177,178,215,251
28,1059,1097,1098,1136,1135,1021,1060,1099,1250,1254
29,2680,2681,2679,2717,2718,2719,2715,2723,2633,2672
30,1191,1192,1153,1230,1229,1268,1032,1534,919,1036
31,996,957,958,995,1034,1343,1072,1073,1111,1146
32,2836,2797,2796,2874,2835,2663,3018,2673,2714,2670
33,1014,976,975,1013,1052,369,3017,327,1928,523
34,2257,2295,2219,2256,2181,2258,2332,883,1106,2292
35,494,455,454,417,456,529,451,528,414,488
36,383,420,421,422,384,762,687,725,800,2509
37,532,494,531,493,530,455,414,379,760,341
38,1177,3014,1139,1215,1178,1216,2943,1026,988,1063
39,1402,1364,1440,1363,1365,831,679,1287,1744,1746
40,2551,2513,2550,2512,2475,2548,2586,2243,1941,1978
41,2539,2576,2614,2578,2577,684,719,3016,641,645
42,1115,1153,1152,1190,1114,809,1078,806,768,1043
43,1593,2944,1630,1592,1631,487,491,492,754,1626
44,840,841,839,801,878,879,803,1341,1379,837
45,1107,1144,1106,1145,1069,1417,1643,1950,2026,1065
46,3008,1398,1437,1399,1361,1155,1077,1153,2947,882
47,1054,1130,1016,1053,1017,1093,1092,1055,902,865
48,822,785,2941,783,784,821,823,1125,824,1128
49,1697,1695,1696,1658,1734,1659,1735,1772,1773,1810
50,1121,1120,1159,1083,1122,1160,346,771,1128,805
51,2809,2804,2807,2844,2969,2846,2805,2632,2765,2811
52,37,74,72,34,73,114,76,32,35,38
53,774,775,735,812,773,736,738,737,814,805
54,474,436,437,435,473,888,843,193,619,887
55,646,608,607,3016,684,683,645,567,644,603
56,54,51,52,55,56,251,60,292,2788,3009
57,1317,1355,1356,1279,1394,1083,1119,1120,1121,1156
58,1251,1213,1250,1289,1288,1367,1858,1063,1102,1140
59,1916,1878,1877,1915,1954,1917,1987,1956,2946,1644
60,438,476,437,475,474,436,401,403,439,402
61,2539,2578,2540,2577,2541,2735,2698,2654,2695,2696
62,691,728,690,689,727,693,694,696,692,698
63,210,173,172,133,212,139,177,178,252,175
64,1847,1846,1884,1885,1809,1657,1695,1697,1774,1775
65,436,474,435,437,473,467,2167,357,465,508
66,73,74,37,34,72,2847,2885,2887,2968,2845
67,1954,1916,1915,1877,1917,2256,922,1685,1724,2030
68,2551,2589,2552,2588,2590,2939,2636,2637,2638,2597
69,1292,1330,1253,1291,1329,3038,2943,1214,988,1098
70,2724,2686,2687,2647,2648,2762,2720,2643,2644,2679
71,265,264,302,227,303,828,443,785,822,2497
72,1706,1668,1744,1667,1705,1627,1626,1740,1091,1778
73,210,209,171,172,211,248,162,286,287,324
74,1245,1244,1282,1207,2994,1083,1091,1196,1130,1049
75,1668,1630,1631,1593,1629,1671,1708,451,528,1557
76,2600,2561,2524,2523,2562,2246,2557,2591,2594,2630
77,2617,2654,2693,2615,2653,2694,2655,2696,2691,684
78,1032,956,994,955,918,1037,1954,1033,768,999
79,1020,1058,1019,1096,1021,1361,1323,565,754,1399
80,2796,2797,2835,2874,2836,2867,2872,426,999,2873
81,1192,1154,1155,1193,1230,1739,1091,865,1016,1017
82,1047,1009,1046,1084,1008,629,655,661,693,694
83,1114,1076,1075,1037,1152,977,197,671,804,807
84,230,229,191,231,193,878,877,914,875,952
85,1329,1292,1253,1291,1367,1330,1368,1099,1175,1212
86,1307,1345,1344,1306,1269,1078,1110,1155,1043,1071
87,118,79,156,119,2966,120,117,19,116,46
88,954,916,915,953,992,2986,1762,879,881,1721
89,238,237,199,239,236,666,665,702,703,705
90,1250,1288,1251,1212,1249,1138,1061,1102,1099,1059
91,87,127,125,88,126,19,57,59,93,94
92,185,262,223,222,187,106,107,148,3013,31
93,989,1028,1027,990,951,2591,2627,2626,2628,2662
94,2279,2278,2316,2318,2315,2241,2240,2356,2583,2929
95,684,760,722,798,721,567,608,644,646,3016
96,712,673,711,750,749,788,2597,2599,2939,665
97,1668,1630,1629,1706,1667,1367,1671,1708,1743,1405
98,2560,2485,2522,2598,2559,2939,2636,2637,2638,2597
99,998,997,1036,959,1035,2330,2368,961,1038,995
100,1634,3030,1672,1671,1596,1595,1633,1252,1482,1520
101,2571,2608,2609,2533,2570,2532,2531,2611,2649,2607
102,1291,1330,1253,1329,1328,1292,3014,1213,1214,1216
103,1329,1330,1292,1253,1291,1367,1368,988,1099,1175
104,414,377,415,375,453,529,494,488,489,490
105,149,150,152,112,113,183,184,114,221,146
106,1181,1143,1105,1180,1142,1195,1264,963,1149,1187
107,164,163,3012,162,126,202,161,94,46,129
108,646,644,684,608,3016,607,645,1709,567,1520
109,1142,1104,1143,1181,1105,1180,1065,1141,1645,1147
110,3030,1596,1634,1595,1558,603,642,1709,1823,567
111,1115,1077,1153,1154,1152,1114,1190,1458,1459,2949
112,875,952,951,913,914,990,876,953,954,878
113,1252,1214,1290,1213,1215,874,873,912,1709,1520
114,172,171,207,208,210,328,365,247,326,327
115,1663,1776,1662,1700,1624,1738,1093,1054,2382,2307
116,1183,1145,1220,1221,1182,1144,1107,1260,1411,1258
117,1049,1086,1087,1124,1048,1092,1130,1079,1167,1205
118,2557,2556,2594,2595,2558,2596,2519,773,737,2553
119,1163,1124,1200,1201,1162,1238,1156,1195,2977,1164
120,2359,2320,2283,2321,2358,1917,955,956,957,2290
121,1115,1153,1152,1077,1114,1083,1196,1049,1079,1155
122,1405,1443,1367,1406,1442,1783,527,603,642,1744
123,1129,1128,1091,1166,2977,1143,1103,1105,1144,1417
124,1181,1143,1180,1218,1219,1188,951,953,989,992
125,1738,1699,1737,2945,1661,1205,1504,1587,1160,1536
126,130,3012,166,168,165,129,442,443,92,163
127,1555,1556,2970,2989,1518,603,1709,567,608,644
128,645,683,607,760,2938,721,720,756,569,684
129,1071,1108,1070,1033,1110,1143,1179,1103,1105,1144
130,1076,1114,1077,1152,1038,1039,1037,1115,1080,1120
131,920,958,919,957,881,1037,1155,1074,2291,2334
132,111,109,108,149,147,186,146,144,32,34
133,782,781,820,783,744,1276,1277,1278,973,1201
134,912,988,950,949,987,2658,2654,2696,2734,2698
135,378,340,263,416,2935,339,341,415,151,224
136,1251,1290,1252,1213,1289,1250,1288,3038,1253,1367
137,1364,1402,1363,1440,1326,341,380,378,415,416
138,2512,2511,2550,2475,2513,2473,2474,2207,2588,2167
139,2277,2315,2316,2314,2278,2658,2654,2696,2692,2698
140,1956,1957,1994,2946,1955,1131,1435,1130,546,548
141,682,607,643,2938,719,605,988,950,873,912
142,1162,1125,1201,1238,1163,1124,1200,1202,1203,1204
143,808,846,807,845,770,446,483,3033,409,514
144,1012,975,1013,974,1050,1243,901,902,1244,900
145,1823,1785,1861,1822,1860,529,341,342,380,379
146,3016,569,607,645,684,646,644,798,682,683
147,1128,2977,1129,1091,1090,1166,1089,1163,1195,1435
148,2560,2522,2559,2521,2485,2678,2677,2634,2637,2641
149,747,786,787,825,824,2941,709,196,781,92
150,1292,1329,1291,1367,1330,3038,1368,1252,1140,1251
151,76,114,2933,71,73,37,112,110,75,74
152,759,798,797,760,836,414,532,494,452,303
153,645,607,682,721,683,2938,720,719,679,718
154,807,844,845,806,769,2598,2601,2597,2599,2939
155,1202,1203,1201,1240,1241,1278,1165,1204,1238,2967
156,988,1026,987,1064,950,342,1627,1823,263,340
157,988,1026,1064,987,1025,1252,1253,1367,1140,1292
158,798,836,797,874,835,603,642,1823,415,416
159,1251,1290,1252,1213,1289,1250,1288,1367,1328,3038
160,2941,785,709,784,747,746,745,827,783,403
161,1593,1630,1631,2944,1592,2989,985,947,948,987
162,3004,1321,1283,1320,1359,247,327,286,287,311
163,1706,1668,1630,1631,1629,1519,1556,2970,1558,757
164,1252,1214,1213,1253,1251,1328,1291,1290,1215,1292
165,1558,1520,3030,1557,1596,1519,1482,1823,1748,1785
166,161,159,121,160,200,198,199,442,515,132
167,1402,1364,1365,1363,1326,603,604,682,1059,527
168,1067,1029,1066,1104,1105,2359,2479,1879,2253,2255
169,538,500,499,537,501,913,918,952,647,685
170,3030,1520,1557,1519,1558,1596,1709,1823,1634,1668
171,2836,2874,2837,2835,2875,2673,2714,2670,2674,2677
172,570,3016,608,646,569,494,303,377,417,418
173,1232,1194,1195,1193,1231,1270,1155,1079,1003,1043
174,2767,2730,2729,2690,2691,2728,2765,2804,2803,2768
175,364,2995,363,402,400,401,328,365,291,366
176,2485,2522,2484,2523,2447,2445,2601,2598,2561,2604
177,2528,2529,2527,2489,2491,2383,2215,2221,2298,2334
178,2733,2770,2732,2695,2696,2689,1981,1754,2020,2167
179,1102,1026,988,1064,1025,341,342,380,730,263
180,146,186,147,145,183,184,108,113,149,190
181,38,34,74,35,37,32,107,109,106,71
182,2015,1977,2931,1939,2016,2092,1903,1446,1485,1524
183,1607,1645,1644,1606,1683,620,623,369,406,444
184,1557,3030,1519,1558,1520,567,569,608,644,646
185,985,986,1023,1061,1062,1024,759,722,910,640
186,1315,1314,1277,1352,1276,1049,1052,1011,1053,633
187,1089,1090,1127,2977,1128,83,1130,92,1015,3017
188,200,161,160,201,163,2376,2261,2378,743,777
189,913,989,1027,1028,951,918,917,1179,1218,1219
190,1130,1092,1054,1091,1129,1168,1053,1283,1321,675
191,1480,1442,1404,1405,1518,1482,1533,1021,1064,1214
192,494,532,493,456,455,341,342,380,415,416
193,1025,1063,1102,1026,988,1064,987,1096,1134,1367
194,1092,1055,1054,1093,1130,1086,1122,1124,1663,1282
195,1269,3035,1307,1231,1270,2949,1037,1150,1074,1075
196,1148,1071,1147,1109,1110,3007,2936,1154,1112,1113
197,1124,1125,1086,1162,1163,1087,1200,1122,1159,1160
198,556,632,555,593,594,3017,407,446,482,483
199,2589,2551,2550,2588,2513,2632,2630,2668,2633,2635
200,2485,2523,2484,2445,2522,2447,2561,2598,2524,2600
201,1318,1356,1319,1280,1357,1243,900,1013,1163,1164
202,2282,2243,2320,2281,2283,2332,2292,2294,2295,2333
203,2884,2886,2885,2882,2847,2845,2807,2968,2895,2922
204,1292,1330,1329,1253,1367,3038,2943,1140,1252,988
205,1125,1163,1162,1124,1087,1091,1049,1130,1011,1315
206,648,609,647,3026,610,656,621,657,588,693
207,2678,2640,2601,2639,2638,2717,2753,2755,2757,2759
208,414,415,377,453,452,490,492,494,570,532
209,1205,1167,1242,1166,1243,2947,1270,1458,1459,1499
210,2914,2920,2916,2917,2921,2911,2855,2864,2826,2854
211,2639,2678,2677,2637,2676,2638,2675,2641,2668,2715
212,303,304,340,380,342,341,570,414,532,2957
213,541,540,542,579,503,401,475,476,402,440
214,378,416,340,263,2935,377,376,415,491,492
215,1276,1277,1239,1238,1314,970,1086,1122,1124,1243
216,2643,2644,2682,2681,2605,2604,2642,2645,2680,2685
217,654,692,653,655,691,884,1681,1981,2176,2205
218,1252,1253,1214,1291,1289,1290,1215,1368,1330,1362
219,1053,1052,1015,1128,1090,1091,1129,1049,1092,1055
220,170,208,172,133,169,101,139,177,178,289
221,1099,1138,1061,1098,1137,1176,1136,1250,1059,1097
222,680,718,641,603,679,643,681,298,716,602
223,1123,1160,1122,1085,1161,1198,1847,1810,1811,1014
224,2582,2621,2620,2581,2583,1897,1935,1936,1937,1972
225,2181,2180,2143,2144,2182,2105,1840,1838,1879,1875
226,2748,2673,2710,2709,2711,2637,2638,2939,2639,2678
227,896,934,895,858,857,314,784,364,783,890
228,341,380,379,416,417,418,1102,988,909,950
229,1093,1055,1132,1056,1094,1183,843,1145,1262,1302
230,1062,1063,1025,1100,1138,1061,1024,1102,1140,529
231,1230,1193,1231,1229,1191,1268,1192,1270,2947,1190
232,38,32,74,37,34,35,36,72,69,107
233,2974,7,10,42,2976,9,8,2587,17,2928
234,1878,1916,1877,1839,1840,1721,1918,2952,1183,1919
235,2373,2412,2411,2374,2410,2257,2291,2379,2518,2519
236,803,841,840,765,804,802,839,875,801,809
237,1752,1751,1713,1789,1750,1687,1686,1725,1726,1764
238,989,951,1027,990,1028,508,1342,394,472,1265
239,1520,1558,1482,1557,3030,1444,1519,1481,1823,1140
240,263,340,378,2935,339,301,302,148,415,416
241,1065,1103,1104,1027,1066,1950,2026,1939,1946,1979
242,426,425,427,388,389,464,1069,391,429,504
243,407,445,483,3017,444,406,482,446,558,484
244,1329,1291,1367,1330,1292,1253,1368,1252,1140,1251
245,754,753,792,755,677,2694,565,2943,2193,2125
246,2587,2626,2625,2588,2549,2548,2550,2623,2627,2890
247,2996,1594,2970,1595,1632,1709,1520,1634,1671,1672
248,532,493,494,570,531,3038,1405,1367,1330,1059
249,1180,1142,1218,1143,1141,2216,1068,1493,1534,2025
250,1977,2015,2931,1939,2016,1978,837,876,989,1258
251,1739,1700,1701,1662,1663,1183,1419,1298,1411,1417
252,1215,1214,1291,1177,2943,1252,1253,1709,874,1213
253,1292,1330,1291,1253,1329,3038,2943,1214,988,1098
254,1010,1048,1047,1009,1086,973,1276,1277,1278,974
255,2081,2119,2156,2080,2042,2079,2118,2193,1417,1643
256,1253,1291,2943,1215,1329,1292,603,564,604,640
257,2528,2529,2527,2566,2565,2253,1072,1073,1111,1146
258,1014,1052,1053,1090,1015,740,1092,1123,1016,703
259,1291,1253,1329,1292,1328,682,950,607,413,603
260,1962,1924,1923,2000,1961,1401,1156,1700,1701,1533
261,2221,2260,2220,2259,2222,540,541,579,998,499
262,1110,1071,1072,1109,1033,1963,1965,1999,1962,734
263,951,913,989,952,990,1777,998,1913,2180,2181
264,68,32,35,34,28,71,112,2933,184,109
265,2113,2149,2075,2188,2150,2111,2112,2115,2189,668
266,658,657,696,695,659,697,886,889,928,621
267,607,682,646,644,645,2938,3016,603,565,567
268,146,147,186,111,2957,148,71,75,112,113
269,2644,2646,2645,2647,2607,2684,2605,2566,2643,2685
270,1028,1066,1027,989,990,764,1919,1765,992,993
271,2690,2729,2728,2691,2689,2652,2651,2730,2804,2767
272,2048,2010,3027,2011,1973,2393,2353,2389,2431,2468
273,1963,1965,1962,1964,1926,1925,2002,2004,1733,1734
274,695,732,694,657,696,790,219,618,216,254
275,2931,2016,1939,1978,1977,2179,2254,1982,2027,2062
276,2131,2168,2206,2169,2093,80,2365,922,1905,1943
277,223,260,222,221,262,2637,2673,2639,2678,2763
278,674,636,635,597,712,595,559,596,784,325
279,824,823,822,785,861,697,711,747,748,749
280,807,806,769,844,845,968,816,967,1315,1125
281,1097,1096,1134,1135,1059,260,338,490,568,487
282,1593,2989,1632,1555,2944,1822,1709,2048,2124,874
283,364,324,362,363,325,326,133,172,249,288
284,3029,826,827,788,864,517,555,556,590,553
285,949,912,988,1026,950,987,719,873,641,645
286,1206,1244,2994,1245,1207,327,1167,1205,1091,3004
287,1077,1115,1116,1114,1039,1076,1152,2949,1043,1075
288,1025,1063,1064,1062,987,1026,1101,1139,1292,1329
289,232,195,194,233,193,923,130,165,166,691
290,1028,989,951,1027,990,991,1765,1686,1725,1726
291,1733,1732,1770,1695,1694,2947,2980,1155,1160,1458
292,1129,1128,1091,1166,1167,2977,1205,1160,1419,1460
293,1035,1033,1036,1034,997,1072,1073,2219,2257,1037
294,1028,991,989,953,951,990,952,913,992,993
295,847,884,885,846,809,1858,1819,2163,2541,2616
296,1077,1116,1039,1076,1114,1001,2949,1081,1613,1043
297,1143,1181,1180,1142,1105,1424,1185,1197,1264,1348
298,1668,1630,1629,1706,1631,1520,1558,1633,3030,1482
299,1352,1314,1315,1277,1353,1013,1087,1358,1391,1394
300,683,684,645,722,646,1480,1482,1520,1822,1860
301,1075,1150,1113,1112,1074,1037,1153,992,993,997
302,2299,2298,2260,2259,2336,2219,2257,2182,2256,2292
303,1174,1212,1175,1173,1136,1137,1250,1140,1026,1178
304,570,3016,569,644,607,415,416,414,532,301
305,2542,2504,2503,2543,2467,1858,988,873,912,949
306,1125,1163,1162,1124,1200,1087,1205,896,1130,934
307,1128,2977,1127,1165,1089,2941,1125,1395,1396,1735
308,378,379,341,377,416,2935,376,342,380,263
309,1252,1214,1253,1251,1290,1215,1213,1291,1368,3038
310,1190,1229,1228,1266,1227,1189,1150,1613,1075,1193
311,1939,1940,1978,1977,2960,1905,1943,2169,2207,1946
312,379,341,417,454,416,415,414,532,494,570
313,1085,1047,1084,1122,1123,1078,1043,1117,1118,1083
314,1134,1096,1095,1133,2963,1057,341,342,380,1627
315,719,758,681,2938,720,603,567,608,644,646
316,1205,1204,1242,1166,2967,1125,1083,1091,1128,1196
317,651,690,689,688,652,2291,2292,2294,2295,2333
318,1272,1235,1310,1273,1234,1083,1049,1045,1047,1052
319,1965,1963,1964,2002,1926,1925,2379,1999,1733,1734
320,1064,1102,1140,1101,1063,1097,603,759,567,569
321,1193,1230,1192,1231,1155,3035,1150,1071,1075,1147
322,193,155,158,191,156,194,232,117,157,653
323,2593,2631,2630,2592,2594,2632,2668,2555,2557,2551
324,683,760,721,722,645,1140,415,416,491,492
325,1230,1193,1229,1268,1191,3035,1192,1077,1190,1194
326,2208,2170,2171,2209,2169,1988,2024,1950,2026,2027
327,2945,1737,2947,1775,2980,1150,1685,1687,1724,1071
328,1027,989,1028,1065,1066,1154,1157,1160,1112,1113
329,1077,1116,1115,1114,1153,1078,1533,1532,1651,3020
330,492,417,454,455,456,491,567,608,644,646
331,1215,1214,1328,1253,2943,1252,1291,1292,1329,1175
332,34,72,35,74,32,68,69,37,107,109
333,1082,1119,1158,1120,1081,1086,1122,1124,1282,1009
334,713,3029,826,788,827,830,709,1014,1736,1776
335,1995,1956,1957,1994,2946,2301,2075,2076,2113,2114
336,273,311,312,272,274,589,1130,1083,553,554
337,1026,1064,988,1025,987,603,567,608,644,646
338,2179,2218,2256,2255,2180,406,444,442,962,1951
339,642,603,605,643,680,682,681,567,608,644
340,1178,1140,1216,1177,1102,1861,1823,341,342,380
341,1028,991,951,953,990,1066,989,963,1034,913
342,2998,2004,2042,1966,2080,1718,1756,1645,2081,1755
343,2220,2221,2183,2222,2182,1690,2255,1733,1734,1991
344,1367,1405,1329,1368,1406,1366,1668,1671,1708,1743
345,630,668,706,705,667,517,559,596,698,555
346,1325,1287,1363,1362,1324,491,492,567,608,644
347,1125,1049,1048,1124,1087,1086,1162,1205,1738,1011
348,1062,1100,1061,1024,1063,1858,988,1783,1821,1861
349,411,3037,412,448,410,719,645,683,681,338
350,1150,2936,1111,1188,1149,1112,1153,1075,1190,1193
351,244,243,245,242,207,2565,2485,2525,2566,2646
352,1129,1168,1130,1091,1167,1262,1302,1183,1195,1264
353,900,899,937,938,861,1239,1240,1241,1242,1243
354,1316,1279,1241,1278,1354,1053,400,401,476,669
355,750,713,712,675,711,827,247,327,1130,133
356,1099,1138,1098,1136,1137,1061,1176,1250,1059,1097
357,1252,1253,1290,1213,1214,1251,1367,1140,1292,1329
358,517,516,518,515,554,621,657,558,559,596
359,1245,1244,2994,1282,1243,633,672,2941,741,778
360,1078,1077,1039,1040,1116,1041,843,1091,1119,1153
361,517,518,592,554,555,516,654,656,3033,519
362,2654,2616,2617,2577,2615,2696,603,642,2655,2658
363,494,417,454,456,455,184,304,2957,148,301
364,263,301,2935,340,303,338,302,339,414,532
365,2173,2210,2135,2172,2174,2727,265,342,2725,151
366,3008,1397,1436,1398,1359,1361,1400,920,1077,72
367,1916,1878,1915,1877,1954,1953,1873,765,1107,1415
368,1685,1722,1684,1647,1723,1205,1119,1156,1196,1190
369,1140,1178,1102,1101,1216,1139,1861,1823,2313,2581
370,1139,1178,1140,1177,3014,1215,1216,1138,1097,1100
371,341,380,379,416,340,2935,378,414,532,494
372,1065,1104,1028,1142,1141,1027,1066,1181,991,1255
373,1424,1423,1462,1348,1387,1386,1385,1160,1315,1197
374,804,803,2987,842,766,633,670,672,703,705
375,2064,2025,2063,1987,2026,2062,883,925,2219,922
376,603,678,641,640,679,607,682,567,569,608
377,417,418,494,415,454,456,455,414,532,452
378,244,205,242,206,243,115,158,153,154,155
379,1157,1119,1081,1120,1158,1196,1234,1271,1308,1125
380,788,3029,787,826,825,864,559,596,824,314
381,859,897,821,896,858,1083,744,784,1049,1045
382,114,2933,73,71,75,37,112,76,110,38
383,1042,1043,1118,1080,1004,1003,1041,1078,1115,1039
384,1250,1288,1212,1251,1249,1098,1063,1102,1139,1140
385,2987,766,728,729,727,804,765,700,631,478
386,2941,785,709,708,746,670,133,172,249,288
387,684,646,608,722,683,760,721,1140,988,529
388,1071,1108,1146,1107,1070,1153,1078,1150,1154,1155
389,185,187,224,226,188,379,570,414,490,532
390,1153,1115,1190,1152,1191,2641,2678,2759,2557,2594
391,2124,2048,2086,2010,2087,1709,1520,1634,1668,1671
392,786,787,749,825,824,748,900,752,675,709
393,1230,1191,1193,1229,1192,1268,1154,1190,1034,1149
394,684,646,3016,607,608,683,645,567,644,603
395,1557,3030,1519,1558,1520,1596,1823,1213,1824,1861
396,1253,1291,2943,1215,1252,413,529,569,798,488
397,74,38,34,28,37,35,32,73,72,107
398,1063,1101,1064,1102,1140,1025,1139,1097,1178,1026
399,2941,784,709,785,747,746,822,667,595,631
400,1025,1063,1062,1102,1064,987,1101,1098,1367,1292
401,1169,1168,1130,1093,1206,1131,1207,1054,1016,902
402,1823,1861,1824,1862,1785,1822,1747,1899,1140,1821
403,844,769,768,806,807,843,804,741,775,809
404,2790,3028,2752,2751,2714,2750,2670,2712,2792,2794
405,1691,1690,1652,1728,1653,1810,733,1157,1158,1159
406,913,951,952,875,914,990,837,953,955,956
407,798,797,760,759,836,341,380,527,603,642
408,59,58,61,60,57,251,519,216,63,214
409,560,523,559,561,562,598,521,596,403,405
410,1242,1204,1205,1166,2967,1738,1663,1776,1091,1700
411,2227,2189,2188,2151,2226,662,730,732,1683,2446
412,529,491,568,567,528,606,492,341,342,380
413,1040,1078,1039,1001,1077,889,314,890,849,157
414,1596,1634,3030,1595,1558,1252,1482,1140,1251,874
415,2882,2847,2881,2885,2884,2845,2807,2887,2968,2843
416,158,197,156,196,157,120,118,653,652,615
417,912,874,950,836,873,529,494,488,489,490
418,1037,999,1036,1074,1075,730,1840,1887,1954,1994
419,12,13,9,14,10,34,38,107,69,72
420,2626,2588,2587,2625,2589,1112,1113,1116,1151,1120
421,1063,1101,1139,1100,1138,1098,1367,451,528,488
422,483,559,521,522,560,523,588,517,558,596
423,263,2935,339,340,301,621,657,658,341,342
424,3038,1292,1330,2943,1254,1706,760,527,603,642
425,192,153,155,193,156,115,154,191,158,117
426,802,801,763,839,838,812,2636,844,1120,1121
427,2282,2243,2244,2320,2167,1260,1147,1148,1183,1185
428,1204,1165,1203,1242,2977,92,85,87,123,1849
429,1630,1668,1631,1629,1593,1722,803,603,642,1823
430,517,518,555,516,592,556,825,481,520,617
431,2581,2619,2620,2694,2656,2618,2582,2541,2616,873
432,828,904,866,942,867,1130,1054,1055,1132,1168
433,1405,1406,1444,1367,1443,1442,1481,1558,1748,1783
434,1506,1430,1468,1393,1431,1848,1888,1472,934,443
435,1240,1201,1239,1241,1278,1202,1163,1125,1242,1243
436,286,247,324,325,287,1052,1282,1015,1091,1128
437,2967,1242,1203,1280,1241,1196,1049,1045,1047,1159
438,1115,1153,1077,1154,1152,1190,1191,1150,1155,1043
439,986,1024,948,987,949,950,910,873,912,869
440,265,340,263,342,303,302,304,378,415,416
441,951,1028,989,990,913,952,991,1905,1943,2207
442,1121,1083,1120,1122,1159,1082,1045,1733,1734,1695
443,1255,1217,1179,1218,1141,1181,1257,1221,1258,1259
444,1291,1329,1253,1367,1328,1214,603,491,492,567
445,2343,2305,2991,2344,2382,1663,1738,1245,1091,1700
446,2407,2369,2406,2370,2446,2444,2445,2330,2368,2291
447,379,416,341,417,415,760,491,492,529,798
448,1253,1291,1252,1329,1292,2943,1215,1214,1368,1254
449,1050,1011,1012,1049,973,1115,1042,2949,1156,1043
450,1281,1320,1282,1243,1319,997,1033,1685,1724,1802
451,1065,1027,1066,1103,1104,1343,1072,1073,1111,1146
452,1175,1213,1251,1252,1214,1098,1063,1102,1139,1140
453,1290,1328,1366,1291,1253,1061,1367,1254,1443,1478
454,2366,2979,3015,2329,2328,765,767,2253,2255,1722
455,364,2995,365,363,402,400,440,291,328,366
456,567,529,642,604,605,566,606,603,415,416
457,517,555,554,592,553,591,481,407,482,518
458,2931,2015,2092,2053,2016,2516,2547,1613,1954,2359
459,1091,1129,1128,1166,1053,1043,1118,1194,1195,1119
460,2941,785,784,709,746,708,747,783,896,822
461,709,747,2941,708,746,671,675,900,1013,1737
462,61,19,60,58,59,100,158,153,155,156
463,1091,1129,1128,1053,1166,809,920,1452,1643,1733
464,2632,2633,2594,2557,2672,2593,2595,2634,2638,2592
465,223,261,262,260,222,215,253,139,177,178
466,690,689,688,651,3023,191,653,686,693,694
467,2943,1253,1177,1215,1254,1216,1368,603,565,567
468,2092,2931,2015,2053,2054,954,991,1028,1255,837
469,269,308,307,231,268,533,573,343,382,497
470,1179,1217,1218,1180,1141,1257,951,953,989,992
471,1153,1191,1190,1115,1228,843,1119,1043,1077,1118
472,1001,1039,1076,1038,963,2299,2219,2257,2258,2296
473,1196,1119,1195,1234,1157,1233,1160,1083,1153,1156
474,1364,1365,1363,1325,1288,1326,1402,1059,1362,1324
475,842,804,805,843,880,1071,1077,1112,1113,1116
476,997,960,921,922,998,2329,955,956,957,992
477,865,903,902,827,864,1737,1738,1815,1663,1736
478,1849,1887,1886,1848,1811,929,966,927,1125,1161
479,2604,2605,2565,2642,2567,2566,2606,2643,2644,2645
480,843,842,881,880,805,559,596,561,595,620
481,787,788,826,750,3029,749,786,896,1130,247
482,1668,1706,1631,1630,1629,1667,1593,1632,1670,1596
483,454,417,455,493,530,494,570,490,568,645
484,1391,1353,1392,1430,1354,1282,1013,1245,1206,1093
485,1668,1631,1630,1593,1669,1367,1671,1708,1743,1405
486,896,897,859,934,895,933,857,783,822,821
487,910,909,948,986,947,985,946,950,869,871
488,1189,1149,1188,1226,1187,1150,1194,1195,1233,963
489,1556,2970,1555,2989,1517,2944,1482,1520,1633,1823
490,572,612,610,573,611,535,614,647,651,688
491,1062,1024,1025,1100,1138,1063,1101,2809,2765,986
492,340,2935,303,263,341,380,378,338,2938,187
493,807,806,769,844,845,2590,837,876,884,2480
494,1145,1107,1144,1182,1183,1460,1417,1452,1454,1459
495,1452,1413,1414,2975,1375,918,2332,1032,1033,1685
496,562,524,600,561,599,563,789,790,525,677
497,2284,2285,2322,2323,2247,1796,1798,1687,992,993
498,2799,2801,2798,2836,2837,2794,2845,2834,2838,2875
499,2949,1343,1305,1344,1382,1156,815,850,968,1039
500,1316,1279,1241,1278,1317,900,1013,2941,777,781
501,1166,1205,1167,1129,1204,1131,1159,1282,1091,1120
502,38,36,30,35,32,34,107,69,181,72
503,364,365,363,402,2995,362,939,976,901,328
504,380,341,342,379,340,418,2935,1292,1329,603
505,2342,2380,2343,2991,2304,2305,2267,2193,2420,2382
506,1292,1368,3038,1291,1253,1330,1329,1252,1214,1251
507,1147,1109,1148,1185,1146,1186,1110,963,1039,1042
508,556,594,555,557,632,2446,514,1244,2331,2366
509,994,955,956,993,917,2407,2330,2368,2217,2331
510,1191,1153,1192,1115,1230,629,704,2288,770,699
511,2977,1128,1090,1089,1127,783,896,785,822,1125
512,807,844,846,845,806,769,808,774,843,691
513,571,609,610,533,3026,723,2626,499,498,990
514,1163,1162,1201,1125,1238,1200,1239,1202,1203,1204
515,2436,2474,2435,2437,2473,2246,2207,2208,2247,2281
516,197,120,157,159,158,85,87,116,162,123
517,1011,1048,1049,1010,973,752,896,1738,784,820
518,642,603,604,643,567,682,565,605,680,527
519,416,341,378,380,415,340,379,2935,342,263
520,612,573,650,613,575,80,129,130,229,116
521,1130,1092,1131,1168,1129,1167,1091,1155,1093,1153
522,849,886,887,811,848,842,2978,840,346,499
523,3012,165,167,168,166,161,130,163,206,160
524,2587,2626,2588,2625,2624,1218,1219,647,686,838
525,2996,1633,1594,1595,2956,1706,1709,567,608,644
526,1129,1166,1128,1091,1167,2941,329,366,403,438
527,1190,1229,1228,1266,1191,578,618,624,658,998
528,303,2935,340,342,380,341,338,569,684,2938
529,1738,1700,1776,1699,1737,1661,2945,1130,1663,1167
530,517,478,441,516,515,479,518,443,514,369
531,1073,1072,2936,1035,1034,1120,1121,1006,1044,1108
532,1266,1228,1227,1189,1229,1304,2992,1195,963,1149
533,478,479,401,476,439,477,515,403,443,514
534,1077,1078,1040,1039,1116,1109,2949,1107,1644,1646
535,1097,1135,1136,1059,1098,1322,1253,1246,1055,1132
536,385,424,422,384,383,880,314,2675,2676,879
537,2977,1128,1166,1129,1127,1089,1165,1130,1125,1163
538,878,839,840,2986,916,914,837,876,951,953
539,765,802,803,764,2987,922,884,310,347,314
540,1245,1207,1283,1244,1282,2941,1017,709,977,1052
541,1597,1635,1559,1636,1598,1521,1790,2960,1218,1219
542,2931,2016,2092,2015,2054,1686,1725,1726,1764,2952
543,2743,2705,2780,2781,2744,2817,2910,2737,2814,2818
544,1141,1179,1180,1103,1142,1157,1195,1119,1120,1121
545,75,113,111,150,152,112,149,147,108,144
546,2105,2142,2143,2104,2180,1913,556,1994,2269,654
547,237,274,236,238,199,290,139,177,178,314
548,2989,1632,1555,2944,2970,1593,1668,1671,1708,1709
549,2704,2666,2667,2703,2706,2699,2673,2738,2739,2663
550,404,366,405,367,365,709,2565,711,747,748
551,1230,1229,1193,1268,1191,3035,1267,999,1190,1194
552,684,646,722,683,760,721,567,608,644,3016
553,789,751,3029,790,828,752,826,827,866,677
554,1895,1857,1933,1971,1970,1972,337,448,1861,1896
555,1115,1152,1077,1114,1153,1191,1154,1076,1080,1120
556,1776,1738,1701,1739,1700,865,903,979,901,902
557,1208,1207,1169,2932,1246,1163,1201,1202,1203,1204
558,1495,1494,1456,1532,1493,916,879,881,1530,1531
559,1055,1092,1093,1054,1130,1246,1282,1315,1253,1324
560,339,378,2935,377,376,187,226,304,189,222
561,2909,2907,2910,2911,2871,2826,2822,2827,2863,2866
562,1075,1113,1037,1114,1112,1873,1644,1646,1109,2949
563,710,673,671,748,711,865,977,1093,903,979
564,2601,2641,2602,2563,2640,2565,2678,2723,2759,2604
565,38,35,74,32,36,20,2937,17,26,14
566,646,3016,684,683,608,304,189,225,227,300
567,1098,1136,1099,1060,1061,3014,1216,1330,1063,1139
568,2968,2888,2845,2885,2922,2886,2883,2881,2662,2924
569,1181,1142,1143,1180,1105,1182,991,1027,1028,1033
570,798,797,759,760,836,2203,2086,2313,2239,2318
571,38,28,36,35,32,30,34,2974,7,11
572,523,522,560,561,562,521,369,558,543,212
573,514,552,551,513,589,550,478,659,305,306
574,1034,1033,1072,995,996,1149,1189,1191,1192,1226
575,2568,2606,2567,2530,2569,2529,2531,2565,2605,2607
576,836,797,798,874,835,683,337,448,529,567
577,929,928,966,891,967,699,733,668,697,2955
578,1140,1178,1102,1216,1101,1139,988,1097,1558,797
579,839,876,801,840,800,877,838,837,763,875
580,1150,1188,1111,1113,1151,884,1153,1077,2219,2257
581,1279,1241,1316,1278,1317,1050,1051,1088,1089,1090
582,1052,1128,1015,1053,1091,1090,1129,1125,1131,1427
583,2674,2672,2710,2982,2635,2675,2676,2678,2716,2637
584,363,361,362,364,400,402,401,140,141,218
585,541,579,616,578,540,474,136,403,467,500
586,129,128,166,127,130,138,163,3012,61,64
587,2597,2939,2596,2559,2560,2634,1719,2637,1716,2639
588,1054,1017,1093,1016,979,1055,1092,2941,865,1053
589,2673,2710,2712,2748,2982,2663,3018,2639,2700,2623
590,836,798,797,874,835,529,488,489,490,568
591,987,949,988,1025,911,2255,1690,2221,2291,2298
592,876,914,837,877,875,838,839,878,647,686
593,2484,2485,2447,2445,2522,840,1145,1380,2598,1183
594,790,791,789,828,751,827,719,681,683,641
595,1229,1228,1191,1268,1266,1130,1168,1194,1055,1167
596,1141,1103,1142,1065,1104,1179,1180,1105,1106,1144
597,2461,2460,2498,2500,2423,825,2496,2534,2535,2536
598,1735,1774,1697,1736,1773,803,1730,1613,840,1647
599,2196,2157,2197,2158,2234,824,822,581,783,896
600,1239,1277,1201,1278,1276,900,247,327,784,595
601,683,684,3016,607,722,646,645,682,603,642
602,1150,2936,1111,1149,3007,1188,1075,1185,1190,1193
603,1201,1163,1125,1202,1200,1238,1239,1049,1055,1011
604,1034,1072,1033,996,995,1032,1568,1040,730,2151
605,1228,1191,1266,1227,1189,1229,1190,1149,1192,1226
606,73,37,114,74,71,76,72,34,38,36
607,2244,2207,2167,2282,2246,2206,2169,2561,951,953
608,2712,2714,2713,2715,2677,2790,2791,2670,2792,2794
609,840,839,801,765,878,841,802,763,764,687
610,622,660,583,621,623,556,517,558,3017,626
611,1177,1139,1215,3014,1216,1178,832,1096,1174,949
612,800,763,838,801,762,770,764,765,2592,2593
613,2847,2848,2846,2885,2884,2807,2882,2849,2671,2678
614,2646,2607,2608,2644,2684,2487,2485,2525,2564,2566
615,491,530,568,492,529,341,342,380,415,416
616,1003,1042,1079,1078,1041,1040,965,1039,2949,1343
617,3004,1320,1282,1283,1358,1205,1315,973,1201,1202
618,1186,1187,1224,1225,1149,3007,1148,1222,1185,1264
619,760,798,759,721,797,529,488,489,490,568
620,1244,2994,1207,1206,1245,1125,1205,1129,1163,1130
621,2490,2489,2491,2452,2528,701,668,2603,629,667
622,1405,1367,1443,1406,1442,1444,1481,1402,1478,1251
623,1129,1130,1168,1091,1167,1166,204,1093,116,198
624,682,2938,719,643,607,829,867,981,988,830
625,1092,1055,1093,1130,1054,670,560,595,740,251
626,1159,1160,1158,1196,1121,1197,1083,1049,1045,1047
627,1253,1291,2943,1329,1328,150,184,108,111,144
628,988,1026,987,950,1064,603,567,608,644,646
629,1291,1253,1328,1329,1290,1077,1179,1214,1368,1103
630,988,950,949,912,873,987,1026,985,607,645
631,1668,1630,1629,1631,1593,1367,1671,1708,1743,1405
632,1125,1202,1163,1127,1201,1164,1126,1013,1395,1396
633,1141,1179,1103,1180,1142,1071,1147,1148,1343,1420
634,595,557,594,558,556,247,327,784,709,786
635,478,439,479,477,515,437,475,511,514,271
636,41,1,42,40,5,57,59,98,165,166
637,1367,1329,1291,1366,1328,988,341,380,1251,1025
638,442,403,443,404,441,479,478,367,401,476
639,1077,1153,1154,1115,1114,1116,1039,1155,1298,2949
640,492,454,417,455,456,491,529,569,798,337
641,1024,1025,1063,986,1062,1100,987,1064,1026,759
642,1329,1291,1330,1292,1367,1405,1368,988,1214,603
643,1245,1283,1244,1282,2994,1207,1315,1083,3004,1007
644,1092,1093,1055,1130,1168,1131,1091,2193,2383,670
645,2010,1971,3027,2009,1972,2163,2203,2086,2313,2581
646,1878,1916,1879,1839,1840,1877,1841,1613,773,2255
647,1214,1252,1213,1176,1215,1253,1291,1368,1254,1292
648,1022,1023,1060,1021,1059,1098,1077,1289,1327,1366
649,2943,1215,1177,1254,3038,603,565,567,608,644
650,1071,1070,1032,1108,1033,840,1145,1380,1077,1112
651,1253,1214,1291,1215,1252,2943,1177,910,946,1254
652,500,462,461,499,463,538,2551,426,2630,764
653,796,759,834,797,835,795,1177,603,1210,565
654,291,366,329,330,368,292,367,404,334,370
655,1075,1150,1113,1112,1074,1037,1190,1193,1229,1230
656,664,663,662,625,587,443,637,3029,517,559
657,1253,1291,2943,1215,1329,1709,567,608,644,646
658,2524,2487,2562,2525,2523,788,3029,824,2532,2601
659,88,128,127,89,91,251,519,61,216,63
660,713,712,675,750,711,1255,2205,1130,2167,2605
661,1048,1049,1011,1047,1086,1009,1010,1052,1315,1013
662,1048,1049,1087,1011,1086,1047,1009,1315,1013,1055
663,1064,1102,1140,1063,1026,1101,1025,1097,1176,1099
664,156,117,155,154,194,913,916,875,878,879
665,1153,1154,1115,1191,1190,1228,1459,1460,1077,1112
666,1214,1252,1215,1253,1176,1213,3014,874,1291,950
667,784,2941,745,746,785,437,511,887,888,843
668,873,912,911,949,950,987,874,187,226,263
669,1064,1102,1140,1063,1026,1101,1025,1097,1099,1250
670,1083,1122,1120,1082,1084,1121,1159,1086,1124,1009
671,797,836,835,798,874,1952,1989,1990,2997,1721
672,1249,1287,1211,1288,1286,869,906,909,945,946
673,993,992,1030,1031,955,1032,1070,2330,2368,995
674,405,442,444,404,406,247,327,133,172,249
675,683,684,760,721,722,645,603,642,529,567
676,3030,1557,1519,1558,1596,603,642,1709,1823,567
677,1229,1190,1191,1189,1228,1266,1227,1193,1230,2947
678,988,950,1026,1064,987,1025,684,3016,803,682
679,3014,1216,1177,1215,1139,1214,1330,760,1100,1368
680,1024,986,1062,1025,987,567,608,644,646,527
681,1026,1064,1102,1140,1063,1175,1212,1216,3014,2943
682,957,958,996,919,920,578,388,925,999,389
683,2949,1343,1342,1380,1304,1303,1420,1270,1458,1459
684,1053,1128,1090,1091,1129,900,559,596,824,752
685,2601,2563,2562,2564,2602,2641,2678,2723,2759,2604
686,847,808,884,846,809,885,775,771,805,843
687,1009,1046,1047,1008,1084,1013,1282,1055,1052,1092
688,1360,1361,1322,1323,1398,247,327,784,259,1055
689,379,341,380,417,454,418,416,491,492,378
690,1520,1558,1519,3030,1482,1557,1823,1824,1861,1862
691,1250,1212,1288,1249,1251,1098,1063,1102,1099,1064
692,1139,1140,1063,1101,3014,1178,1138,988,1102,950
693,120,122,121,159,157,92,512,251,216,136
694,444,481,443,406,3017,445,407,441,442,514
695,2290,2253,2972,2328,2252,1000,2329,845,2291,998
696,74,37,34,114,73,72,71,75,145,146
697,1962,1924,1925,1887,1886,2998,2004,2193,2941,1245
698,3004,1320,1358,1319,1282,670,1092,1049,782,558
699,163,164,202,201,203,200,401,476,403,438
700,786,749,748,824,747,711,787,788,784,709
701,1686,1647,1609,1648,1685,994,954,1725,1726,1764
702,1214,1252,1253,1176,1215,1213,3014,1482,1291,1368
703,1252,1290,1214,1253,1215,2124,1709,567,608,644
704,975,936,937,1012,974,1013,1050,1245,901,902
705,997,959,1034,996,1035,2216,1460,1190,1193,1225
706,2941,784,822,785,745,816,709,711,747,748
707,2565,2603,2527,2604,2602,2564,2566,2642,2378,2487
708,164,163,162,125,123,126,19,518,92,129
709,1091,1129,1130,1168,1167,1054,1092,1053,1163,1245
710,2094,2132,2133,2170,2171,2179,2217,2254,1460,2027
711,2124,2086,2048,2010,2011,2087,1855,831,874,2163
712,1368,1406,1330,1367,1329,1823,1824,1861,1862,1558
713,378,416,340,377,2935,376,339,645,263,415
714,60,59,58,61,57,31,72,107,32,34
715,38,34,35,74,32,36,107,109,71,75
716,646,684,3016,607,608,683,645,567,644,603
717,1255,1217,1293,1256,1294,1071,1147,1148,1460,963
718,578,615,577,616,539,913,918,952,647,762
719,864,825,826,787,863,902,901,752,789,3029
720,685,724,723,647,3026,686,648,517,878,2961
721,37,34,73,35,74,38,32,107,106,108
722,1433,1434,1432,1395,1470,1394,709,1625,1358,1429
723,198,160,121,159,197,196,3031,546,126,162
724,2434,2435,2397,2396,2473,801,2547,2561,2587,2588
725,1250,1212,1175,1251,1288,1213,1249,1140,797,1099
726,1308,1271,1346,1269,1270,1309,1195,1157,1234,1119
727,1028,989,991,951,953,990,1066,2216,992,993
728,3030,1634,1596,1558,1595,1557,1672,1822,2013,2088
729,80,79,118,116,77,43,119,130,269,153
730,2219,2258,2181,2182,2256,2180,1685,1724,1735,1763
731,798,836,874,797,835,341,380,378,491,492
732,2201,2163,2239,3001,2125,759,2315,2316,2354,2391
733,1001,963,1039,1038,1000,1076,1032,1036,918,999
734,1405,1367,1443,1442,1406,1481,1894,339,1251,1783
735,1240,1203,1241,1202,1278,1125,1163,1160,1504,929
736,2717,2754,2716,2679,2718,1093,865,1016,1130,442
737,2041,2079,2003,2042,2078,1950,2026,991,1028,1687
738,790,829,867,828,791,677,784,787,864,821
739,571,533,610,572,609,685,724,723,2626,2623
740,2607,2609,2571,2608,2646,438,2342,127,507,2489
741,19,58,60,54,56,2982,5,46,51,163
742,1840,1878,1839,1877,1916,2329,1190,1193,1229,1230
743,263,340,2935,378,339,376,265,342,107,148
744,744,669,707,706,746,745,739,1049,1053,1048
745,125,126,162,127,87,880,884,922,132,41
746,125,126,162,127,3012,251,216,63,214,217
747,2447,2485,2522,2484,2523,994,2330,2368,998,1263
748,1055,1017,1054,1093,1092,1016,979,1132,328,365
749,796,759,834,835,872,797,832,1097,1519,1823
750,1634,3030,1672,1671,1596,1595,1633,1252,1482,1520
751,745,783,782,707,784,815,807,2257,1017,1054
752,1230,1191,1192,1229,1193,1268,1153,1190,1034,1149
753,1663,1700,1662,1701,1738,925,809,406,444,1091
754,647,648,611,687,686,3026,685,725,763,800
755,133,174,135,175,2973,286,287,324,172,249
756,2604,2644,2606,2567,2568,2607,2645,2682,2602,2642
757,646,608,607,684,683,3016,722,567,644,603
758,2086,2124,2950,2048,2085,2087,1629,1401,2467,2469
759,1176,1214,1138,1137,1175,2124,1480,1518,1897,1478
760,911,873,949,948,910,303,338,567,608,644
761,2124,2086,2048,2011,2010,2049,2163,2203,413,2313
762,331,367,368,406,369,293,330,675,639,743
763,1244,1207,1245,2994,1206,2118,2258,1419,1951,2031
764,981,3025,1019,1018,980,3004,1049,1053,1052,1011
765,1668,1630,1631,1593,1629,1744,1746,1671,1708,1782
766,1230,1229,1193,1191,1268,1192,1153,1223,1190,1225
767,1160,1198,1159,1121,1122,2489,2526,2529,2530,2569
768,1245,1282,1283,1244,1207,2383,328,365,367,404
769,1868,1831,1869,1906,1830,1945,2019,2170,2212,1797
770,1903,1941,1940,1978,1902,1685,1724,2022,2023,2172
771,1367,1329,1291,1405,1368,1254,1290,1443,1478,1099
772,2941,822,860,823,784,1433,1434,1431,1735,1125
773,988,1025,949,950,1026,1064,987,1062,1024,873
774,650,688,649,613,611,588,2961,555,590,656
775,2086,2124,2048,2010,2011,2047,265,603,642,1823
776,120,122,157,197,158,159,83,164,84,127
777,3006,2392,2354,2391,2315,2467,2469,2470,2546,2930
778,839,801,878,877,840,647,685,2167,763,1677
779,1028,1066,990,1027,989,1982,2244,2256,1954,2213
780,1213,1251,1252,1214,1175,1290,1250,1482,1178,1291
781,2220,2182,2183,2219,2258,1879,2255,1954,1840,1881
782,1130,1091,1131,1168,1167,1129,1206,1055,1092,523
783,2716,2679,2678,2639,2677,2676,2710,2713,2753,2755
784,1283,1282,1321,1320,3004,1041,1001,1071,1147,1148
785,414,377,415,416,453,148,570,532,151,152
786,999,998,1035,1038,961,1036,1074,1001,539,1000
787,1152,1190,1151,1114,1115,978,1001,1071,939,976
788,1100,1063,1099,1062,1138,1101,1061,1026,1097,1250
789,150,113,149,75,190,148,152,112,146,186
790,1130,1055,1093,1092,1131,1168,1663,1245,2962,1477
791,1178,1216,1140,1177,1139,1861,988,603,642,1823
792,2731,2770,2730,2733,2768,2809,2847,2765,2804,2807
793,2017,2016,1978,2931,1939,2322,2395,2396,2434,1257
794,1128,1091,1090,1053,1129,1962,1887,2187,1883,1888
795,1352,1353,1315,1390,1314,247,2342,2305,1093,286
796,840,879,916,841,878,764,765,801,839,802
797,2013,2050,1975,2088,1974,1897,259,298,221,487
798,1251,1289,1288,1213,1250,375,3038,451,528,415
799,1939,1940,2960,1901,1978,1905,1943,1988,2024,2169
800,1499,1498,1536,1537,1461,1190,1193,1225,1229,1230
801,1152,1114,1190,1115,1151,1153,1117,1076,1080,1086
802,1329,1367,1405,1292,1291,1366,1368,1251,1025,1062
803,2453,2414,2415,2452,2377,896,787,820,825,864
804,682,605,644,2938,607,643,719,603,567,608
805,1315,1277,1314,1352,1276,703,705,706,1049,740
806,791,828,790,829,789,866,883,2735,2927,879
807,1125,1124,1162,1087,1086,1091,1128,2941,1129,709
808,2938,720,719,758,721,2809,2847,2765,2804,2807
809,1252,1214,1213,1290,1215,1709,1482,1520,1634,1671
810,1648,1647,1610,1571,1572,1609,1613,1649,1651,1688
811,987,949,1025,988,986,2048,2124,1023,1215,2047
812,63,137,176,136,2973,251,442,216,403,214
813,880,879,878,841,916,1953,2029,2106,961,1188
814,2195,2233,2194,2234,2232,1946,2156,2020,2171,1982
815,1032,1071,994,993,1070,995,1078,1110,963,1039
816,2625,2665,2664,2626,2663,2627,2667,2822,2869,3018
817,1191,1192,1154,1230,1193,1032,999,1036,2329,883
818,785,747,786,824,2941,748,709,823,822,711
819,1049,1047,1086,1048,1087,1124,742,810,1045,1081
820,957,995,994,956,919,232,157,160,195,925
821,1696,1697,1659,1658,1734,1621,701,781,1695,1737
822,683,684,3016,608,722,760,721,682,607,603
823,2163,2125,2124,3001,2162,2087,2950,831,1858,603
824,464,426,425,462,423,424,2867,2872,387,2870
825,873,912,874,911,949,948,910,567,608,644
826,1110,1071,1109,1072,1033,1459,1497,1535,1231,1267
827,1032,993,994,1070,1031,903,865,2727,902,1245
828,947,909,985,1023,1024,984,1627,564,640,869
829,709,670,633,708,631,408,786,673,712,370
830,1027,989,1028,1065,1066,1190,1193,1229,1230,2662
831,1946,1984,1908,1907,1945,3022,2252,1982,2193,2947
832,941,1055,1018,1017,979,1056,777,780,934,1093
833,1968,1967,2006,2005,2044,1643,1493,1568,1645,2975
834,646,2938,608,683,645,684,3016,603,567,569
835,1180,1218,1181,1219,1179,1217,1142,1257,1445,1447
836,1180,1141,1103,1179,1142,991,1028,989,1903,1977
837,709,786,747,748,749,2941,784,713,827,783
838,560,559,521,598,561,788,664,884,2404,2480
839,788,750,749,3029,711,486,517,558,559,596
840,1857,1894,1895,1856,1933,2201,2237,2579,2204,2238
841,2712,2714,2713,2752,2715,2670,2792,2794,2790,2791
842,826,864,787,825,902,790,792,753,791,828
843,1668,1706,1630,1631,1593,1629,1671,1708,1557,1251
844,636,599,674,637,638,633,672,2941,741,778
845,1979,1980,1939,1941,1978,1903,1942,2022,2023,2172
846,847,809,885,884,922,923,843,735,772,890
847,1330,1292,1329,1368,3038,1406,1291,1102,1139,1140
848,879,841,878,840,916,951,953,1762,914,915
849,1581,1619,1620,1582,1543,1315,1049,3004,1048,1050
850,1091,1130,1129,1092,1054,1053,1015,824,925,962
851,1776,1738,2947,1700,2945,1130,670,1245,1091,778
852,790,789,751,3029,827,2193,2119,2288,829,2382
853,2781,2780,2743,2742,2705,2670,2712,2792,2794,2663
854,654,653,615,652,692,519,656,665,702,556
855,1028,991,989,951,1027,990,1905,1943,1907,1908
856,1630,1629,1667,1666,1591,1254,1518,1593,1709,1253
857,1250,1288,1212,1251,1249,1101,1098,1134,1138,1063
858,1328,1251,1289,1213,1290,874,869,909,2048,2124
859,1055,1092,1093,1130,1054,1017,293,330,331,633
860,1248,1286,1210,1209,1247,869,1706,1556,2970,946
861,2446,2484,2445,2522,2447,2257,2291,2332,2292,2294
862,1217,1179,1180,1141,1218,1790,2960,1713,1751,1753
863,499,461,498,500,537,687,725,647,762,764
864,1292,1253,1329,3038,1330,2943,1291,1252,1367,1140
865,723,799,800,761,838,649,727,952,572,612
866,2163,2162,2200,3001,2950,2203,2086,2313,1858,2239
867,1630,1593,1668,1592,2944,1554,1591,1709,874,3030
868,1068,1106,1067,1029,1105,1075,2936,1042,1072,1073
869,246,171,209,245,284,364,709,750,786,787
870,2127,2164,2202,2125,2203,1823,1859,341,380,379
871,3038,1292,2943,1254,1330,1405,1367,1059,1097,1402
872,646,684,608,3016,607,683,645,567,644,603
873,1114,1076,1152,1075,1113,1763,1417,1495,1684,1686
874,1250,1288,1212,1251,1249,988,1059,1097,1025,1062
875,1213,1175,1289,1212,1251,1252,1290,1216,1368,1176
876,2772,2734,2695,2984,2733,2804,2810,794,2806,1140
877,529,568,528,567,604,605,566,798,451,414
878,1105,1106,1144,1067,1143,1154,1112,1113,1116,1151
879,483,445,522,446,407,520,523,521,484,558
880,10,2974,9,12,2976,44,54,31,72,48
881,886,923,887,848,885,847,924,843,619,925
882,1593,2989,1555,2944,1632,2048,2124,1630,1897,1671
883,177,139,178,216,140,214,252,259,298,2798
884,485,523,562,524,484,790,791,828,751,789
885,1175,1212,1250,1213,1251,1214,1137,1140,1178,1099
886,798,836,797,874,835,529,451,528,414,488
887,769,768,731,770,806,539,1000,1074,728,845
888,1001,963,1039,1076,1038,1000,1422,999,1071,1074
889,588,625,626,550,587,656,517,521,485,2961
890,719,758,720,681,2938,1823,683,1558,2163,2201
891,520,482,560,596,559,558,557,1130,518,556
892,1063,1101,1025,1064,1102,488,489,526,451,528
893,1487,1488,1449,1526,1525,1797,1800,1834,2322,2105
894,149,150,75,113,152,190,151,146,186,38
895,529,566,528,567,604,568,491,488,489,451
896,2050,2088,2012,2013,2049,1709,567,608,644,646
897,187,226,189,262,185,300,224,184,38,304
898,823,861,824,862,822,853,919,954,883,673
899,2587,2586,2548,2588,2625,2626,2549,2624,2547,2551
900,1475,1474,1437,3008,1436,1078,1115,1055,1132,139
901,193,154,155,153,192,116,693,694,696,845
902,821,859,860,783,822,929,891,896,1849,1083
903,1622,1585,1547,1584,1623,1849,1239,1240,1241,1242
904,120,122,84,159,197,121,157,116,193,888
905,870,908,871,909,946,1210,836,755,756,757
906,1251,1290,1252,1213,1289,1250,1288,3038,1253,1367
907,983,1059,1021,1020,1058,945,337,831,222,29
908,2947,2945,1737,1775,1738,1190,1193,1229,1230,1568
909,2703,2704,2742,2701,2702,75,145,37,73,74
910,1934,1896,1858,1897,1895,2011,2048,2049,2051,2052
911,1281,1243,1282,1320,1244,1206,323,327,1039,1042
912,905,867,904,943,866,2571,2001,2304,2570,2042
913,133,172,170,208,173,135,364,249,288,286
914,2961,3024,457,495,419,626,481,517,551,588
915,1185,1186,1224,1148,1223,1685,1687,1724,2179,2219
916,1459,1460,1498,1421,1497,2182,2216,2421,2460,991
917,643,681,757,756,758,607,567,569,608,644
918,981,982,3025,980,943,1019,754,792,867,715
919,536,497,537,535,498,499,574,764,687,725
920,414,415,453,452,490,492,341,380,416,378
921,1126,1089,1088,1051,1125,1127,1164,815,1050,1090
922,233,234,195,232,235,161,314,130,163,206
923,712,750,788,713,711,663,840,843,774,923
924,2881,2845,2882,2843,2841,2807,2625,2919,2847,2885
925,1367,1405,1443,1329,1406,1368,1444,1402,1780,1365
926,759,797,835,834,796,721,679,718,640,682
927,1228,1190,1229,1227,1266,1239,1240,1241,1242,1036
928,821,783,820,858,859,1125,1504,1276,1277,1278
929,1026,1025,1063,1102,988,1064,987,1367,1140,1405
930,34,74,72,69,68,73,145,37,146,149
931,2941,784,822,745,783,1738,699,700,814,598
932,2075,2074,2112,2036,2035,2115,2188,2189,1995,2076
933,466,465,503,504,502,214,290,368,101,252
934,2952,1721,1760,1683,1759,664,877,914,662,685
935,1824,1862,1900,1786,1823,1785,1748,1520,1558,1860
936,34,73,74,72,71,69,70,37,145,106
937,1355,1393,1317,1356,1394,1092,1054,1055,1049,1283
938,1083,1120,1082,1121,1045,1737,784,1049,1736,783
939,1631,1593,1630,1706,1669,1668,1670,2996,1556,2970
940,1315,1239,1277,1278,1201,1125,1091,1128,1049,1205
941,235,271,272,233,3010,438,473,708,2978,130
942,1744,1745,1706,1705,1743,1782,1783,1820,2048,1784
943,1330,1368,1292,3038,1329,1367,2943,1406,1291,1252
944,2295,2294,2257,2256,2219,2255,2218,2291,2292,2333
945,1571,1608,1570,1646,1609,1536,1568,1190,1193,1229
946,988,950,1024,949,987,911,986,1021,984,1022
947,988,950,1026,1064,1025,987,263,340,1140,2938
948,874,836,797,835,873,954,26,888,916,994
949,1190,1151,1152,1228,1189,1193,1229,1230,1150,1504
950,1077,1153,1154,1115,1114,1152,1116,1119,2949,1081
951,2244,2282,2243,2245,2207,2516,2359,2479,2480,2401
952,1205,1204,2967,1203,1242,1243,1166,1125,1163,1130
953,2086,2047,2010,2048,2009,1251,1290,1252,1367,1480
954,1125,1163,1162,1124,1087,1200,1157,1119,1120,1121
955,2790,2791,3028,2830,2714,2752,2753,2673,2677,2794
956,1317,1279,1280,1354,1356,1355,1318,972,1012,1316
957,772,734,696,695,733,840,807,811,813,735
958,1482,1520,1558,1557,3030,1444,1481,1823,1860,1213
959,956,955,918,957,994,917,993,1190,1193,1229
960,1636,1598,1599,1674,1597,1939,1979,1980,2600,1942
961,1252,1214,1253,1251,1290,1213,1215,2996,3038,950
962,364,363,402,362,400,289,323,327,139,177
963,1215,1252,1253,1290,1214,2328,2979,2402,999,1071
964,1093,1130,1092,1131,1055,1243,1013,1125,2977,1164
965,1668,1630,1631,1706,1629,2124,1627,2086,1671,1708
966,879,841,878,840,916,621,624,657,658,889
967,2683,2681,2759,2720,2721,2645,2682,2641,2671,2678
968,1109,1148,1147,1186,1110,3007,1185,1031,999,1265
969,1109,1071,1147,1108,1148,1110,1146,1188,1150,1031
970,840,841,801,2986,878,839,879,775,954,885
971,1329,1291,1330,1253,1292,1367,1366,1214,1025,1062
972,1026,988,987,1064,1025,604,2163,527,603,642
973,2088,2013,2011,2051,2050,2049,2012,1861,1900,2052
974,746,745,707,708,2941,598,633,672,597,599
975,1634,3030,1672,1557,1520,1596,1595,1668,1671,1708
976,1745,1707,1783,1744,1782,529,1858,451,528,414
977,2013,1937,1975,1899,1974,2088,2467,2469,2470,2546
978,1251,1290,1252,1213,1250,1289,1288,909,950,874
979,1557,3030,1520,1519,1481,2970,1556,1823,1558,1860
980,1168,1130,1129,1167,1091,1092,1663,1738,1739,2233
981,1991,2028,1952,1990,1953,2030,1954,2256,1685,1687
982,529,568,491,567,604,566,528,492,569,798
983,1916,1954,1879,1878,1877,1915,1839,1613,2000,773
984,1074,1037,1036,999,1075,768,2291,2329,2517,1840
985,1092,1055,1091,1053,1054,1130,1093,1015,247,327
986,2124,2163,2087,2162,2125,2950,341,380,378,379
987,384,2978,347,385,383,880,647,686,315,878
988,167,168,204,165,166,825,824,437,511,823
989,843,842,804,880,881,805,844,811,886,771
990,442,367,444,3017,405,443,291,328,365,404
991,2578,2577,2579,2539,2541,2163,2124,2694,3001,1858
992,978,977,1016,1015,1054,1283,1321,938,940,1282
993,86,49,46,89,88,19,51,115,44,54
994,1026,988,1064,987,1025,2124,2163,1858,3001,2048
995,1282,1281,1320,1244,1243,1055,807,1092,1131,1283
996,1143,1181,1105,1180,1142,1190,1193,1229,1230,1034
997,1522,1484,3034,1560,1447,1903,1977,2015,991,1028
998,2209,2208,2246,2247,2171,2027,2062,1988,2022,2023
999,1683,1682,1720,1681,1758,2980,1733,1734,1772,1809
1000,1520,1558,1482,1519,1481,1557,1823,880,1824,1861
1001,913,952,837,990,875,914,951,647,915,917
1002,150,149,75,148,152,112,113,151,224,2957
1003,1028,990,989,1027,951,2281,2283,2320,2285,2244
1004,1979,1941,1980,1942,1978,2179,2254,1982,2027,2062
1005,831,907,869,908,946,759,447,1059,488,489
1006,1245,1283,1244,1282,1207,633,672,597,599,634
1007,792,791,868,830,829,869,754,718,259,298
1008,2369,2408,2331,2330,2407,2281,2283,2320,2285,2329
1009,1685,1646,1684,1647,1609,1687,1724,2219,1686,1725
1010,951,952,990,915,913,989,875,953,801,761
1011,71,72,114,37,34,74,76,2933,73,112
1012,842,803,841,880,879,804,840,1721,801,839
1013,1264,1302,1226,1225,1263,1460,1298,1417,1452,1454
1014,2640,2603,2602,2565,2563,2564,888,2639,884,2637
1015,1783,1744,1746,1745,1707,1782,1821,1859,1668,1671
1016,422,385,383,424,384,2625,2663,3018,463,2623
1017,1660,1583,1584,1545,1622,784,1733,1734,2941,633
1018,1449,1450,1488,1411,1412,1255,1522,1485,1486,1524
1019,1939,1979,1941,2017,1978,1940,2016,1942,1980,1790
1020,1629,1591,1628,1667,1630,1722,1642,2086,1678,1415
1021,353,393,391,390,392,352,289,364,434,435
1022,988,950,1026,987,1064,1025,831,682,983,607
1023,1699,1661,1737,1698,1736,662,1506,1888,119,196
1024,2230,2231,2191,2269,2193,2179,2217,2254,2291,1460
1025,1007,1044,1082,1006,1045,323,936,937,975,972
1026,836,874,797,798,835,642,338,450,529,567
1027,1061,1099,1023,1060,1098,1593,1630,836,910,1743
1028,1090,1128,1091,1052,1089,1015,1053,1129,1013,1050
1029,3004,1358,1320,1282,1283,1321,1397,1359,1357,1886
1030,416,418,417,341,379,380,2935,414,532,570
1031,464,425,426,424,387,2881,2870,2625,2666,2845
1032,340,378,416,263,341,2935,379,336,412,413
1033,341,417,454,416,379,342,380,376,263,304
1034,2915,2879,2914,2919,2917,2635,2670,2674,2677,2712
1035,798,836,797,874,835,529,567,608,644,646
1036,491,529,492,568,530,606,531,341,342,380
1037,2601,2599,2563,2600,2562,2640,2598,2167,2246,2604
1038,1283,1321,1282,1245,1320,3004,1060,2124,1022,1015
1039,679,641,718,755,680,716,717,831,2160,2166
1040,1243,1242,1281,1280,1205,1361,898,823,862,925
1041,828,829,866,789,827,865,2543,2544,2579,1026
1042,3014,1139,1140,1177,1178,1101,1138,529,1098,1063
1043,1916,1954,1915,1917,1877,765,803,802,841,769
1044,3030,1557,1520,1634,1596,1595,1558,1671,1672,1708
1045,1245,1283,1244,1207,1282,1091,2941,1093,1054,1055
1046,766,804,2987,805,767,733,662,668,732,697
1047,2522,2484,2485,2445,2483,2904,2910,2867,2872,2551
1048,1213,1175,1212,1251,1252,1214,1290,1216,1026,1823
1049,1946,1984,1983,1985,1908,1907,1945,2252,2021,2060
1050,1057,1019,3025,1094,1095,676,678,977,1014,1092
1051,425,424,387,385,386,671,708,936,937,975
1052,1143,1181,1180,1142,1105,991,1028,1802,1190,1193
1053,911,949,873,948,950,1897,874,795,909,1213
1054,1668,1706,1630,1631,1669,2203,2239,2318,2356,2467
1055,1131,1168,1130,1169,1206,1245,1738,935,1663,972
1056,493,455,454,530,568,531,491,494,756,377
1057,989,951,1027,1028,1065,1066,1033,1036,1035,1070
1058,713,750,712,675,751,286,287,324,401,476
1059,340,263,378,2935,377,379,148,150,184,75
1060,1062,1061,1024,1025,1100,1138,1063,1626,1704,1740
1061,485,523,524,562,486,487,790,624,789,751
1062,35,74,38,32,37,259,298,181,258,135
1063,820,782,781,821,783,819,858,896,443,777
1064,878,840,879,841,839,2435,1110,2361,2438,2441
1065,896,933,972,971,934,2941,709,783,816,711
1066,987,949,988,1025,986,873,912,2388,2426,2427
1067,2244,2207,2206,2282,2167,2245,2290,2365,2404,2205
1068,1390,1352,1351,1313,1389,2941,745,785,247,711
1069,590,589,553,551,552,477,517,558,559,596
1070,1139,1063,1140,1101,3014,1138,1100,1402,1098,1480
1071,1952,1991,1990,2028,1953,1915,1954,1913,1989,2030
1072,1167,1129,1168,1166,1205,1204,1242,1016,1130,1091
1073,759,646,683,721,760,722,603,1897,491,492
1074,2602,2564,2566,2603,2525,2565,2563,2523,2524,2562
1075,1121,1120,1196,1083,1160,1159,1158,1155,1119,1153
1076,34,71,110,72,69,70,73,3,37,74
1077,683,722,684,646,645,1704,339,1251,1706,3038
1078,145,146,108,183,184,182,181,107,150,75
1079,1101,1102,1139,3014,1063,1140,1098,1480,1442,1099
1080,2713,2714,2712,2750,2751,2752,2711,2670,2792,2671
1081,798,760,836,797,874,835,569,645,756,607
1082,1168,1130,1129,1167,1091,1092,1663,1738,1739,900
1083,1037,1075,1074,1113,1076,2291,2329,1991,2028,2256
1084,977,978,1016,939,1015,1054,247,327,286,287
1085,384,347,346,2978,345,880,879,881,917,837
1086,1290,1328,1289,1366,1327,946,1254,1593,1596,1630
1087,1193,1155,1192,1154,1117,1736,2945,1735,1695,1697
1088,823,861,822,860,824,1119,1153,1156,1196,735
1089,1255,1293,1256,1217,1294,1103,1105,1144,1298,1065
1090,114,75,107,76,2933,110,71,145,37,74
1091,1663,1586,1624,1549,1587,1776,1245,1093,1091,1700
1092,2712,2752,2714,2751,2753,2639,2875,2670,2674,2677
1093,913,875,914,952,951,319,356,397,923,954
1094,683,645,760,607,721,722,684,569,719,754
1095,3030,1634,1672,1520,1596,1558,1595,1252,1482,1668
1096,873,912,874,911,949,910,950,909,1102,1746
1097,1150,1111,1149,1188,1112,1091,1153,2947,3008,1071
1098,1405,1367,1443,1406,1329,1368,1251,1290,1252,1480
1099,72,34,74,37,114,73,71,145,107,146
1100,1203,1202,1241,1240,2967,1279,896,1125,1163,934
1101,2282,2243,2244,2167,2207,2320,2245,2246,2360,1905
1102,1115,1153,1077,1154,1152,1114,1190,1078,1150,1155
1103,1745,1707,1783,1744,1782,415,416,491,492,529
1104,1115,1153,1152,1077,1114,963,1039,1042,1040,1078
1105,1159,1197,1198,1236,1235,1049,1205,1045,1047,1011
1106,1205,1167,2994,1242,1243,1204,2967,1200,1504,1587
1107,2666,2665,2628,2627,2629,2589,2700,2782,2912,2915
1108,2128,2089,2051,2088,2090,1438,1819,2047,2162,2163
1109,1071,1072,1070,1108,1033,1032,1077,1112,1113,1116
1110,1668,1630,1631,1629,1593,3030,1520,1634,1671,1672
1111,1205,1167,1166,1242,1204,1243,1130,1093,826,1776
1112,1040,1078,1039,1077,1116,2299,2219,2257,2291,2117
1113,609,610,648,571,611,654,691,692,2509,80
1114,647,686,611,687,648,3026,685,725,837,876
1115,2331,2370,2332,2408,2333,2329,999,2291,922,998
1116,1163,1238,1239,1201,1200,1127,1160,1086,1122,1124
1117,202,200,238,199,239,136,204,366,403,137
1118,1596,1558,3030,1520,1634,1706,1556,2970,1593,1630
1119,1557,1519,1481,1520,3030,1823,1859,1894,1558,1783
1120,988,950,949,987,1026,342,603,303,567,608
1121,1053,1090,1052,1091,1128,711,747,748,749,824
1122,1522,1445,1485,1484,1446,1447,3034,1255,1449,1486
1123,1213,1175,1212,1176,1251,1252,1290,1216,1026,1096
1124,2010,3027,2048,1971,2047,447,603,450,453,589
1125,379,378,340,341,416,2935,380,570,414,532
1126,1667,1629,1705,1591,1706,1666,1704,1709,2996,1517
1127,2188,2189,2149,2150,2111,2148,731,768,2152,2291
1128,2163,2239,2201,3001,2162,2200,2125,2318,2356,2618
1129,1077,1116,1153,1115,1114,1039,1152,2949,1043,1075
1130,403,404,442,440,405,2941,783,785,821,898
1131,88,87,127,128,126,81,41,45,44,78
1132,1148,1147,1071,1109,1110,1146,1185,1154,1112,1113
1133,1075,1150,1113,1112,1074,1037,2949,1091,1153,1071
1134,764,763,765,802,726,725,687,728,671,762
1135,802,801,839,838,763,807,2588,2589,2547,2548
1136,400,401,402,438,361,399,363,326,440,784
1137,416,2935,415,376,378,377,379,263,340,265
1138,790,829,867,828,866,369,448,523,485,577
1139,934,896,933,972,971,895,931,1888,788,1125
1140,2809,2771,2999,2811,2810,2639,2845,2677,2718,2637
1141,684,646,683,722,721,645,603,642,567,608
1142,288,249,287,250,286,291,327,292,3009,212
1143,1161,1200,1162,1199,1123,369,406,444,3017,1129
1144,2219,2181,2256,2180,2218,916,879,881,918,1682
1145,821,2941,822,784,785,823,781,1093,709,2342
1146,1292,3038,1330,2943,1291,1175,1212,1706,2996,1402
1147,796,834,759,795,835,1097,488,489,526,756
1148,2975,1452,1490,1451,1413,1687,1147,1148,1185,1225
1149,911,873,949,912,874,603,642,567,608,644
1150,1394,1355,1393,1356,1317,1201,1202,1203,1204,1238
1151,1291,1329,1292,1252,1253,2943,1215,950,874,1214
1152,684,798,646,760,722,683,721,529,567,608
1153,1064,1102,1063,1101,1140,1026,1025,1251,1021,1023
1154,1292,3038,1330,2943,1291,1140,1097,1178,1099,1175
1155,1251,1289,1290,1252,1327,1213,1250,1328,1366,1367
1156,306,267,305,269,344,837,876,875,878,952
1157,1237,1274,1238,1199,1275,1236,1276,1201,1202,1203
1158,263,378,340,301,2935,339,376,148,151,224
1159,1668,1630,1706,1667,1631,1783,1823,1859,529,1367
1160,1736,1698,1737,1699,1774,771,1120,1121,1995,929
1161,1978,2016,2960,1941,1939,1940,2931,1942,2017,1790
1162,1253,1252,1291,1214,3038,1215,2943,1368,1251,1140
1163,1250,1212,1175,1288,1251,1249,1213,1254,1478,1099
1164,935,934,896,895,897,936,937,975,1239,1240
1165,1175,1212,1099,1250,1137,1174,1176,488,489,1097
1166,607,682,646,2938,645,720,721,603,567,569
1167,746,708,669,745,2941,707,784,743,778,899
1168,709,747,708,671,710,2941,746,707,777,815
1169,1367,1292,1330,3038,1291,1254,1290,1026,1023,1059
1170,366,404,365,328,367,405,2995,403,401,476
1171,707,744,782,745,705,671,636,633,669,672
1172,1071,1110,1070,1108,1032,1033,1041,1078,1115,1039
1173,2245,2284,2246,2207,2283,2219,2257,2332,2329,883
1174,956,955,917,994,918,1190,1193,1229,1230,1034
1175,1823,1861,1785,1822,1860,1899,1821,1938,1975,2240
1176,1064,1026,1102,1025,988,529,494,451,528,1666
1177,1632,2970,1556,2989,1555,1594,1593,1668,1671,1708
1178,835,873,911,910,874,757,645,756,794,797
1179,798,797,836,759,760,527,603,491,492,529
1180,889,851,890,888,928,961,998,2331,2366,2369
1181,263,301,340,302,339,225,2935,415,416,378
1182,28,34,68,66,29,32,38,37,73,74
1183,328,327,291,366,2995,365,326,329,3009,364
1184,949,987,1025,988,1026,982,1400,1249,565,984
1185,958,957,919,996,920,998,961,1038,886,1000
1186,164,162,125,126,123,585,441,479,552,888
1187,379,416,417,341,415,2728,2772,2771,2809,2844
1188,1215,2943,1177,1253,1252,641,680,1058,564,604
1189,911,949,873,912,948,603,567,608,644,646
1190,454,455,492,417,415,1102,836,1026,874,1101
1191,2124,2048,2086,2087,2011,2163,2201,2237,2543,2544
1192,951,913,989,952,990,1190,1193,1194,1225,1229
1193,959,921,960,997,998,2291,2332,1153,809,919
1194,2935,263,340,303,339,378,301,342,2938,304
1195,1237,1238,1199,1236,1274,1198,1205,1201,1202,1203
1196,2469,2470,2431,3006,2393,2728,2730,2690,2729,2767
1197,990,1028,952,951,991,953,989,1027,1181,1218
1198,1767,1766,1805,1804,1729,2980,1771,2945,1772,1809
1199,2658,2659,2735,2696,2620,2769,2969,2771,2809,2844
1200,2511,2472,2473,2510,2433,2548,2586,2625,2910,2890
1201,2512,2511,2474,2473,2436,2437,2588,2589,2547,2548
1202,992,954,953,1030,991,1188,1031,1186,1147,1148
1203,1049,1086,1047,1048,1085,1315,1205,1358,1052,972
1204,1085,1123,1086,1124,1047,1013,778,1049,1087,1358
1205,822,785,784,824,2941,786,823,860,783,896
1206,2691,2692,2729,2653,2690,2767,2768,2631,2762,2592
1207,1206,1245,1283,1244,1207,327,328,365,289,291
1208,1199,1198,1161,1236,1160,520,407,585,589,482
1209,1205,1166,1167,1129,1204,1504,2945,1270,1298,1303
1210,992,953,954,1030,991,1891,1777,1991,2028,2256
1211,1115,1153,1152,1190,1191,1954,118,119,1991,2028
1212,1406,1444,1368,1482,1443,1557,1894,1558,1556,2970
1213,683,760,721,722,798,342,301,339,794,718
1214,454,417,415,455,416,758,1019,1096,982,1741
1215,263,340,2935,339,378,302,379,570,451,528
1216,1083,1121,1120,1122,1159,633,672,741,778,703
1217,500,499,463,462,461,391,425,426,429,472
1218,339,340,2935,263,303,107,148,301,106,299
1219,2618,2581,2929,2656,2579,1820,1743,1782,1858,1287
1220,1159,1197,1196,1121,1158,1125,1128,2941,929,1772
1221,1100,1138,1176,1139,1099,1059,1097,1368,1026,1330
1222,1047,1009,1085,1084,1086,1343,1077,1112,1113,1116
1223,2597,2559,2521,2558,2560,2720,2636,123,2288,2642
1224,843,807,806,844,845,842,840,880,916,153
1225,1239,1276,1238,1200,1277,1125,784,1240,1241,1242
1226,1065,1066,1027,1104,1103,1078,1043,1118,1156,1039
1227,822,823,784,785,860,1125,1052,1243,1508,1544
1228,3030,1557,1520,1596,1595,1558,1519,1823,1824,1861
1229,118,120,122,119,157,116,80,79,153,155
1230,1522,1484,3034,1447,1485,1905,1943,2281,2283,2320
1231,74,37,35,34,73,32,110,150,71,75
1232,263,340,301,225,2935,339,378,151,224,304
1233,1049,1048,1047,1011,1086,1087,1124,3004,670,1013
1234,1409,1447,1371,1448,1446,1261,1411,1299,991,1028
1235,1051,1088,1089,1050,1013,1090,1052,1126,1127,1015
1236,437,475,438,512,476,474,436,401,511,121
1237,34,28,32,68,66,222,107,301,183,184
1238,756,758,795,796,757,603,567,608,644,646
1239,907,983,984,945,869,944,946,682,949,643
1240,1251,1289,1213,1288,1250,451,528,452,566,379
1241,2567,2566,2604,2529,2568,2680,2681,2643,2644,2718
1242,212,211,210,248,209,787,864,215,251,253
1243,953,1030,992,991,990,915,952,837,876,951
1244,2067,2030,2066,2068,2029,2028,1991,2219,2256,2258
1245,312,311,3032,274,273,275,237,422,424,348
1246,793,832,794,831,870,2805,2807,2811,2999,2843
1247,148,224,151,113,186,149,2957,259,298,301
1248,460,459,421,383,422,420,913,951,953,2360
1249,657,658,619,621,620,696,695,115,727,231
1250,760,796,798,797,759,836,1519,1857,1859,1895
1251,1062,1063,1025,1100,1101,1138,1024,759,2581,798
1252,1071,1110,1070,1108,1032,1033,1309,1311,1343,1533
1253,1043,1118,1081,1080,1042,1005,1115,1075,1077,1112
1254,122,120,84,119,2966,118,157,164,153,155
1255,1109,1146,1110,1071,1147,1108,1148,1613,1343,1533
1256,382,343,420,381,344,383,422,424,458,497
1257,2542,2467,2468,2504,2543,2313,2239,2318,2356,2618
1258,951,989,913,990,952,1150,1154,3008,1035,1070
1259,1181,1143,1180,1142,1105,1147,1148,1106,1109,913
1260,1204,1205,2967,1203,1242,1243,1166,1125,1201,1202
1261,1452,1414,2975,1413,1375,2179,2219,2254,1995,1840
1262,1511,1473,1512,2962,1549,1891,1098,485,2459,1101
1263,2277,2278,2316,2239,2315,2086,2091,2129,374,1898
1264,341,416,380,378,415,379,418,1557,1898,491
1265,3016,646,607,645,683,1706,2996,3038,1368,603
1266,2564,2565,2602,2563,2527,401,476,124,888,164
1267,2435,2434,2397,2396,2436,2129,1673,1712,2054,2092
1268,2088,2089,2051,2050,2164,2318,2356,2274,2280,2543
1269,1964,2002,2003,2040,1965,1887,1773,1811,1962,2176
1270,2686,2648,2687,2647,2649,2288,2341,2380,2560,2421
1271,1253,1291,1290,1252,1329,1292,1328,2943,1251,1214
1272,589,590,628,551,627,588,443,514,481,517
1273,1252,1290,1214,1215,1213,1400,1709,1289,1327,1366
1274,446,445,483,522,521,346,550,443,514,384
1275,1055,1093,1092,1054,1130,1017,1160,1083,1196,2004
1276,1422,1383,1421,1384,1460,2949,2947,1071,1075,1077
1277,114,37,74,34,73,76,71,719,148,570
1278,1130,1129,1168,1167,1091,1270,1458,1459,1499,1497
1279,1216,1178,1254,1177,1140,1190,1193,1225,1229,1230
1280,1148,1147,1109,1110,3007,1185,1179,1183,1217,1218
1281,2946,1956,1917,1879,1955,2004,1921,1959,1961,1998
1282,2261,2223,2185,2184,2222,2266,2293,2607,2608,2609
1283,1254,1216,2943,3038,1177,527,603,642,564,604
1284,2188,2189,2227,2226,2149,2150,2225,2116,2155,2115
1285,1193,1270,1269,1231,1232,1190,1229,1230,2480,1150
1286,1745,1707,1783,1746,1744,451,528,488,489,450
1287,1324,1285,1323,1286,1362,2244,1332,1337,1408,1409
1288,1083,1045,1121,1120,1159,1122,1738,1196,1700,1701
1289,1167,1168,1205,1166,1242,1129,1435,1208,1472,1474
1290,1150,1111,1188,1149,1112,1037,1739,999,1001,1071
1291,1995,1956,1957,2946,1994,2075,2076,2113,2114,2149
1292,2836,2797,2798,2760,2796,2670,2712,2792,2714,2839
1293,896,934,972,933,971,784,666,783,891,633
1294,721,2938,683,722,645,760,793,755,794,679
1295,3030,1558,1520,1557,1596,1595,1519,1823,874,645
1296,163,162,125,123,84,161,233,235,132,134
1297,758,796,795,757,720,263,340,1860,148,301
