,aay,Ama,Ance,Antp,apt,Blimp-1,brk,bun,CG14427,CG43394
,CG8147,cnc,croc,Cyp310a1,D,Dfd,disco,Doc2,Doc3,dpn
,edl,ems,erm,E(spl)m5-HLH,eve,exex,fj,fkh,ftz,gt
,h,hkb,Ilp4,ImpE2,ImpL2,ken,kni,knrl,Kr,Mdr49
,Mes2,noc,nub,oc,odd,peb,prd,rau,rho,run
,sna,srp,tll,toc,trn,tsh,twi,zen,zen2,zfh1
1,259,87,84,121,123,523,298,366,88,119
2,2941,822,820,745,785,855,890,821,852,892
3,1666,1667,1705,679,1704,718,1438,1361,1323,1058
4,162,53,126,88,19,164,3012,85,87,163
5,1323,1361,1364,2943,1212,1175,1020,1401,1438,1216
6,1329,1330,1363,1403,1026,1365,1368,1062,1367,1400
7,304,303,266,302,2935,220,189,226,262,299
8,37,114,30,2937,32,34,73,107,74,2933
9,1031,1032,1296,2207,1106,1108,1255,1001,1038,1939
10,181,220,186,184,38,261,223,260,298,190
11,1062,1061,1137,1059,1024,1025,1060,1097,1250,1254
12,1279,972,1316,1277,1278,1009,1273,1003,1201,1315
13,2949,1153,1151,815,888,1155,1077,1073,1380,882
14,1245,1283,1281,1282,2994,940,1207,2532,1055,1208
15,304,263,529,570,266,302,303,184,225,2957
16,2813,2815,2902,2911,2953,2826,2854,2855,2889,2890
17,874,988,873,912,1213,2943,985,986,2944,950
18,1184,1149,1189,1190,1374,1188,1192,1186,1222,1373
19,1112,1155,1075,1110,2936,1114,1116,1113,1154,1146
20,537,536,539,574,572,612,614,156,497,499
21,1073,1071,1039,1042,1072,1043,2949,1076,1279,972
22,813,811,850,722,816,1667,1705,1364,985,1744
23,720,758,2048,2938,1668,1744,645,722,760,987
24,1277,1278,831,1210,869,906,525,2650,792,832
25,32,34,74,37,68,35,38,114,73,107
26,83,88,38,679,181,220,32,87,68,222
27,362,325,361,364,365,286,2995,324,288,328
28,1292,1250,1254,1061,1329,1137,1099,1059,1025,1402
29,2719,2756,2760,2758,2759,2716,2717,2982,2754,2753
30,1226,1112,1149,1228,1189,1190,1155,1227,1230,2936
31,2949,1073,1327,1362,1279,972,1316,1033,1326,1403
32,2751,2835,2791,2875,2790,2717,2795,2834,2876,2752
33,1245,1243,1206,1282,2994,1169,1131,1207,1130,1055
34,1112,1155,1075,2936,1114,1116,1110,1113,1154,1146
35,414,417,339,380,416,418,377,415,494,341
36,424,384,387,2978,343,382,422,426,458,459
37,414,417,452,453,416,418,377,339,415,380
38,1177,1216,1821,1824,1859,1938,1895,1668,2620,1744
39,831,757,988,985,2943,794,722,760,983,984
40,2585,2591,2635,2324,2631,2632,2592,2548,2586,2633
41,2691,2768,2767,2692,2726,2545,2728,2654,2695,2730
42,584,582,579,583,3033,547,201,153,572,549
43,1020,1288,946,1254,3038,1253,1324,1249,872,910
44,763,803,801,799,838,800,839,840,764,765
45,1146,1147,1109,1108,1148,1114,1186,1188,2936,1075
46,918,956,958,3008,1133,3029,751,2157,2963,1323
47,1054,1093,1130,1053,1016,1052,1017,1319,1013,3004
48,896,820,1195,934,929,927,928,2325,1298,1153
49,1886,1695,2342,1734,1733,1122,1009,1124,1999,1427
50,1119,1157,1043,1127,1158,1194,1154,1082,1045,1047
51,2807,2847,2849,2850,2804,2809,2887,2843,2848,2937
52,38,114,37,75,73,107,32,34,74,2933
53,1152,1119,1157,1155,1043,808,843,847,1013,1114
54,437,161,276,201,204,312,164,3012,163,205
55,646,644,607,608,603,605,567,682,684,643
56,38,186,75,298,54,177,139,71,74,2933
57,1083,1090,1394,1080,1081,1118,1086,1156,1052,1088
58,2313,1938,2318,1975,1063,1402,1025,1794,2144,2279
59,1583,1301,1342,1530,1531,1572,1269,1010,1884,1924
60,361,325,440,362,2995,402,434,207,328,363
61,1375,1680,1341,1378,684,1414,2086,988,1668,2930
62,685,724,762,193,692,726,686,690,653,723
63,54,136,312,19,21,23,60,3,11,14
64,1279,972,1316,1012,1885,1273,1042,1533,1324,1003
65,464,465,347,467,425,462,343,382,426,458
66,2813,2815,2790,2953,2781,2838,2839,2875,2779,2826
67,2299,2338,2219,2257,2336,2301,2259,2339,1954,2256
68,2588,2589,2627,2668,2626,2549,2629,2671,2591,2630
69,1059,988,1021,1329,1023,1097,1063,1102,1026,1062
70,2724,2687,2767,755,2693,2768,2772,2728,2689,2726
71,263,340,265,266,302,298,261,227,380,683
72,1744,1746,1781,1741,1784,1743,1782,1745,1400,1402
73,438,246,247,248,209,440,171,210,437,324
74,2967,1052,1243,1049,1091,2994,1282,1358,1315,1280
75,949,2013,950,2088,988,2011,684,1634,2048,2052
76,2635,2593,2547,2555,2588,2589,2678,2683,2723,2553
77,684,2693,2467,683,2469,680,988,682,950,949
78,1032,1001,1038,1075,1037,1070,2936,995,1147,1270
79,1741,1629,2046,1665,1020,1634,1324,1667,2047,1705
80,2826,3018,2779,2781,2820,2822,2825,2790,2875,2662
81,1413,1155,1341,1160,1125,2252,1414,1011,1452,1643
82,1009,1155,1001,1002,1083,1086,1082,1045,1049,1050
83,807,1343,844,845,580,773,810,1074,579,1077
84,572,305,306,497,535,191,231,153,310,346
85,1292,1402,1291,1329,988,1330,1022,1025,1328,1021
86,1116,1014,1054,1017,1123,1083,1086,1386,1077,1081
87,2928,46,61,162,19,158,55,126,115,118
88,1147,1153,1148,1151,880,1383,1188,1186,1107,1113
89,238,239,237,242,201,240,280,199,236,241
90,1250,1254,1211,872,910,1249,871,909,1173,836
91,49,88,46,87,48,55,53,58,84,19
92,263,304,265,340,303,266,302,184,225,185
93,1217,1255,1256,1219,1218,1294,1221,1104,1257,1296
94,2318,2315,2356,2659,2660,2279,2312,2354,2316,2317
95,1706,720,1708,758,1704,1060,2048,2051,2052,985
96,788,749,781,816,782,786,747,826,748,2647
97,1629,1668,1671,2124,1743,1781,2163,1744,2084,2049
98,2939,2638,2637,2678,2639,2718,2677,2679,2759,2680
99,2330,995,957,994,996,997,998,2331,2979,959
100,1634,2996,1671,1672,1668,2956,1632,1631,1520,1708
101,2648,2609,1054,2525,2649,2606,2567,2607,1053,1093
102,1213,1216,1327,1330,1215,1026,1252,1214,3014,1289
103,1329,1330,1253,1059,1292,1368,1060,1402,1099,1363
104,417,414,494,529,455,377,415,416,418,568
105,71,74,2933,107,73,32,34,110,31,72
106,1181,1149,1189,1190,1192,1186,1188,1194,1180,1179
107,94,164,3012,57,59,163,98,96,95,161
108,340,342,3030,263,379,415,1558,377,416,418
109,1106,1144,1147,310,1031,1181,1072,2949,1142,1103
110,1634,988,1671,1672,1709,1668,950,2956,2013,949
111,1153,1155,1150,1113,1115,1154,1077,1151,1189,1190
112,990,875,1370,841,953,989,1635,878,951,1369
113,1214,1252,874,950,873,912,1251,911,1634,1520
114,172,210,207,213,244,237,171,212,133,211
115,1054,1623,1093,1052,1053,1625,1130,2941,675,2345
116,1380,1107,1145,1150,1185,1343,1375,1416,1420,1111
117,1013,1011,1114,1082,1045,1049,1047,1050,1043,1152
118,2635,2593,2634,2552,2590,2553,2557,2592,2594,2556
119,1156,1158,1124,1163,1122,1164,2977,1194,1117,1043
120,2244,2281,2205,2320,951,2243,2319,2359,1939,2207
121,1012,1202,1204,1238,1203,935,1236,1125,1240,1242
122,1783,1668,1671,1744,988,1746,380,684,1708,1558
123,1738,1160,1127,1122,1124,1163,1009,1431,1091,1427
124,1106,1141,1179,1105,1103,1142,1218,1143,1181,1217
125,1130,1125,1269,1160,2967,1128,1129,1093,1163,1205
126,162,164,3012,163,120,401,168,121,123,400
127,2989,874,1709,3030,873,912,1593,1974,1630,1897
128,684,645,682,683,643,2938,607,760,757,988
129,1319,1357,1358,1397,1320,1093,1052,1359,1016,1321
130,1315,1011,1043,1115,1114,1076,1013,1078,1080,1077
131,1037,1001,1002,1038,995,969,1275,960,1033,1265
132,32,34,73,107,74,2933,71,37,68,35
133,1315,1353,1277,1278,1082,1045,1011,1352,1110,1047
134,874,1249,873,909,912,2658,2659,2660,379,2619
135,263,340,2935,375,342,378,303,339,265,336
136,1254,1251,1290,1252,1288,1253,3038,874,1250,1325
137,1520,1558,1938,1823,1859,1895,760,1668,1671,2583
138,2550,2511,2433,2471,2547,2555,2588,2589,2510,2512
139,874,1252,873,912,2658,2659,2660,2943,1822,1558
140,1777,2071,2072,2073,2114,1815,1995,1996,1954,2189
141,682,641,643,684,679,811,2431,2938,607,645
142,1269,1032,2967,1277,1278,1270,1306,1125,1305,1239
143,806,773,808,809,810,2635,769,2557,2594,805
144,1277,1278,1245,972,1276,1279,1316,1012,1205,1273
145,1823,1861,1862,1520,1899,1558,1824,1938,1859,342
146,569,570,606,568,567,528,646,491,3016,532
147,1435,1472,1738,1433,1128,1457,1395,1406,1405,1442
148,2759,2717,2716,2678,2680,2681,2677,2679,2758,2760
149,781,816,782,2344,2648,2647,2646,749,2604,2941
150,1292,988,1291,1329,1367,1025,1402,1330,1022,1026
151,37,109,111,114,108,32,34,145,73,107
152,1671,1746,1783,1708,1519,2010,1516,1748,1785,1786
153,2691,2692,683,680,988,682,645,2938,643,684
154,2939,2689,2728,2598,2679,2601,2680,2681,2636,2600
155,2967,1239,1241,1205,1276,1202,1237,1274,1204,1238
156,1402,1783,1744,1746,1708,1748,1785,1786,1743,1784
157,1292,1329,1367,1364,1291,1402,988,1059,1025,1363
158,1823,3030,1861,1862,2970,1899,1558,1516,2313,2943
159,1251,1252,1290,1254,1215,1214,1289,1326,874,1328
160,709,778,739,2651,775,2565,2652,2689,2485,2598
161,1254,1593,1630,2944,1742,1518,1667,1705,1704,1401
162,1013,1009,1050,1047,1120,1045,1082,1310,1428,1353
163,722,757,988,985,1099,1026,645,760,1668,1671
164,1213,1252,874,1215,1214,1254,1251,1253,873,912
165,1558,1634,1520,3030,2956,1668,1671,1672,2996,1709
166,161,164,3012,163,166,129,165,130,92,198
167,1402,1744,1742,1747,1438,1478,1329,1401,1475,1361
168,2436,763,2474,799,2395,2400,2359,764,765,802
169,458,460,537,425,3011,459,536,539,571,574
170,874,873,948,947,379,912,1249,909,341,986
171,2791,2751,2790,2717,2752,2835,2749,2793,2673,2711
172,529,566,528,570,608,644,568,606,488,567
173,1279,972,1316,1308,1309,1277,1278,1003,1306,1271
174,2767,2806,2768,2731,2728,2557,2594,2765,2769,2556
175,364,365,362,400,403,172,366,328,363,367
176,2601,2485,2598,2643,2644,2565,2600,2561,2560,2724
177,2499,2650,867,829,868,1283,602,2197,939,978
178,2733,2651,2691,2731,2520,2522,2726,2485,2598,2729
179,1174,1139,1101,1861,1177,1858,1899,1819,1896,2578
180,76,37,114,110,32,34,73,107,147,74
181,37,114,38,75,28,36,32,34,2937,73
182,2015,1446,1559,1331,1977,2053,2055,1332,1561,1598
183,1735,1772,1697,781,1738,1733,813,1427,1419,1734
184,3030,2970,1558,1520,2944,1555,1594,1556,1860,1557
185,872,910,871,873,912,907,908,835,874,836
186,1315,1011,1279,972,1316,1082,1045,1049,1047,1050
187,1090,1394,1049,1391,1699,1088,1084,1051,1085,1164
188,937,1349,1012,2335,1018,708,671,742,974,975
189,1027,1028,1294,1293,951,2243,1065,1255,2205,990
190,1009,1052,1282,1054,1280,1319,1091,1358,1013,1055
191,1518,1480,1399,1482,1401,1291,417,1444,1022,1292
192,341,491,532,494,528,416,418,377,415,379
193,1059,1025,988,1060,1022,1026,1062,1061,1021,1023
194,1280,1282,3004,1358,1662,1243,1015,1052,1279,972
195,1032,1070,1146,1150,1147,2936,2949,1075,1010,1220
196,1229,1266,1268,957,997,1267,1304,1227,1230,1231
197,1011,1082,1045,1049,1047,1050,1354,1317,1085,1088
198,443,407,444,409,522,588,484,587,442,556
199,2626,2585,2587,2588,2589,2668,2548,2633,2591,2630
200,2598,2560,2600,2603,2642,2604,2523,2601,2524,2485
201,1052,1054,1130,1020,1700,1663,1361,1625,1017,1358
202,2281,2320,2319,2322,2360,2358,2362,2283,2321,2359
203,2921,3028,2790,2841,2968,2829,2875,2831,2813,2815
204,1292,3038,988,1253,1329,1330,1291,1252,1367,1290
205,1009,1011,1196,1125,1082,1045,1049,1047,1050,1115
206,647,649,651,688,3023,648,3026,652,656,686
207,1011,1079,1082,1045,1049,1009,1050,1047,1041,1343
208,2935,414,417,263,342,340,303,380,301,339
209,1848,1232,1497,1536,1459,1205,1234,1267,1228,3035
210,2790,2875,2791,2884,2918,2795,2834,2876,2885,2835
211,2548,2588,2589,2638,2551,2591,2630,2678,2626,2982
212,2935,414,417,263,340,303,336,301,304,339
213,501,541,505,542,2958,576,500,496,578,423
214,263,340,303,265,301,414,304,2935,417,570
215,1083,1086,1090,1394,1277,1278,1055,1049,1122,1124
216,2643,2682,2644,2645,2684,2565,2648,2603,2647,2642
217,588,590,555,587,589,551,656,620,3033,517
218,1252,1213,1215,1214,1288,2943,1254,1251,1253,1216
219,1009,1013,1052,1090,1394,1082,1011,1045,1128,1049
220,172,246,207,245,250,438,249,214,173,252
221,1153,1059,1402,1363,1060,1152,1119,1157,1099,1151
222,640,602,564,670,603,599,741,633,701,705
223,1128,1395,1091,1155,1167,1013,1131,1396,1148,1436
224,416,418,377,415,608,414,644,417,454,456
225,2102,2030,2064,2061,2104,2105,1945,1794,2144,2023
226,2679,2638,2636,2680,2681,2716,2599,2720,2759,2597
227,1277,1278,1308,2967,1205,1241,1239,973,2532,1271
228,2657,2732,1249,2658,909,2619,2692,2735,2616,2698
229,1056,1399,2724,2687,1400,1024,1096,1062,1023,1021
230,881,880,879,843,842,884,1021,839,840,1112
231,3035,1270,1306,2456,2940,1271,2967,927,997,1239
232,38,54,2974,10,32,34,74,145,2937,11
233,60,41,2974,3,7,11,17,2928,42,44
234,1916,1873,1109,2221,1644,1646,1722,2256,2952,1877
235,2408,2257,2417,2412,2488,2333,2370,2372,2366,2369
236,801,763,838,840,803,800,839,687,764,765
237,1030,993,992,1068,1752,1753,1751,1939,1031,1791
238,1031,1331,1068,1293,1977,1901,1028,1029,2015,761
239,1823,1558,1824,1861,1862,1894,1783,1779,1748,1785
240,263,342,340,2935,378,303,379,416,418,377
241,837,876,2986,839,878,913,914,951,2170,917
242,425,462,427,426,429,466,430,424,464,465
243,519,517,483,446,583,556,521,443,518,520
244,1329,1330,1367,1292,1368,1140,1253,3038,1406,1405
245,754,792,829,790,830,868,982,791,755,2538
246,2626,2665,2666,2667,2942,2624,2548,2586,2587,2625
247,2996,1634,1633,2956,2013,1672,1631,2394,2088,2391
248,1250,1175,1212,1211,2581,1173,1254,1251,1137,1099
249,2286,2287,2283,2211,2328,2329,2403,998,2289,2325
250,1179,991,1028,2015,1294,1256,989,1293,1977,1027
251,1396,1434,1358,1663,3004,1395,1433,1131,1055,1625
252,874,1215,1214,1252,1213,873,912,1253,1291,1254
253,1291,1328,1022,1403,1365,1292,1327,1404,1366,1329
254,973,1277,1278,974,975,1010,972,1012,1276,1316
255,1009,1417,1427,2975,1160,1127,1201,1158,1122,1119
256,1254,1324,1288,1058,1253,1325,1364,1020,1250,1251
257,2480,2481,2562,2567,2607,2648,2606,2479,1347,2523
258,1049,1015,1391,1088,1084,1051,1085,1055,845,1164
259,873,912,874,340,950,342,263,379,377,418
260,1156,886,1194,617,858,1043,1695,1363,1158,1122
261,2474,2517,2518,2558,1146,1075,2477,2479,2519,2936
262,2261,1735,1772,1657,1697,2262,2223,2338,1110,2034
263,2102,2017,1979,2019,1794,2144,2021,1753,1790,1977
264,1368,1291,1364,1100,1403,1365,1363,1099,1366,1292
265,959,957,997,1032,958,768,1033,1719,1149,1228
266,587,556,521,520,656,622,658,621,553,592
267,603,565,607,646,3016,644,642,569,682,640
268,147,38,109,111,37,108,114,106,110,32
269,2684,2647,2646,2724,2687,2685,2722,2643,2682,2644
270,1028,2281,991,1939,1030,1031,2322,2360,2207,2282
271,2767,2728,2725,2729,2730,2768,2689,2691,2690,2693
272,988,2048,758,1025,2013,950,949,987,2050,2930
273,1923,1012,1885,1962,1016,1013,1965,2998,1048,1924
274,624,590,555,556,587,1414,2501,553,592,709
275,1939,2244,1978,2205,1979,1980,2129,2130,2131,2207
276,1978,2130,2131,2282,875,2016,2054,2093,1939,2244
277,640,338,335,2045,223,296,2882,336,2725,2007
278,595,783,752,784,602,715,640,750,597,636
279,3029,713,750,675,883,747,788,826,712,748
280,2532,1245,973,2527,1282,972,1316,1279,2493,2533
281,1020,1323,1361,1019,981,754,1058,1325,1172,1475
282,3030,874,2989,2944,1557,377,1974,418,1593,1897
283,237,286,362,324,864,364,365,784,783,275
284,1091,1130,1053,1052,1055,1054,1282,2994,1125,1131
285,2732,2655,2431,2389,2693,2617,2696,2698,2657,758
286,2532,1020,1130,2365,1298,1245,1172,1243,2963,2325
287,1077,2949,1116,1049,1081,1118,1080,1384,1156,1112
288,949,1025,1292,1022,988,1062,1023,1021,1063,1173
289,270,269,308,229,271,193,197,194,231,230
290,1939,2244,1978,2205,1979,1980,2129,2130,2131,2207
291,1735,1772,1733,1734,1693,1729,1695,1997,1996,1683
292,1153,1155,1151,1160,1466,1009,1120,1117,1159,1424
293,1035,1037,1001,1002,1038,2326,2327,2364,3015,1306
294,1031,951,991,1028,953,989,992,1068,1293,1027
295,1794,695,731,734,735,738,768,657,729,766
296,1343,1077,1151,1112,1613,1153,1043,1347,1113,1115
297,1181,1217,1180,1065,1255,1369,1219,1218,1256,1142
298,2956,1668,1671,1672,1634,1520,1670,1708,1709,1633
299,1054,1319,1013,1015,1321,1052,1082,1045,1092,1050
300,2389,2431,2543,2544,2353,2394,2352,2048,2617,683
301,2023,2104,2107,961,2064,2067,2068,2022,2102,2152
302,2299,2219,2257,1155,1113,1154,1150,2336,3007,1112
303,1140,1139,1174,1178,1135,1173,797,832,3014,1175
304,3016,644,570,608,646,493,491,532,492,377
305,2619,2659,2660,2198,2620,2276,2317,2278,2578,2616
306,2532,1130,1205,2967,1887,1125,2963,2962,1576,1472
307,2420,2382,1887,2193,2947,2998,2383,1735,1772,2345
308,263,417,341,494,418,377,380,379,455,529
309,1252,1215,1173,1214,1289,874,1326,1216,1211,1368
310,1270,1269,995,1003,1071,1108,1268,1228,1266,1033
311,1939,1978,2207,2282,2244,2167,2206,1445,1446,2205
312,414,417,341,380,416,418,377,415,379,263
313,1055,1361,1052,1319,1013,1323,982,1043,1045,1082
314,1026,1442,1441,1402,1439,1401,1406,1405,1362,1443
315,682,683,643,680,646,684,603,607,645,950
316,1205,1202,1238,1204,1203,900,2967,1240,1242,1236
317,764,689,2408,2987,685,687,724,762,765,726
318,1012,1048,1013,1354,1317,1009,1011,1046,970,1049
319,1923,1885,1962,1012,1016,1965,1924,1697,1048,1847
320,1064,1060,1022,988,1026,1097,1102,1063,1023,1021
321,1266,1268,1232,1234,1267,1304,3035,1231,1228,956
322,232,193,198,234,195,269,155,196,233,153
323,2592,2509,2548,2586,2593,2631,2551,2591,2630,2553
324,2693,2692,2655,683,2654,2695,2730,2732,2767,2696
325,1230,1226,1229,1189,1190,1149,1228,1201,2992,1266
326,2399,2400,2209,2363,2398,2990,2361,2438,2323,2401
327,1685,1678,1683,1686,1724,1726,1411,1679,1681,1687
328,1065,1294,1027,1332,1143,1141,1179,1142,1103,1104
329,1077,1690,1116,1653,1343,1049,1151,1123,1079,1080
330,417,418,377,379,263,340,378,414,454,456
331,1213,1252,874,1214,1215,1250,1254,1251,2943,1175
332,32,34,73,107,74,2933,71,38,109,111
333,1343,1011,1013,1347,1082,1045,1354,1317,1049,1349
334,2083,2385,2007,2045,2387,2044,2084,2347,2004,2156
335,2299,2338,2336,2301,2219,2257,884,2259,2339,1155
336,970,1009,1086,1083,1125,1048,1122,929,1124,1163
337,874,988,1709,1667,1705,873,2943,1704,912,1593
338,2260,2256,2252,2173,2179,2210,2254,2215,2136,2214
339,642,603,641,646,684,682,607,680,683,679
340,1861,988,1899,1558,1520,1823,1938,1140,340,950
341,991,1028,951,1027,2015,2244,1255,2016,2281,953
342,1413,1645,1684,1741,1778,1672,1378,1606,1609,1668
343,2221,1112,2256,1077,2218,2220,2260,1113,1683,2255
344,1402,1744,1746,1708,1367,1405,1784,1782,1748,1785
345,121,123,84,788,1130,711,595,786,159,122
346,874,988,873,912,986,949,987,340,950,342
347,1009,1049,1083,1086,1125,1055,1279,972,1316,1012
348,1783,1402,2163,1744,2090,2545,988,1746,2051,2048
349,374,335,417,263,340,378,411,3037,336,338
350,1035,1153,1150,2936,1306,1075,1151,1033,1149,1228
351,424,362,312,422,426,2792,384,387,2978,353
352,1130,3008,1077,1125,1120,1093,1359,1091,1052,2949
353,900,1277,1278,1130,1002,2967,1205,1239,1241,970
354,671,937,1012,633,709,631,595,977,974,975
355,675,709,1321,1130,2648,673,637,2565,1020,1054
356,1099,1060,1059,1363,1402,1136,1364,1098,1026,1367
357,1252,1292,1251,1329,988,1213,1290,1291,1214,1215
358,517,588,3033,656,583,617,443,518,550,552
359,1009,1245,749,2941,1013,1011,781,1020,1361,1052
360,1078,1114,1043,1012,1112,1152,1080,1077,1081,1118
361,517,588,3033,656,654,621,889,583,617,550
362,2693,2695,2730,2689,2733,2655,2770,2734,2729,2546
363,417,2935,418,377,263,489,342,340,453,303
364,263,340,2935,336,342,378,303,375,339,265
365,2732,2655,2545,2580,2693,2984,2696,2934,2502,2698
366,1012,1077,1112,1155,1043,1009,1019,1013,1110,1114
367,2097,1722,1986,1378,1873,1375,1418,1567,1603,1680
368,1682,1149,1189,1190,1683,1115,1150,1226,1188,1192
369,2731,1140,1178,2772,2767,2769,1102,2543,2938,2544
370,1173,1212,1211,1175,1250,1178,1174,1139,1215,1252
371,340,494,414,417,341,380,416,418,377,379
372,1065,1141,1331,1105,1103,1142,1143,1408,1106,1144
373,1420,1424,1386,1343,1423,1385,1345,1160,1466,1153
374,670,705,706,701,633,599,634,672,804,740
375,2102,925,2064,2030,2061,2104,2105,1794,2144,958
376,640,607,644,608,605,567,3016,646,569,645
377,414,417,375,416,418,377,415,380,341,413
378,437,438,164,3012,163,206,401,400,402,168
379,1125,1196,1079,1153,1159,1120,1049,1115,1162,1198
380,788,826,786,824,787,825,3029,783,784,859
381,973,1279,972,1316,1012,1009,974,975,1010,1005
382,38,37,114,75,28,36,32,34,73,107
383,1115,997,1032,1277,1278,1073,1033,1110,2936,1114
384,1213,1250,1175,1212,1216,1252,1173,1214,3014,1215
385,729,766,734,768,769,38,2937,32,34,736
386,741,403,777,882,709,2941,478,782,844,845
387,684,881,2938,645,988,682,380,683,882,341
388,1146,2936,1075,1150,1147,1070,1110,1109,1384,1073
389,263,184,265,227,226,2957,189,262,187,304
390,1145,1153,1183,1151,2171,1155,1130,1077,1380,1146
391,2124,2084,2049,2088,2086,2126,2046,1668,2089,2930
392,786,787,749,2941,824,823,785,783,781,784
393,1269,1305,1230,1226,1304,1229,1073,1032,1189,1190
394,3016,646,684,607,645,644,608,567,683,642
395,3030,1557,1823,1860,1252,1213,1972,1937,1976,1861
396,645,1253,683,1213,2657,1439,1212,1175,2938,1250
397,38,54,19,17,32,34,15,74,52,2937
398,1026,1063,1102,1025,1022,1064,1101,988,1062,1096
399,400,777,367,709,2604,780,743,741,364,365
400,1025,1402,1292,1022,988,1026,1062,1021,1329,1328
401,1243,901,1244,2994,938,940,1169,1276,902,2532
402,1861,2313,1899,1558,874,1823,1938,1975,2318,1972
403,670,769,806,807,741,633,773,808,809,810
404,2790,3028,2875,2791,2829,2831,2828,2835,2795,2834
405,1683,1155,1691,1152,1119,1157,1201,617,1810,1685
406,2320,762,913,951,2359,723,725,763,761,647
407,794,2770,760,757,718,720,755,2163,2545,988
408,61,138,127,60,54,49,88,57,59,403
409,523,517,481,443,405,589,159,475,595,161
410,934,929,1201,1205,1810,1167,1199,931,1203,1238
411,1038,1149,1228,1189,1190,1150,1226,884,1037,1304
412,529,570,568,492,494,531,491,493,608,489
413,1277,1278,1241,1239,970,2967,972,1276,1316,1279
414,1634,2996,950,1668,2956,1671,1672,2013,949,1022
415,2790,2968,2885,2926,2882,2884,2924,2917,2791,2847
416,154,157,196,158,120,156,197,192,194,162
417,836,835,798,759,1516,834,832,796,795,1895
418,1794,1887,2146,2147,2227,1038,2102,1924,1840,1533
419,38,28,36,2937,32,34,74,22,37,68
420,1113,1115,1152,1156,1111,1112,3007,1151,1114,1116
421,1063,1178,1367,1098,1025,1402,1292,1481,1022,1140
422,588,517,481,587,589,590,555,556,521,520
423,263,340,2935,414,417,342,378,303,265,379
424,2943,1558,755,1288,1629,1668,1744,760,831,1671
425,308,191,155,158,153,310,268,267,305,306
426,801,805,800,777,811,775,838,808,840,802
427,1065,1028,1294,1293,1027,2243,1255,1295,991,1787
428,1205,2967,2064,934,1241,1239,1204,1274,1237,1238
429,1709,1708,1748,1785,1786,1822,1671,1672,1706,1668
430,517,481,589,590,555,556,624,596,558,559
431,2619,912,873,2659,2660,2620,874,2694,2616,2697
432,862,828,864,896,861,827,899,3029,792,898
433,1748,1785,1786,1783,1744,1709,1746,1708,1824,1747
434,789,444,405,1984,1167,1205,1201,442,406,1911
435,1277,1278,1239,1241,1205,2967,969,1240,1242,1302
436,1009,1279,972,1316,1012,1013,1048,1273,1055,1277
437,1238,1203,1202,1204,1240,1242,935,2967,1236,1239
438,1229,1266,1268,1155,1167,1199,957,997,1227,1230
439,912,873,986,874,987,1249,872,950,910,871
440,265,304,266,302,263,303,225,264,227,299
441,2282,951,2243,2207,1939,2244,1978,2205,2320,953
442,1013,1011,1049,1050,1045,1047,1082,1120,1083,1086
443,1332,1217,1522,1255,991,1028,1029,1067,1333,1294
444,1214,1291,1022,1292,950,949,1402,1215,1252,1329
445,1245,1052,1738,1282,1661,1039,1358,1091,1700,1663
446,2407,2366,2369,2371,2409,2442,2447,2448,2367,2482
447,417,418,377,453,414,454,456,494,492,341
448,1254,1253,1215,1252,874,1214,1213,1250,1212,1251
449,1012,1354,1317,1078,1115,1279,972,1276,1316,1114
450,1146,1106,1282,1019,3004,1359,1108,1142,1103,1105
451,1027,1065,1295,1105,1103,1104,1142,1294,1296,1066
452,1213,1250,1175,1212,1216,1252,1173,1214,3014,1215
453,1367,1292,1328,1250,1254,1251,1405,1329,1330,1061
454,2408,2370,2328,2329,2366,2369,2371,2409,2255,2291
455,364,365,362,330,363,326,331,361,325,291
456,529,606,567,566,798,527,644,569,570,608
457,556,558,520,553,592,627,554,557,482,587
458,1331,1559,1446,2055,1106,1141,1065,1332,1561,1598
459,1358,1395,1323,1360,1052,1359,1091,1436,1319,1075
460,709,777,778,743,783,780,781,784,859,888
461,1013,709,749,2941,1011,786,2342,781,1962,1009
462,61,19,25,49,60,54,57,59,91,88
463,1661,843,1699,1662,1052,1243,1011,1738,1741,1091
464,2633,2630,2631,2632,2672,2592,2588,2589,2593,2629
465,178,298,139,177,254,253,259,260,103,140
466,685,726,686,687,724,727,689,723,725,990
467,1288,2943,1254,1253,2694,2732,2696,2617,2657,2619
468,1294,1028,2015,989,1293,1977,1141,1256,1065,1255
469,572,612,1792,1752,1753,1790,155,158,498,536
470,1028,1068,1030,1031,991,1029,2015,1331,1294,1218
471,1153,1152,1151,1119,1157,1159,1117,1155,1685,1427
472,1001,1040,2182,974,975,1037,1004,1794,2104,2105
473,1153,1306,1151,1125,1189,1190,1196,1149,1112,1077
474,3038,1364,1363,1401,1325,1251,1254,1362,1400,1368
475,1343,1347,1011,1385,1345,1079,1077,1014,1076,1116
476,995,2408,998,2407,1265,2370,960,2328,2329,2330
477,1718,843,1679,1681,1720,2952,842,844,891,859
478,1163,929,1160,1195,891,859,930,1198,927,928
479,2605,2560,2565,2598,2603,2642,2604,2567,2607,2648
480,849,848,846,880,884,889,845,886,888,852
481,788,826,824,820,891,786,783,781,784,859
482,2315,2317,2354,2316,2352,2353,2394,2989,2470,1632
483,377,418,417,454,456,570,379,455,568,415
484,1013,1009,1082,1045,1047,1050,1090,1394,1052,1048
485,1668,1671,1744,1746,1670,1708,1402,1443,1745,1782
486,896,1277,1278,1239,1241,973,820,928,969,1240
487,874,1249,872,910,871,909,873,912,1254,907
488,1194,1155,1189,1190,1119,1157,1149,1152,1162,1198
489,3030,2970,1633,1520,1558,1556,1555,1557,1594,2944
490,572,537,535,533,495,610,573,536,539,571
491,1024,1023,1062,1022,1064,1060,1025,984,987,1021
492,375,263,340,378,380,414,417,412,2935,376
493,807,773,808,810,774,804,805,769,845,802
494,1144,1065,1103,1142,1105,1181,1107,1145,1146,1141
495,957,997,1685,959,958,1230,995,1683,1686,1724
496,561,597,636,598,562,599,595,634,630,664
497,1028,1030,1031,2323,951,992,1068,1298,993,1297
498,2790,3028,2875,2791,2885,2835,2829,2831,2795,2834
499,1012,1078,1114,2936,1075,968,1156,1152,1111,1043
500,1009,1279,972,1316,1012,1309,1048,1273,1120,1312
501,1009,1013,1011,1125,1279,972,1316,1012,1082,1045
502,75,38,114,302,71,266,74,2933,37,107
503,504,542,2958,463,431,505,433,502,500,503
504,1292,1291,1329,1025,417,1022,1330,1402,1328,341
505,2381,2342,2380,2341,2336,1697,2262,2038,2223,2260
506,1364,1060,1363,1022,1669,1023,1021,3038,1401,1291
507,1109,1148,1689,1153,1147,1075,1383,2936,1146,1150
508,1040,1032,1004,1304,1308,1277,1278,1269,1298,1033
509,993,994,996,956,1261,1222,995,2370,2209,2246
510,239,242,201,240,276,280,241,237,1009,1199
511,358,1125,359,1131,1432,2445,2967,1133,2405,1130
512,806,807,846,844,737,773,808,809,810,843
513,2015,1977,498,2016,723,725,990,1028,1787,1788
514,1125,1163,1013,1129,1011,1130,1082,1045,1047,1049
515,2434,2395,1939,2244,2130,2207,2437,2322,2360,2396
516,120,197,122,196,159,162,157,117,153,158
517,2941,785,786,783,781,784,1011,787,752,821
518,603,2996,642,682,1596,3030,646,684,1634,643
519,263,342,340,414,417,341,380,2935,416,418
520,612,536,574,650,572,614,537,497,535,498
521,1055,1054,1093,1052,1015,1053,1130,1092,1358,1017
522,2728,2769,2690,849,2598,2766,2729,1076,2600,2773
523,162,888,164,3012,158,846,853,889,163,881
524,1065,1141,1179,1218,1181,1217,1180,1255,1294,1142
525,646,684,2935,3016,377,416,418,415,303,340
526,1009,1122,1124,1128,1049,1093,1089,1126,1083,1087
527,995,2330,1188,1186,2992,1201,1265,1000,1155,1110
528,2957,227,226,189,262,187,304,148,300,151
529,1130,1196,1224,1115,1185,1417,1114,1188,1186,1194
530,400,510,402,401,476,404,509,440,548,438
531,1009,1115,1109,1073,1279,972,1316,1012,1114,2936
532,1205,1238,1203,1202,1204,1240,1242,963,965,2967
533,401,476,400,403,475,438,367,478,510,364
534,1109,1384,1380,1077,2408,2936,1075,1116,1383,1343
535,1019,1361,1120,1323,1058,1020,1291,1364,1475,1213
536,384,343,382,422,460,347,310,346,2978,421
537,1130,1013,1120,1052,1321,1054,1083,1093,1090,1394
538,917,878,913,879,2960,875,2054,2093,880,837
539,2404,2367,2940,2366,2369,2371,2403,2409,2493,2533
540,3004,1284,1282,939,978,1280,1018,1358,1283,1360
541,1597,1901,1635,1865,1636,1940,2960,1902,1904,1863
542,1106,1446,1105,1141,1103,1104,1143,1142,1218,1673
543,2902,2911,2953,2817,2779,2920,2813,2815,2826,2851
544,1106,1114,1179,1141,1081,1118,1080,1142,1146,1103
545,110,76,75,73,107,147,2933,71,152,38
546,958,1216,728,731,956,2405,2440,959,1795,3014
547,237,273,312,310,346,238,199,236,311,275
548,2989,2944,1557,1593,377,418,1630,873,948,912
549,2711,2843,2713,2753,2797,2836,2714,2755,2757,2750
550,599,597,636,670,672,634,564,602,633,640
551,1229,1266,1268,1199,957,997,1227,1230,1226,1267
552,2996,1634,684,988,1709,1631,1671,1672,1706,1668
553,752,790,982,789,751,754,792,868,677,791
554,2927,870,1210,1861,2312,1177,1856,1515,1897,1934
555,1120,1114,1115,1079,1080,1077,1081,1118,1151,811
556,988,1778,1741,758,982,757,983,984,760,1744
557,1202,1204,1238,1203,1240,1242,2967,1236,934,1241
558,2992,1262,1229,1494,2330,1191,1201,1225,1266,1268
559,1319,1320,1280,1055,1356,1315,1353,1354,1317,1357
560,2935,184,342,340,263,303,189,262,226,301
561,3028,2790,2875,2828,2884,2918,2829,2911,2831,2914
562,1109,1916,2936,1075,1721,1763,1873,1495,1108,1111
563,1016,1012,900,979,937,865,2451,1093,2489,938
564,2680,2681,2759,2721,2641,2643,2678,2682,2645,2639
565,642,603,1253,1438,1215,1399,1021,1059,1325,646
566,646,3016,644,607,608,603,642,567,684,605
567,2356,1098,1178,1367,2313,1299,3005,1140,1292,1101
568,2921,2920,2968,2826,2854,2855,2888,2889,2890,2892
569,1141,1179,1408,1181,1106,1180,1369,1143,1147,1142
570,1402,1744,1746,1783,1708,1743,1748,1785,1786,1784
571,38,54,23,28,36,32,34,74,10,2937
572,367,404,602,599,676,678,639,2650,564,2321
573,443,517,514,550,588,442,515,516,513,477
574,1304,1228,963,1034,1226,1266,1268,1230,1232,1269
575,2376,2605,974,975,2567,2606,2607,2604,2642,2603
576,1213,2943,1591,874,1253,2944,1212,1175,1288,683
577,891,741,778,859,892,789,779,1011,587,609
578,1140,796,1823,797,798,1178,760,757,988,1861
579,803,800,763,801,726,685,687,724,764,802
580,884,881,920,1112,1155,1153,1077,813,843,847
581,1009,972,1316,1012,1279,1048,1011,1046,1273,1050
582,1131,2345,2458,1055,1358,1092,2003,1093,1053,2382
583,2679,2720,2759,2674,2675,2716,2717,2637,2678,2638
584,1299,1527,1529,1528,1293,1301,1336,1489,1490,1565
585,579,544,542,2958,509,580,475,500,503,539
586,86,61,91,190,57,59,228,113,186,41
587,2597,2939,2679,2601,2559,2680,2681,2636,2638,2637
588,1013,1130,2941,1052,1045,1047,1050,1082,1086,1083
589,2752,2751,2791,2711,2794,2792,2835,2665,2666,2667
590,1250,2944,1516,2943,1212,1175,1558,835,1895,798
591,2298,1077,2256,2518,2221,1072,1043,2949,1116,2218
592,879,837,876,723,725,1030,1031,839,878,951
593,2598,2600,2560,2687,2523,2601,2524,2605,2603,2642
594,182,218,256,1931,2614,2651,2691,1903,2652,2236
595,1032,1277,1278,1033,1078,1304,1114,2967,1194,1239
596,1408,1446,1370,1141,1144,1143,1142,1103,1104,1407
597,2650,2474,2533,981,2574,2488,2572,2575,2448,939
598,1072,1878,1342,1073,1039,1338,1835,1874,2988,1042
599,934,1243,1207,1208,2994,523,1283,1244,931,1239
600,1277,1278,900,904,866,1243,940,970,1279,972
601,720,684,645,722,760,757,2394,683,756,719
602,1150,1189,1190,1149,1111,1148,3007,1155,1186,1192
603,897,898,899,970,861,894,896,858,929,934
604,965,1239,1241,2967,1308,1240,1242,969,1269,967
605,995,3035,1270,1306,1271,994,996,997,1032,1266
606,75,73,107,2933,71,38,37,109,111,112
607,1028,2015,2282,1977,951,2243,2320,2016,2281,991
608,2835,2791,2875,2790,2795,2834,2876,2751,2841,2873
609,763,764,723,725,687,762,765,803,801,800
610,670,595,633,519,701,705,706,92,443,521
611,1173,870,1210,1177,832,1211,1212,1175,835,836
612,774,804,807,733,802,773,808,810,769,772
613,2885,2884,2919,2845,2883,2886,2847,2790,2968,2841
614,2684,2647,2646,2685,2722,2566,2724,2643,2682,2644
615,379,416,418,377,415,492,532,341,491,493
616,1245,1279,972,1316,1012,940,938,1003,1288,1282
617,1276,1277,1278,900,2967,1241,1239,973,1205,938
618,1188,1192,1186,1148,1149,1189,1190,1109,1384,1187
619,798,832,796,760,489,529,757,934,488,794
620,1055,1130,1663,1052,1245,1115,1054,1114,1056,813
621,2605,1012,2567,2607,2606,2565,2568,2608,2526,2530
622,2952,1402,881,1405,1682,1367,1783,1413,1645,1683
623,2180,2181,1438,2273,2275,1172,1021,2141,2277,1025
624,709,708,671,742,741,778,743,780,739,744
625,523,526,754,564,981,602,906,259,640,982
626,1201,1431,1012,1159,1427,1199,1238,1202,1204,1009
627,1252,1253,1214,1215,1254,1251,949,2943,1213,1290
628,988,1022,1292,1020,1026,1330,1177,1291,1364,1025
629,1292,1330,1400,1324,1289,1326,1325,1291,1362,1364
630,873,912,874,911,986,988,1215,948,947,1214
631,1748,1785,1786,1444,1708,1744,1709,1746,1747,1402
632,1002,1130,1015,1009,1086,1125,1083,1049,1279,972
633,1106,1065,1105,1103,1104,1141,1068,1069,1146,1142
634,862,827,864,970,938,523,1207,861,1245,863
635,514,475,547,515,516,512,513,477,478,3017
636,41,53,78,80,81,1,39,44,46,89
637,263,567,988,606,342,644,340,569,722,950
638,442,514,444,405,475,443,547,515,516,512
639,1025,948,947,1062,984,949,987,1022,1289,1326
640,491,568,417,490,530,569,489,529,570,757
641,1026,1022,758,1064,1024,1025,1364,1021,1327,987
642,1402,1329,1292,1330,1026,1440,1291,1405,1367,1406
643,1055,1131,1093,1436,1092,1130,1245,3004,1056,1361
644,1055,1019,1015,1052,1321,1092,1053,1020,1011,3004
645,794,796,2086,793,2165,2950,2127,2166,2203,720
646,1879,1881,1922,1920,2253,1878,1697,1923,1885,1962
647,1214,1216,1327,1252,1213,2989,1215,1288,1254,1251
648,1022,1019,1364,982,1021,1023,1327,1020,1399,1366
649,1709,1746,1747,2943,1745,1782,1819,1820,1558,2048
650,1077,1112,1378,1075,2936,1114,1116,1049,1110,1113
651,874,1254,1253,873,912,2943,1288,1291,1215,872
652,458,539,459,500,425,462,2516,2551,460,537
653,2201,2237,2204,1899,1896,2238,2239,2584,1819,2544
654,367,298,404,370,335,331,259,412,260,369
655,1144,1146,1106,1183,2936,1075,1220,1109,1345,1384
656,595,630,664,596,559,666,702,670,667,669
657,1253,874,1254,1215,1214,873,912,1252,1213,1593
658,2601,1994,1912,2212,2521,2643,2682,2645,826,3029
659,46,89,49,259,162,298,84,55,48,253
660,633,1302,670,740,703,701,705,706,668,1239
661,1012,1048,1013,1354,1317,1011,1046,970,1009,1083
662,1120,1009,1279,972,1316,1012,1049,1309,1079,1312
663,1064,1022,1026,1021,1023,1063,1102,1291,1328,1364
664,153,572,533,610,155,571,611,156,193,535
665,1153,1151,1155,1113,1115,1154,1150,1420,1077,1431
666,874,1214,1215,950,873,912,911,1249,909,1291
667,889,886,888,850,846,853,884,883,2727,849
668,874,873,912,1215,1214,1249,1252,909,1213,2943
669,1364,1026,1064,1060,1022,1363,1021,1023,1099,1063
670,1011,1013,1354,1317,1049,1050,1047,1045,1082,1343
671,881,756,880,884,2213,1743,2464,2085,794,2123
672,1249,909,945,948,947,1215,1214,1289,1326,1328
673,993,953,989,992,2245,951,2207,2282,2244,952
674,367,544,172,366,133,286,400,401,476,324
675,683,645,680,646,684,719,2693,794,2938,2655
676,3030,1557,1252,2970,1558,1596,1935,1976,1972,1937
677,1685,956,1682,1683,1686,1724,2947,1149,1954,1189
678,2767,2728,2768,2730,2689,2546,2729,2938,2762,2505
679,1216,1212,1175,1250,1330,3014,2943,1173,1292,1213
680,2048,986,1744,1668,1671,988,984,2124,874,2989
681,1026,1136,3014,1175,1212,1330,1439,1368,1099,1216
682,958,959,925,960,1240,1242,1205,957,997,998
683,2949,2936,1343,1075,1150,1077,1109,1345,1384,1073
684,977,3029,976,789,974,975,900,939,978,1053
685,2680,2681,2759,2641,2645,2678,2682,2683,2723,2685
686,847,886,883,843,817,813,881,887,853,884
687,1009,1279,972,1316,1012,1013,1048,1273,1277,1278
688,1361,1475,1323,1247,2932,1133,1020,2963,1019,1058
689,414,417,416,418,377,415,263,452,378,379
690,2102,2313,1558,2277,342,2314,2276,874,1823,2318
691,1250,1175,1212,1211,1216,1213,1176,1173,1214,1139
692,1177,1173,1174,1139,836,874,835,1211,1212,1175
693,162,164,3012,253,163,404,120,437,121,123
694,588,443,407,409,484,442,406,550,523,517
695,2405,2366,2369,2371,2403,2409,2442,1000,1001,1038
696,38,28,36,32,34,74,2937,22,114,35
697,2004,1963,1776,2947,1774,2998,1245,1657,1697,2001
698,1052,1015,3004,1055,1283,1358,675,714,1053,1092
699,162,248,249,209,164,3012,163,324,362,237
700,714,675,750,749,438,679,718,850,677,713
701,2219,1687,2036,2039,1994,2038,1995,2299,1686,1724
702,1291,1328,1214,1292,1368,1252,1327,1406,1405,1329
703,2086,2470,874,2013,2956,2930,1671,1672,2124,3030
704,1245,1279,972,1316,1012,974,975,940,938,1277
705,997,959,1264,1802,995,1225,1268,1266,957,994
706,898,897,1245,827,863,862,900,523,1513,899
707,2603,2642,2598,2643,2682,2645,2684,2602,2565,2600
708,115,19,158,889,125,162,25,596,559,595
709,1130,1129,1163,1128,1198,1090,1394,1083,1086,1161
710,2172,2171,2173,2210,2217,2254,2252,2170,2341,2259
711,679,988,718,2124,2160,2083,982,2387,2425,719
712,1682,1748,1785,1786,2013,1783,2956,1671,1672,2010
713,414,417,263,340,378,416,418,377,379,415
714,35,68,74,32,34,60,38,31,72,114
715,38,75,28,36,69,32,34,73,107,74
716,646,607,603,642,684,3016,605,644,569,645
717,1447,1939,2244,951,1445,1446,1675,1978,2205,1715
718,578,612,614,539,957,616,460,537,878,959
719,597,598,666,702,595,634,599,672,561,445
720,651,688,690,653,654,647,649,658,686,619
721,38,32,34,74,35,114,68,37,73,107
722,2382,2384,2420,2383,1433,2947,1776,1700,1395,1774
723,310,346,198,234,3031,3010,307,233,199,236
724,2130,1408,2434,839,2168,838,1369,2129,2395,2439
725,1175,1212,1250,1173,1213,1252,1140,1216,2943,1253
726,1195,1308,1269,1304,1277,1278,1228,1032,970,1003
727,1028,2015,1977,991,1787,1788,1789,2016,1293,1790
728,2956,2013,1672,2088,1748,1785,1786,1822,1634,2048
729,80,77,79,118,81,2103,2928,41,156,78
730,2992,1265,1160,1763,995,1155,1260,1077,1154,1262
731,798,341,835,874,836,795,1249,340,909,342
732,2315,2316,2354,2317,2318,2353,2394,1937,1972,1976
733,1001,1038,1037,1032,836,1177,1277,1278,578,835
734,1367,1022,1292,1402,1025,1140,1329,1026,1021,1330
735,927,3035,929,966,2967,934,1241,1239,2456,2940
736,2832,2830,2748,2795,2834,2793,2711,1273,1009,2838
737,2079,2118,2169,2078,2080,2217,2254,2178,2213,1905
738,1243,866,827,2994,1206,864,898,897,1208,896
739,457,498,3011,497,761,419,496,3024,423,800
740,751,2684,2565,713,2648,3029,858,2603,2647,2642
741,46,94,53,58,19,56,57,59,98,89
742,1038,1840,1037,995,1794,1880,997,998,1032,1838
743,263,340,2935,414,417,342,378,303,379,265
744,1009,1279,972,1316,1012,1048,1011,1046,1273,1082
745,117,80,77,79,115,118,88,688,156,1757
746,177,139,443,253,259,523,140,141,88,295
747,2475,2478,2476,2439,2472,1373,1412,2477,2479,2514
748,1054,1055,1132,1017,1093,1016,1053,1130,1020,1019
749,1250,2659,2660,1821,796,2619,1824,2970,1516,2313
750,1634,2013,950,2956,949,1668,2996,1671,1672,2088
751,1076,1043,1315,1011,1156,1080,1077,1081,1118,1078
752,1191,1192,1230,1424,2258,2949,2179,2216,1420,2979
753,2941,1663,781,891,790,1738,1701,714,789,745
754,685,687,723,725,763,801,647,800,838,913
755,1009,1310,1013,1277,1278,1052,1054,1321,1083,1086
756,2759,2680,2681,2643,2682,2645,2718,2603,2679,2642
757,874,988,873,912,646,2943,985,986,949,987
758,1254,1251,1252,1290,2467,2469,1328,1327,3038,2086
759,1477,1439,1176,1135,1518,794,1480,1250,1254,1591
760,416,418,377,415,414,417,454,456,874,379
761,2163,2203,2090,2127,2166,1783,2089,2930,988,2162
762,400,438,440,401,476,402,403,363,367,478
763,1887,1926,2018,2233,2057,2269,2532,2146,2147,1888
764,782,680,985,1291,1058,781,1364,983,984,949
765,1668,1634,2048,2052,2011,2051,2086,1670,1744,2013
766,1266,1268,1192,1230,1267,1304,1231,958,1189,1190
767,1277,1278,970,967,929,2187,965,1083,1086,1279
768,937,2253,2347,1280,1315,974,975,2387,982,981
769,2102,1794,2144,2064,2405,2061,2104,2105,2030,958
770,1711,1939,1713,1749,1750,1751,1483,1484,1522,1673
771,1251,1250,1254,1367,1136,1176,1252,1290,1443,1140
772,1735,1772,2338,1683,1438,1431,2947,2301,1440,1196
773,988,950,949,1025,985,1062,1061,1022,1292,682
774,615,650,613,688,616,652,588,577,649,578
775,1634,2086,1671,1672,1668,2124,2930,950,2956,2013
776,162,122,120,121,123,125,157,156,193,197
777,2930,2429,2467,2466,3006,2469,2086,2470,2389,2427
778,609,533,610,573,497,2016,496,2206,571,611
779,1032,2104,956,1070,1977,2030,959,1795,2102,1939
780,1328,1250,1254,1251,2970,1327,1099,1213,1290,1252
781,2256,2517,2518,2558,2218,2220,2260,2104,1917,2255
782,1131,1321,1091,1092,1130,888,120,597,1128,1058
783,2800,2718,2719,2761,2751,2982,2754,2674,2675,2716
784,1282,2994,1207,1283,1003,1243,1235,1237,1274,1246
785,416,418,377,415,2935,263,342,340,303,414
786,1037,2405,1001,1038,2326,2327,2364,3015,1033,2366
787,1114,2936,1075,1110,2949,1152,1111,1112,3007,1077
788,1026,1099,1097,1063,1102,757,1136,1098,1367,1059
789,38,110,114,37,75,76,107,147,73,74
790,1011,1013,1623,1661,1052,1082,1049,1045,1050,1047
791,1367,1744,1783,988,1746,1402,1708,758,1140,1748
792,2730,2767,2618,529,570,2729,569,2579,2581,719
793,1028,1030,1031,991,2015,1294,951,953,989,992
794,2474,2493,2533,2531,2570,2571,2451,2491,2488,2572
795,1047,1050,1045,1082,1086,1083,1048,1353,1120,1079
796,841,842,886,879,839,878,813,880,875,2475
797,2009,2010,2050,1667,2047,1705,1704,985,2051,2086
798,1288,1596,1249,872,1254,1251,910,871,909,1630
799,1713,1940,1978,2960,1749,1750,1751,1825,1826,1673
800,1299,1269,1301,1032,1304,1034,1038,1302,1303,1527
801,1156,1152,1009,1158,1124,1122,1114,1113,1115,1155
802,1367,1405,1329,1061,1137,1330,1099,3038,1059,1178
803,783,781,784,821,819,816,782,896,894,820
804,684,682,643,646,644,950,607,645,2013,2393
805,1279,972,1316,1315,1011,1277,1278,1009,1082,1045
806,790,756,755,791,488,794,718,679,796,981
807,1012,1013,1205,1128,1048,1160,2967,1083,1086,935
808,2543,2938,794,2544,757,760,720,2545,755,756
809,1251,1671,1252,1708,1290,2989,874,1632,1478,1215
810,1042,1344,1072,2949,1342,1003,1307,1070,1273,1073
811,682,2996,1629,1401,2431,949,1364,1022,1631,1363
812,441,479,2973,212,440,206,291,439,173,550
813,880,2213,2169,2475,1877,2476,1905,2078,2141,2041
814,1298,1489,1261,1299,3005,1218,991,1028,1297,917
815,1277,1278,1279,972,1276,1316,1012,1003,1273,2967
816,2792,2919,2822,2917,2751,2795,2834,2826,2911,2838
817,1201,1205,1167,1229,1238,1203,1202,1204,1240,1242
818,2269,2345,2307,2383,2346,2384,2343,2308,2187,2422
819,705,706,701,1009,667,669,670,703,740,631
820,934,1125,1129,896,1167,1199,1201,1205,824,3029
821,781,784,783,1962,819,821,2381,745,785,786
822,684,682,683,680,719,646,643,641,950,949
823,2943,1744,988,1667,1747,1705,1858,2619,1593,1630
824,497,533,610,457,3011,572,571,611,421,609
825,874,873,912,950,1215,1249,872,910,871,909
826,1073,1315,1353,1114,2936,1075,1011,1352,1343,1041
827,1005,1006,1275,1010,938,1003,1040,1044,1346,1273
828,1668,1251,1627,2989,1632,1557,1252,948,947,1290
829,670,896,864,2498,709,2532,633,1587,1277,1278
830,1255,1296,2281,1217,1256,1219,2205,1294,1257,951
831,1962,1735,1772,1848,1771,1583,1809,1849,1804,1805
832,958,920,846,884,889,918,919,956,1914,1149
833,1069,1445,2167,1447,1723,1763,991,1067,1725,1448
834,646,644,569,607,263,570,608,567,603,606
835,1370,1407,1219,1218,1445,1181,1217,1255,1180,1369
836,990,1673,1711,1712,1749,1750,1940,1978,1713,952
837,2680,2681,2604,2642,2646,2759,2603,2647,2721,2641
838,692,960,654,696,923,961,624,658,998,2289
839,555,590,589,626,587,588,517,481,480,554
840,1288,2944,796,1250,1254,2657,2619,834,910,871
841,2790,2875,2791,2795,2834,2876,2835,3028,2830,2841
842,824,826,787,825,864,3029,862,709,896,789
843,1290,1634,1670,1362,1367,1291,949,987,1098,950
844,1245,1243,2532,1282,2994,1207,2307,1280,1281,940
845,1716,1108,995,1715,1979,1980,1828,994,996,1760
846,891,2338,1196,850,2219,2257,813,2301,2378,853
847,1213,1404,1439,1366,1403,1365,1327,1216,3038,1250
848,841,879,880,881,917,2020,839,840,878,1982
849,1012,1354,1317,1275,1315,1048,1353,1311,937,1011
850,2967,1205,1239,1241,967,1168,1203,1235,1238,1237
851,1009,1013,1130,1160,1128,1083,1086,1125,1082,2941
852,1283,1282,1246,1280,1284,3004,1322,714,1360,1359
853,2791,2781,2665,2666,2667,2669,2623,2663,2704,2794
854,589,618,2965,617,624,620,556,520,445,654
855,1978,1939,2016,1940,2960,2092,1902,1979,1980,2130
856,1666,1667,1705,1704,1742,1325,1291,1021,1709,1630
857,1250,1211,1249,909,1063,1213,1173,1139,1174,1215
858,1328,2431,2620,2468,2505,2507,2124,2508,2506,1327
859,1055,1058,1019,1092,1361,1057,1020,1131,1115,1132
860,831,907,908,869,832,835,874,1248,836,1286
861,2560,2567,2607,2606,2600,2523,2524,2559,2605,2566
862,991,1028,2015,1901,1179,1977,1940,2960,952,1255
863,425,537,499,463,461,501,462,464,465,459
864,1292,1329,1291,988,1367,1364,1330,684,1253,3038
865,343,382,497,3011,421,2055,878,913,381,420
866,3001,1858,2239,2199,2313,2622,2201,2237,1861,2240
867,1214,1630,3030,1252,2989,874,1632,1213,1634,1215
868,1106,1144,1103,1104,1105,1142,1143,1141,1146,1179
869,403,172,478,786,364,210,365,286,400,362
870,2313,2240,2279,1821,2278,2280,2277,1824,2239,1823
871,3038,1405,1367,1631,1290,1402,1292,1443,1440,1099
872,605,608,644,567,3016,646,607,565,642,603
873,2952,1115,1155,1413,1645,1683,1684,1686,1114,1120
874,835,836,1250,1211,832,796,874,1249,798,872
875,1213,1368,2943,1327,1216,1288,1175,1212,1253,1250
876,2689,2772,2767,2806,2728,2731,2764,2810,2938,2725
877,529,414,417,494,492,532,341,491,3016,451
878,1219,1257,1217,1370,1221,1255,1256,1218,1141,1104
879,589,556,520,445,620,553,592,554,517,483
880,54,32,10,2976,2937,38,68,35,28,36
881,886,883,846,884,889,619,843,847,881,957
882,2989,1593,1974,1897,1934,1630,2944,1557,2048,1858
883,178,139,177,216,217,259,215,213,251,214
884,485,661,662,523,624,556,558,520,526,654
885,1175,1212,1250,1173,1140,1213,1252,1216,1139,1253
886,1938,798,1861,2240,2279,1936,1897,1934,2316,2313
887,1277,1278,1037,1000,1001,1038,1074,974,975,1924
888,1384,1075,2936,1116,1110,1346,1078,2219,2257,1354
889,588,618,2965,617,3033,551,517,483,446,481
890,2273,1213,1216,1779,1292,2313,2927,1893,1818,1212
891,1129,1163,1009,1130,1167,1013,1199,1128,1160,1201
892,793,796,1744,1063,988,1783,949,987,1668,2583
893,993,994,996,1760,1800,992,1488,1753,1755,1759
894,38,114,37,75,74,2933,28,36,71,107
895,529,453,528,566,489,570,488,452,568,606
896,2088,646,684,3016,2938,2470,2956,644,1668,2013
897,184,187,189,262,304,226,227,2957,151,266
898,892,887,825,891,826,857,859,860,853,823
899,2586,2587,2624,2548,2551,2626,2942,2592,2547,2588
900,1245,1277,1278,1243,1280,1281,1247,1282,2994,1475
901,197,196,157,158,153,117,845,120,156,193
902,785,1086,1083,781,784,783,1049,1125,1122,1697
903,1269,1277,1278,958,2967,1239,1241,1583,997,1032
904,156,115,155,158,154,193,197,162,157,117
905,832,1135,1134,870,1210,1137,869,907,908,1211
906,1254,1251,1252,1290,3038,1253,1288,874,1250,1215
907,716,981,985,680,988,1025,983,984,949,987
908,2947,1777,2219,1735,1772,1192,1994,1230,2157,1815
909,2968,2921,2813,2815,2902,2911,2953,2826,2854,2855
910,948,947,1936,1897,1934,2316,646,684,1858,2048
911,1358,1323,3004,1052,1020,1055,1319,1361,1281,1357
912,1016,903,979,2154,2571,2267,940,938,2229,2533
913,212,133,172,213,175,207,211,249,139,173
914,517,656,588,481,587,589,624,590,555,556
915,1683,1685,2952,1150,1413,1645,1684,1686,1724,1682
916,2496,2534,2498,2370,1890,2494,2495,2535,2536,2286
917,682,643,680,684,641,607,645,949,988,603
918,2007,982,3037,2654,564,2650,2045,754,602,2083
919,536,571,574,611,535,533,537,495,610,534
920,417,414,341,380,377,416,418,415,379,378
921,813,777,739,814,741,778,1011,743,780,1043
922,306,307,308,233,269,271,437,346,268,305
923,886,884,848,883,885,2176,2180,2181,788,881
924,2790,3028,2875,2920,2919,2791,2917,2885,2829,2828
925,1669,1364,1405,1401,1668,1671,1706,1402,1363,1443
926,759,528,797,795,798,603,642,948,947,455
927,1149,1228,1189,1190,1150,1226,1188,1192,1186,1194
928,1277,1278,1086,1083,972,1276,1316,1012,1279,2967
929,1025,1022,1026,1440,1062,1021,1405,1023,1063,1364
930,74,32,34,38,110,114,35,68,37,71
931,1196,1011,1125,1012,1082,1045,1049,1050,1047,1009
932,2023,2022,1984,2171,2173,2210,1717,1719,2060,2062
933,579,499,425,462,537,500,503,467,536,539
934,1011,1114,1112,1567,1603,1607,1610,1682,1152,1082
935,1860,1862,1900,1520,1899,1824,1823,1859,1898,2240
936,32,34,74,38,37,68,35,114,66,28
937,1039,1076,1315,1042,1013,1011,1072,1043,2949,1279
938,1923,1012,1886,1965,1809,1846,1615,1620,1885,1962
939,2996,2956,1671,1672,3006,1631,1634,1710,1520,1708
940,1009,1055,1013,1205,1048,1128,1273,2967,1282,1049
941,310,312,422,460,425,462,346,384,2978,347
942,450,1783,529,452,528,2090,526,2504,488,451
943,1364,3038,1292,1330,1368,1363,1406,1405,1291,1325
944,967,928,925,1000,1001,1002,1038,1040,960,966
945,1608,1606,1609,1192,1149,1189,1190,1384,1077,2180
946,949,950,911,985,988,873,912,948,947,1253
947,1249,909,986,1251,1557,1215,874,984,987,1022
948,796,1137,1062,1061,1176,1172,1136,1178,1138,1367
949,1149,1685,2219,1189,1190,1994,1150,1226,1188,1192
950,1354,1317,1048,1011,1046,1077,1123,1012,1343,1078
951,2319,2359,2320,2358,2959,2281,2357,2321,2322,2360
952,1205,2967,1130,1125,1277,1278,1236,1129,1163,1238
953,2086,1671,2049,2047,1708,3038,2052,1710,2011,2051
954,1159,888,1198,1125,1162,1161,852,1194,889,1420
955,2791,2790,2835,2749,2793,2794,2925,2813,2815,2751
956,1279,972,1316,1012,1273,971,1007,1354,973,1008
957,1001,1002,1037,729,766,733,1074,1279,972,1316
958,1214,1252,1213,1216,1140,1212,1175,1251,1482,1178
959,955,956,959,951,2246,953,992,993,995,2244
960,1902,1673,1711,1712,1939,2016,1901,1636,1940,1978
961,874,1252,873,912,2943,1253,950,1288,1254,1251
962,311,364,327,365,295,330,366,331,259,523
963,1228,2949,1226,997,1032,1533,958,1073,995,1340
964,1358,1131,1052,1130,1125,1397,1090,1394,1128,1049
965,1668,1671,1708,2011,1634,2048,2052,2051,1631,2086
966,588,584,620,3033,551,652,618,615,2965,621
967,2719,2756,2683,2723,2633,2712,2630,2751,2754,2753
968,1191,1186,1192,1188,1383,1994,1189,1190,1149,1148
969,1147,1109,1144,1106,1148,1188,1186,2936,1075,1146
970,840,803,841,801,842,838,763,839,880,765
971,1292,1194,1097,1329,1063,1099,988,1119,1157,1402
972,911,874,909,1249,950,949,1215,1214,947,945
973,2088,2013,949,2089,1900,2317,1861,1936,642,948
974,778,816,709,812,1431,2258,815,813,811,850
975,1634,2996,2956,1668,1671,1672,1631,1632,1520,1670
976,1708,1744,1746,1402,1367,1783,1668,1671,1706,1443
977,2013,2351,2390,2428,2012,2014,1634,2052,1520,2051
978,874,873,912,1215,1249,909,950,988,911,986
979,3030,1860,1823,1520,1824,1556,1557,1936,1897,1934
980,2258,2347,2461,1663,2041,2179,2156,2382,1739,2420
981,1917,2180,2181,2256,1991,2116,1963,2305,1879,1916
982,529,570,569,798,566,567,606,568,605,607
983,2256,2260,2180,2181,1685,2173,2179,2210,2219,2254
984,1037,1001,1038,2326,2327,2364,3015,1033,1840,2366
985,3025,1055,1053,1019,1093,3004,1056,1054,1094,1018
986,2124,2163,2950,2162,2128,2508,529,2505,2507,2934
987,384,2978,343,382,422,424,381,420,457,305
988,164,3012,163,437,158,153,192,154,161,162
989,843,881,880,884,886,847,920,841,879,883
990,512,367,479,442,408,406,550,476,588,403
991,2616,2541,2694,2539,2620,2579,2540,1249,909,835
992,1248,1283,1286,940,867,942,906,1282,868,1245
993,49,46,19,48,55,53,58,2928,44,5
994,988,2124,2046,2163,2048,2086,2426,2047,2084,2502
995,675,749,1015,3004,1245,1055,1054,747,748,1020
996,1149,1189,1190,2170,1188,1192,1186,1905,1220,1147
997,1940,2960,1903,1713,1865,1447,1635,1901,1749,1750
998,2247,956,2209,2246,2244,2248,2249,2251,2022,2172
999,1683,1735,1772,1720,1722,2952,1691,1771,1685,2219
1000,2313,2318,342,1861,2356,1558,1899,1821,2280,341
1001,571,611,878,572,533,610,457,837,876,801
1002,417,418,377,379,263,340,378,414,454,456
1003,2281,2320,2319,2282,1028,2358,2016,2283,2321,2322
1004,1980,991,2017,2018,2019,2020,2023,2057,1979,2207
1005,759,948,947,985,986,831,949,987,2393,983
1006,273,312,310,346,348,311,275,2630,278,3032
1007,830,829,793,2538,2963,2539,564,792,1893,1855
1008,2362,1032,2325,956,2363,2019,2324,2247,2285,1038
1009,1719,1765,1808,1802,1767,997,1760,1762,1763,1685
1010,723,725,685,687,762,764,763,761,724,765
1011,32,34,74,66,38,37,68,35,114,73
1012,1115,1114,1120,1049,1112,1083,1109,1121,1152,1080
1013,1302,1493,1717,1719,2023,995,1460,1262,997,1763
1014,859,2643,2682,2645,826,2603,888,2642,824,2601
1015,2464,2546,2467,2469,2508,2465,2505,2507,2545,2542
1016,422,425,462,460,426,464,465,384,500,2978
1017,1277,1278,1583,1243,1298,1297,1282,2994,1206,1340
1018,1224,1226,1149,1228,1189,1190,1227,1230,1188,1192
1019,1978,1979,1980,1939,2017,2931,2016,2054,2167,953
1020,2086,1631,1401,1671,1706,1629,1668,2124,2930,1669
1021,353,422,424,388,350,3032,387,348,426,352
1022,2930,2124,2087,2049,2088,2466,3006,2164,2429,2467
1023,790,1130,2081,2421,2119,2214,2460,1435,824,2176
1024,2060,2062,2061,2104,2105,2023,2058,2063,2065,2102
1025,1131,972,1316,1012,1279,1432,974,975,1280,936
1026,342,798,874,341,1252,1140,1215,377,415,416
1027,3006,835,836,2389,2428,1556,2930,831,1671,1519
1028,1012,1049,2967,1128,1127,1129,1317,1354,1241,1239
1029,3004,1282,1280,1397,1245,1357,1358,1019,1324,1107
1030,304,263,303,266,302,261,2935,298,227,299
1031,467,460,423,425,462,464,465,310,500,503
1032,340,2935,342,378,263,303,1836,339,265,301
1033,529,532,491,451,528,452,568,606,489,570
1034,2790,2885,3028,2882,2884,2751,2917,2791,2847,2875
1035,1402,1858,798,1026,1440,1478,1062,757,760,1405
1036,417,414,380,341,494,416,418,377,415,379
1037,2601,2598,2643,2644,2603,2642,2604,2600,2560,2724
1038,1283,3004,1019,1243,937,1058,1279,972,1276,1316
1039,718,2545,681,721,2950,2733,2161,2165,2127,2166
1040,1243,1020,3025,1094,1019,1361,1055,1475,2994,3004
1041,2963,1133,2940,1237,1235,1274,2967,1020,3035,1200
1042,3014,1139,1174,1175,1212,1216,1140,1213,1176,1173
1043,1873,1916,1112,1109,1077,1644,1646,1722,2952,1918
1044,3030,1557,1520,1634,1558,1252,1632,2970,874,2989
1045,1245,1280,1282,1052,1055,3004,1054,675,1020,1358
1046,3029,789,859,891,825,934,751,824,892,862
1047,2485,2598,2475,2477,2478,2479,2484,2514,2519,2561
1048,1213,1250,1216,1212,1175,1252,1215,1214,1173,3014
1049,847,2252,2173,2210,2217,2254,2135,2213,1185,1946
1050,677,716,676,678,753,639,790,714,791,827
1051,424,425,353,343,382,422,426,384,387,2978
1052,1179,1181,1217,1445,1940,1978,2960,1255,1901,2091
1053,874,873,912,1557,379,1558,1935,1976,3030,1249
1054,2545,2165,2162,2126,2543,2546,1706,2127,2166,1783
1055,1091,1130,1012,1395,1738,1128,1131,1115,1245,1243
1056,490,530,529,493,491,532,531,492,494,569
1057,1027,1031,1028,2244,1068,1293,951,2205,2320,1030
1058,2609,2648,2647,2646,2487,2566,714,2608,2684,2525
1059,263,342,340,379,338,416,418,377,415,341
1060,1363,1060,1401,1023,1254,1059,1400,1024,1402,1176
1061,526,731,525,564,2197,523,730,602,829,640
1062,38,74,32,34,2937,145,10,28,36,108
1063,1125,888,785,820,934,85,87,1427,896,782
1064,2439,2476,2475,1357,1110,2481,1071,1319,1106,1182
1065,1012,896,2941,1239,1241,934,1354,1317,935,1011
1066,950,2689,2730,2767,2729,949,2691,2540,2938,2503
1067,951,2359,2244,2959,2281,2205,2320,953,2357,2319
1068,237,785,238,210,970,286,239,324,172,273
1069,590,555,553,592,554,587,589,624,556,520
1070,1250,1175,1212,1174,3014,1139,1176,1213,1173,1140
1071,2104,2062,1001,2067,2068,2105,2023,2027,2028,2069
1072,2967,1239,1241,1270,1276,1202,1237,1238,1274,1204
1073,417,339,720,377,418,759,1022,758,2048,2935
1074,2643,2603,2642,2601,2682,2644,2645,2602,2565,2640
1075,1073,1033,1072,2949,1110,1075,2936,1039,1042,1150
1076,2937,38,74,32,34,22,110,75,114,35
1077,985,684,1631,1364,722,1671,1706,983,984,1668
1078,187,304,189,262,226,227,2957,224,302,266
1079,1857,1858,1896,1895,1823,1859,1478,1176,3014,1174
1080,2751,2749,2790,2752,3028,2795,2834,2791,2704,2746
1081,569,607,798,646,3016,644,645,529,570,606
1082,1130,1623,1738,1625,2081,2421,2119,2460,1243,1011
1083,1037,1001,1038,1033,1840,1847,995,1794,1880,1070
1084,1055,1280,1009,1283,1019,982,1020,1282,981,1245
1085,384,2978,343,382,422,381,420,419,3024,347
1086,1254,1251,1288,1328,1252,1290,1596,1249,872,910
1087,1683,1155,1735,1772,2952,1691,1685,2219,1160,920
1088,1155,1113,1115,1154,1150,1153,1160,3007,1112,1111
1089,1294,1293,1295,1255,1028,1257,1066,1256,1217,1027
1090,38,37,114,75,32,34,73,107,74,2933
1091,1625,1660,1658,1623,1624,2998,1661,1698,1663,1776
1092,2668,2626,2666,2704,2548,2587,2625,2627,2707,2792
1093,1942,1905,875,1409,839,878,913,914,2208,2246
1094,683,640,718,645,719,680,679,641,677,682
1095,2956,1668,1671,1672,1291,988,1709,1634,1708,1670
1096,874,1215,988,1021,873,912,1249,1292,909,1252
1097,2332,2456,2328,2329,2291,2292,958,968,997,998
1098,1401,1366,1404,1403,1365,1363,1400,1402,1289,1326
1099,32,34,74,35,68,37,114,38,28,30
1100,2967,1055,1205,1128,927,1283,1130,1091,929,896
1101,2206,2167,2205,1218,951,2208,2243,2246,1181,1217
1102,1155,1091,1150,1113,1115,1154,1130,1156,1189,1190
1103,1783,1668,1671,1743,1781,1744,1746,1667,1708,1742
1104,1155,1009,1153,1160,1120,1151,1117,1424,1159,1121
1105,2967,1243,1130,3004,1280,1020,1241,1239,1054,1052
1106,1120,1349,1195,1265,1048,1110,1155,1237,1033,1235
1107,2666,2663,2704,2790,2781,2705,2700,2707,3018,2661
1108,2081,2119,1020,2464,2934,2502,2542,2463,847,2424
1109,1077,1112,2936,1114,1116,1075,1113,1110,1049,1080
1110,2956,1668,1671,1672,1634,1670,1708,1709,2996,1669
1111,934,1815,1130,958,1849,926,1775,957,994,997
1112,974,975,1001,1040,2151,2190,2189,2188,2228,2186
1113,2131,647,649,651,688,2055,620,878,2168,3023
1114,647,609,953,571,611,572,612,648,952,1030
1115,2328,2329,2370,2410,998,2289,999,2286,2287,2408
1116,1012,1011,1013,1009,1082,1045,1049,1050,1047,1159
1117,237,238,239,273,312,172,276,242,201,204
1118,377,416,418,415,874,417,454,456,414,1596
1119,2313,1821,1937,2315,1972,1976,1935,1938,2318,1975
1120,682,2731,1329,2540,2543,2938,950,2544,1102,1330
1121,1054,2081,2421,2460,2382,2420,2041,1053,1130,2345
1122,1522,1521,1561,1598,3034,1483,1484,1711,991,1028
1123,1213,1250,1175,1212,1216,1252,874,1139,1173,1214
1124,2048,2047,2044,2124,2007,2013,2050,1019,1817,1665
1125,263,227,265,262,304,300,266,183,302,342
1126,1667,1705,1741,1629,2046,1591,1627,2387,2425,982
1127,2256,1954,2260,998,2179,2219,2254,2257,2295,2332
1128,2618,2239,2581,795,1823,1859,2579,2622,2201,2237
1129,1077,1116,1049,1384,1080,1081,1118,1112,1123,1011
1130,367,401,476,400,403,404,475,478,438,366
1131,88,125,127,120,93,130,53,118,87,117
1132,1155,1150,1113,1115,1154,1153,1160,1156,1189,1190
1133,1153,1012,1150,2936,1075,1035,1110,1420,1151,1343
1134,764,729,766,728,731,763,726,727,734,768
1135,842,802,838,840,807,811,848,763,801,769
1136,362,400,403,328,367,478,291,364,365,404
1137,414,417,341,380,416,418,377,415,379,263
1138,829,1323,754,1475,1020,2650,867,904,293,792
1139,2415,2967,934,1241,1239,1302,931,2414,2454,2373
1140,2711,2884,2887,2752,2790,2885,2791,2845,2849,2850
1141,680,2693,683,646,684,2938,682,607,645,642
1142,324,362,286,323,358,247,397,288,361,287
1143,2994,1207,933,1245,3004,2526,2530,1350,1313,1243
1144,2219,886,1442,1691,1735,1772,1994,1402,1154,1744
1145,2941,1093,1013,1011,1016,709,781,1017,1082,745
1146,1292,1253,1402,1406,1405,1444,1329,1252,1290,1291
1147,1099,1063,1097,796,1059,1098,1136,1402,1250,1060
1148,1686,1679,1681,1687,2952,1417,1680,1682,1185,1452
1149,874,873,912,911,797,1249,909,1252,1215,1214
1150,1125,1155,1121,2967,1120,1166,1115,1161,1162,1198
1151,874,873,912,950,1249,909,1291,988,1215,1709
1152,2693,2655,2770,2930,2124,1367,718,2163,988,1292
1153,1064,1022,1026,1023,1021,1063,1102,1024,1025,1060
1154,988,1292,1099,1026,1063,1406,1102,1097,1329,1364
1155,1251,1290,1252,2658,2659,2660,1254,1215,1214,1328
1156,267,229,609,231,571,611,572,952,533,610
1157,2967,1277,1278,1125,1241,1239,1204,1274,1237,1238
1158,263,340,417,2935,418,377,379,342,378,303
1159,1668,1671,1708,2011,2048,2052,2051,2086,1670,987
1160,1737,2945,2980,1736,1954,1738,2252,1774,1965,1691
1161,1940,2960,1902,1901,1978,1673,1711,1712,1903,2130
1162,1253,3038,1364,1291,1060,1064,1140,1368,1026,1213
1163,1250,1254,2943,1288,1212,1175,1253,1211,1251,874
1164,974,975,1010,896,1277,1278,1239,1241,934,973
1165,796,1518,1482,1823,1136,1212,1175,1824,1444,1480
1166,605,644,607,608,567,646,3016,640,565,569
1167,1076,1315,1313,1350,708,742,746,2412,2337,2488
1168,671,633,744,670,667,669,777,708,707,742
1169,1367,1364,1059,1025,1292,1402,1022,1363,1060,3038
1170,324,364,362,401,476,2995,286,400,365,403
1171,237,2679,2720,2638,238,478,2637,2718,2680,2681
1172,1073,1115,1039,1279,972,1316,1012,1075,2936,1114
1173,2322,2360,2323,2362,2326,2327,2364,3015,2363,2284
1174,956,1228,1222,2992,1205,1266,1268,993,1230,1258
1175,2240,1861,1821,2278,2929,1896,1899,2239,1858,795
1176,1671,1706,1668,1783,1744,988,1746,1402,1669,1667
1177,1632,1556,1557,1251,1630,1668,1671,2970,1252,1596
1178,797,836,835,798,1173,1211,832,1212,1175,1140
1179,831,835,836,798,757,988,948,947,646,1630
1180,884,922,851,881,847,885,921,883,2175,919
1181,340,263,303,265,301,304,2935,417,414,266
1182,38,28,36,2937,32,34,74,22,37,68
1183,362,328,361,325,291,364,365,324,2995,286
1184,949,1022,984,950,987,1021,982,1023,947,682
1185,1038,1302,1239,1241,2967,995,1228,997,998,1032
1186,162,164,3012,163,168,166,165,161,121,123
1187,2847,830,2318,2767,2730,982,2809,2356,2242,379
1188,906,944,869,1019,982,981,1020,1248,1286,1057
1189,874,873,912,1215,950,872,910,871,909,1249
1190,2659,2660,2619,2735,2984,835,874,836,2581,1249
1191,2544,2543,2124,2163,1744,2047,2048,988,1746,2162
1192,1255,1218,1256,1257,1217,951,1179,1141,1294,1219
1193,1112,1155,1075,2936,1114,1116,1113,1115,1154,1153
1194,263,342,340,303,265,301,380,304,2935,341
1195,1277,1278,972,1276,1279,1316,1012,1086,1083,1205
1196,684,682,683,2467,1022,2469,680,2767,679,643
1197,1028,1977,2053,2960,991,1029,2015,1217,1294,1218
1198,1012,2149,1809,1239,1241,1354,1317,2070,2110,2111
1199,2847,2809,2659,2660,1177,1558,2619,2735,2943,2880
1200,2548,2625,2668,2591,2626,2805,2509,2586,2794,2433
1201,2512,2511,2513,2433,2471,2547,2555,2588,2589,2510
1202,992,1255,1030,1031,1220,1222,994,996,1219,1256
1203,1279,972,1316,1012,1273,1277,1278,1282,1003,971
1204,781,2941,1049,1083,1086,813,816,782,850,1124
1205,3019,2521,6,13,2941,15,52,789,12,332
1206,2767,2769,2768,2728,2806,2731,2730,2772,2804,2729
1207,1281,1282,2994,1207,1245,1283,1243,1244,1586,1246
1208,929,896,1201,1205,934,1167,1199,1163,1129,1238
1209,1149,1189,1190,1264,1150,1224,1226,1229,1185,1267
1210,995,1979,2020,1981,994,996,955,2021,1939,2019
1211,1115,1683,1954,1125,1152,1119,1157,1196,1155,1121
1212,1744,1444,1746,1708,1402,1443,1745,1782,1784,1748
1213,683,719,794,757,645,760,988,755,720,718
1214,379,377,418,341,378,874,417,454,456,795
1215,263,303,340,265,304,301,2935,417,414,302
1216,1052,1319,1013,1358,1091,1092,1053,1009,1243,1011
1217,425,462,499,500,460,537,498,536,539,571
1218,2935,303,340,417,414,263,304,339,301,299
1219,1292,1328,1327,1329,2619,1330,1250,1254,1251,1291
1220,1427,1466,1431,1429,1428,1159,1464,1128,1122,1160
1221,1026,1364,1173,1059,1025,1363,988,1100,1140,1368
1222,1009,1160,1696,1123,1083,1086,1011,970,1077,1305
1223,2679,2720,2680,2681,2721,2638,2682,2645,2716,2759
1224,2769,806,807,846,2689,2635,773,808,809,810
1225,927,896,929,2967,934,1241,1239,966,931,970
1226,1065,1106,1146,1103,1104,1105,1142,1071,1073,1109
1227,1130,749,2941,781,784,783,786,785,1052,1663
1228,1557,1935,1976,3030,1972,1937,2315,2317,3027,1936
1229,158,196,154,157,156,197,120,155,115,153
1230,1027,1295,1028,1294,1257,1293,1521,2243,3034,1483
1231,377,418,379,455,417,454,456,493,341,491
1232,340,263,2935,417,414,303,378,342,339,265
1233,1012,1013,1048,1311,741,1354,1317,633,1011,1046
1234,1409,1220,1105,1103,1142,1219,1218,1181,1410,1106
1235,1315,1049,1393,1354,1317,1355,1083,1086,1115,2936
1236,161,164,3012,163,208,210,437,168,3032,160
1237,38,32,34,74,2937,35,114,68,184,37
1238,720,757,760,756,1059,1402,1060,1401,794,722
1239,1667,1705,1704,1666,1515,1593,1630,2944,1253,1477
1240,1557,1251,1976,3030,1249,1972,1970,1935,1937,909
1241,2680,2681,2643,2682,2644,2645,2684,2639,2565,2718
1242,406,369,444,403,442,408,367,479,3017,331
1243,951,953,989,992,2243,1939,2244,2207,2282,990
1244,997,998,1037,1304,959,1001,1034,1038,2333,2372
1245,312,422,424,350,426,425,462,460,310,346
1246,794,2584,684,793,1793,1794,683,2847,2356,1861
1247,2957,227,226,299,189,262,148,187,304,300
1248,497,953,498,571,611,991,1028,2017,459,572
1249,656,587,621,624,654,622,553,592,554,619
1250,760,757,798,756,720,794,796,755,494,988
1251,798,2581,795,1140,1026,1062,2582,1063,759,1102
1252,1279,972,1316,1012,1003,1273,1049,1393,971,1007
1253,1112,1077,1109,1113,2936,1114,1116,1075,1151,1043
1254,122,156,117,121,123,115,153,120,155,158
1255,2936,1075,1110,1111,1112,3007,2949,1279,972,1316
1256,343,382,381,420,2978,419,3024,422,383,3011
1257,2689,1376,2726,2695,2730,1377,1379,2691,2731,2767
1258,915,952,953,1219,1218,1257,1255,995,647,991
1259,1183,1677,2951,1181,1220,878,1371,1180,1144,1182
1260,1205,2967,1130,1125,1277,1278,1163,1129,1202,1241
1261,1679,1681,1685,2173,2210,1680,1950,2172,1683,1686
1262,2963,915,952,1133,829,959,2574,2272,953,2018
1263,2315,2317,2354,2352,2316,2313,1935,1976,2470,1249
1264,1557,2010,2009,1935,1976,3030,1972,1937,2011,2048
1265,640,646,684,3016,1324,1058,644,607,645,605
1266,782,821,787,783,857,1049,1115,781,784,859
1267,2601,2598,2475,2478,2514,2472,2643,2644,2600,2565
1268,2204,2356,2203,2127,2166,2165,2318,2950,1821,2278
1269,1091,2079,2118,1699,2041,1435,2081,1052,1433,1128
1270,2684,2480,2560,2603,2647,2642,2646,2604,2564,2686
1271,3038,1253,1252,1290,1254,1251,1215,1291,1214,949
1272,587,589,626,556,521,558,520,445,443,517
1273,1251,1254,874,1290,1252,873,912,1253,3038,1326
1274,517,481,588,587,589,620,656,590,555,556
1275,1130,864,1016,900,1245,1093,288,2532,749,1054
1276,1923,1886,1768,1583,1459,2936,1809,1846,1075,1620
1277,719,683,304,684,263,645,266,682,184,225
1278,1129,1163,1192,1330,1194,1130,1198,1125,1162,1083
1279,1269,1032,1304,1270,1306,1034,1038,1216,3014,1266
1280,1148,1153,1188,1186,1147,1150,1383,1185,1151,1109
1281,1881,1878,1879,1919,1876,2946,1956,1807,1964,1920
1282,2261,2299,2338,2303,2263,2302,2991,2264,2298,2304
1283,1254,1251,1252,1290,1325,1364,640,1022,3038,1253
1284,1885,2189,2188,1922,2186,2187,2112,2115,1924,2108
1285,1075,2936,1110,3007,1112,1111,1149,1228,1189,1190
1286,1744,1783,1823,1859,1481,1861,1862,1519,1857,1894
1287,340,1747,1779,1818,1744,2123,263,489,1856,1781
1288,781,1083,1086,813,1049,816,782,850,1160,1127
1289,1205,1167,1175,1212,2967,1173,1129,2943,1216,1238
1290,2219,1192,1154,1150,1160,1724,3020,1466,1995,2299
1291,2260,2258,2256,2219,1995,2299,2338,1155,1954,1683
1292,2790,2751,2795,2834,2791,3028,2838,2839,2875,2666
1293,864,896,934,1201,1167,2967,1199,1205,898,897
1294,2767,2730,2769,2693,2690,2768,2772,2691,2731,2729
1295,3030,1252,1213,1557,1558,1520,1824,874,1823,1860
1296,83,60,54,162,84,773,810,138,44,253
1297,1860,1709,1520,758,1482,3014,1406,1900,1857,1862
